Fighter_Id,Full Name,Nickname,Ht.,Wt.,Stance,W,L,D,Belt,Round,Avg Fight Time,KD,STR,TD,SUB,Ctrl,Sig. Str. %,Head_%,Body_%,Leg_%,Distance_%,Clinch_%,Ground_%,Sub. Att,Weight_Class,Gender,DEC Count,KO Rate,SUB Rate,DEC Rate,Fighting Style,Total_Fights,Win_Rate
b361180739bed4b0,David Abbott,Tank,6.0,265.0,Switch,10,15,0,0,1.11,284.61,0.22,8.67,0.56,0.22,41.0,0.5,0.45,0.28,0.0,0.32,0.35,0.38,0.22,Heavyweight,Male,1.0,0.62,0.25,0.12,Hybrid,25,0.4
3329d692aea4dc28,Hamdy Abdelwahab,The Hammer,6.2,265.0,Southpaw,7,1,0,0,3.0,900.0,0.25,71.75,3.25,0.0,275.25,0.55,0.48,0.78,0.78,0.5,0.4,0.54,0.0,Heavyweight,Male,3.0,0.0,0.0,1.0,Striker,8,0.875
841695e02c99a521,Mansur Abdul-Malik,No Nickname,6.2,185.0,Orthodox,9,0,1,0,1.75,343.25,0.25,21.25,0.5,0.25,42.75,0.48,0.47,0.56,0.25,0.34,0.41,0.72,0.25,Middleweight,Male,0.0,0.67,0.33,0.0,Hybrid,10,0.9
2f5cbecbbe18bac4,Shamil Abdurakhimov,Abrek,6.3,235.0,Orthodox,20,8,0,0,2.18,567.45,0.27,25.64,1.0,0.09,99.36,0.43,0.37,0.42,0.68,0.3,0.38,0.38,0.09,Heavyweight,Male,1.0,0.8,0.0,0.2,Hybrid,28,0.7142857142857143
5140122c3eecd307,Daichi Abe,No Nickname,5.11,170.0,Orthodox,6,2,0,0,3.0,900.0,0.33,57.0,0.33,0.0,7.33,0.33,0.25,0.41,0.81,0.31,0.39,0.56,0.0,Welterweight,Male,1.0,0.0,0.0,1.0,Hybrid,8,0.75
c9f6385af6df66d7,Papy Abedi,Makambo,5.11,185.0,Southpaw,10,4,0,0,2.0,519.25,0.0,26.75,1.75,1.0,183.75,0.49,0.4,0.74,0.52,0.36,0.61,0.53,1.0,Welterweight,Male,1.0,0.0,0.5,0.5,Wrestler,14,0.7142857142857143
aa6e591c2a2cdecd,Ricardo Abreu,Demente,5.11,185.0,Orthodox,5,1,0,0,2.5,633.0,1.0,50.0,0.0,0.5,44.0,0.32,0.26,0.64,0.81,0.28,0.5,0.38,0.5,Middleweight,Male,1.0,0.0,0.5,0.5,Hybrid,6,0.8333333333333334
2620f3eb21c79614,Scott Adams,No Nickname,6.0,225.0,Southpaw,8,1,0,0,1.0,189.0,0.0,0.0,1.0,4.0,77.0,0.398,0.0,0.0,0.0,0.0,0.0,0.0,4.0,Heavyweight,Male,0.0,0.0,1.0,0.0,Wrestler,9,0.8888888888888888
83b00f7597e5ac83,Juan Adams,The Kraken,6.5,265.0,Orthodox,5,3,0,0,2.0,430.5,0.25,33.75,0.25,0.0,36.5,0.51,0.45,0.46,0.75,0.51,0.56,0.58,0.0,Heavyweight,Male,0.0,1.0,0.0,0.0,Hybrid,8,0.625
1338e2c7480bdf9e,Israel Adesanya,The Last Stylebender,6.4,185.0,Switch,24,5,0,0,3.67,1055.0,0.22,65.06,0.33,0.0,38.44,0.45,0.33,0.59,0.83,0.43,0.49,0.34,0.0,Middleweight,Male,7.0,0.3,0.0,0.7,Hybrid,29,0.8275862068965517
a08ddd04eaffd81d,Mariya Agapova,Money Mashka,5.6,125.0,Southpaw,10,5,0,0,1.83,394.33,0.17,23.0,0.83,0.33,89.33,0.44,0.34,0.65,0.55,0.36,0.6,0.13,0.33,Women's Flyweight,Female,0.0,0.33,0.67,0.0,Hybrid,15,0.6666666666666666
8f382b3baa954d2a,Jessica Aguilar,Jag,5.3,115.0,Orthodox,20,8,0,0,2.6,764.2,0.0,72.0,0.0,0.2,74.0,0.51,0.27,0.8,0.77,0.29,0.77,0.33,0.2,Women's Strawweight,Female,2.0,0.0,0.0,1.0,Striker,28,0.7142857142857143
cf946e03ba2e7666,Kevin Aguilar,Angel of Death,5.7,155.0,Orthodox,17,5,0,0,2.67,783.5,0.33,56.5,0.67,0.0,66.0,0.47,0.4,0.72,0.64,0.44,0.56,0.39,0.0,Featherweight,Male,1.0,0.5,0.0,0.5,Striker,22,0.7727272727272727
c051c2e12d692b8a,Jesus Aguilar,No Nickname,5.4,125.0,Orthodox,12,3,0,0,2.0,522.67,0.0,25.17,0.83,0.67,91.67,0.57,0.3,0.9,0.65,0.57,0.32,0.31,0.67,Flyweight,Male,2.0,0.0,0.0,1.0,Striker,15,0.8
16690d100f995f8f,Omari Akhmedov,Wolverine,6.0,185.0,Orthodox,21,6,1,0,2.53,720.6,0.2,34.33,1.4,0.13,109.93,0.41,0.35,0.53,0.62,0.36,0.44,0.49,0.13,Middleweight,Male,4.0,0.17,0.17,0.67,Hybrid,28,0.75
b0550072e5f0afa7,Yoshihiro Akiyama,No Nickname,5.1,170.0,Orthodox,14,6,0,0,2.71,784.57,0.14,50.0,2.0,0.14,205.57,0.36,0.3,0.61,0.61,0.35,0.36,0.46,0.14,Welterweight,Male,4.0,0.0,0.0,1.0,Hybrid,20,0.7
1fc64507a0cb38cf,Rostem Akman,No Nickname,5.1,170.0,Switch,6,2,0,0,3.0,900.0,0.5,37.5,0.5,0.0,32.0,0.26,0.2,0.4,0.93,0.25,0.64,0.0,0.0,Welterweight,Male,1.0,0.0,0.0,1.0,Hybrid,8,0.75
597499ac7a5aac62,Abdul-Kareem Al-Selwady,Pride of Palestine,5.8,155.0,Orthodox,15,4,0,0,3.0,649.0,1.0,39.0,4.0,0.0,87.0,0.43,0.46,0.4,0.0,0.29,1.0,0.76,0.0,Lightweight,Male,0.0,1.0,0.0,0.0,Striker,19,0.7894736842105263
1897b7b913736a7c,Alatengheili,The Mongolian Knight,5.5,135.0,Orthodox,17,10,2,0,2.78,805.22,0.11,36.67,1.33,0.0,104.78,0.33,0.29,0.58,0.64,0.33,0.15,0.33,0.0,Bantamweight,Male,3.0,0.25,0.0,0.75,Hybrid,29,0.5862068965517241
6d35bf94f7d30241,Amir Albazi,The Prince,5.5,125.0,Orthodox,17,2,0,0,3.0,864.83,0.33,47.0,1.33,0.17,136.17,0.38,0.31,0.79,0.71,0.33,0.19,0.46,0.17,Flyweight,Male,1.0,0.33,0.33,0.33,Hybrid,19,0.8947368421052632
7bd94b60d7521e4a,John Albert,Prince,5.8,135.0,Orthodox,6,5,0,0,1.2,264.0,0.0,12.2,0.2,1.8,104.0,0.52,0.42,0.44,0.73,0.47,0.27,0.62,1.8,Bantamweight,Male,0.0,0.0,1.0,0.0,Wrestler,11,0.5454545454545454
c482c8605455a213,Junior Albini,Baby,6.3,264.0,Orthodox,14,6,0,0,1.6,349.6,0.2,31.8,0.2,0.0,28.4,0.54,0.45,0.51,0.9,0.48,0.72,0.2,0.0,Heavyweight,Male,1.0,0.5,0.0,0.5,Hybrid,20,0.7
e76d9f656ceb82ab,Aleksandra Albu,Stitch,5.2,115.0,Orthodox,3,2,0,0,2.25,593.75,0.0,46.5,1.0,0.25,175.25,0.56,0.39,0.65,0.84,0.44,0.6,0.29,0.25,Women's Strawweight,Female,0.0,0.0,1.0,0.0,Striker,5,0.6
2f95a3c6d58b2aad,Iuri Alcantara,Marajo,5.9,135.0,Southpaw,35,10,0,0,2.22,580.78,0.11,25.28,1.39,0.44,144.06,0.47,0.38,0.67,0.45,0.36,0.52,0.54,0.44,Bantamweight,Male,8.0,0.25,0.08,0.67,Wrestler,45,0.7777777777777778
7c6e87729e824ef4,Ildemar Alcantara,Marajo,6.2,185.0,Orthodox,21,11,0,0,2.86,837.0,0.0,27.0,1.29,0.14,176.71,0.38,0.32,0.65,0.62,0.33,0.84,0.42,0.14,Middleweight,Male,3.0,0.0,0.0,1.0,Striker,32,0.65625
578ef12674df1e6a,Irene Aldana,No Nickname,5.9,135.0,Orthodox,15,8,0,0,3.0,879.36,0.14,80.36,0.14,0.21,38.29,0.41,0.35,0.66,0.74,0.39,0.72,0.2,0.21,Women's Bantamweight,Female,4.0,0.29,0.14,0.57,Hybrid,23,0.6521739130434783
d0f3959b4a9747e6,Jose Aldo,No Nickname,5.7,135.0,Orthodox,32,10,0,0,3.43,990.57,0.26,68.87,0.61,0.13,152.61,0.48,0.41,0.66,0.84,0.44,0.63,0.38,0.13,Bantamweight,Male,13.0,0.32,0.0,0.68,Striker,42,0.7619047619047619
6fd953151d981979,JJ Aldrich,No Nickname,5.5,125.0,Southpaw,14,7,0,0,2.81,826.75,0.0,51.62,0.56,0.06,60.75,0.4,0.34,0.7,0.71,0.38,0.65,0.29,0.06,Women's Flyweight,Female,5.0,0.0,0.0,1.0,Hybrid,21,0.6666666666666666
103e2e33a60683e1,Irina Alekseeva,Russian Ronda,5.8,135.0,Orthodox,5,4,0,0,2.25,591.25,0.0,42.0,0.25,0.0,157.5,0.43,0.36,0.38,0.54,0.43,0.46,0.31,0.0,Women's Bantamweight,Female,2.0,0.0,0.0,1.0,Hybrid,9,0.5555555555555556
d35298b6df168456,Talita Alencar,Problem Child,5.1,115.0,Orthodox,7,1,1,0,3.0,894.0,0.0,42.0,1.5,0.5,106.0,0.4,0.35,0.54,0.49,0.35,0.6,0.69,0.5,Women's Strawweight,Female,0.0,0.0,1.0,0.0,Striker,9,0.7777777777777778
fe5a9547479396ab,Jim Alers,The Beast,5.9,145.0,Orthodox,13,3,0,0,2.5,698.25,0.0,48.0,0.75,0.25,80.25,0.43,0.33,0.61,0.85,0.39,0.64,0.36,0.25,Featherweight,Male,1.0,0.0,0.0,1.0,Hybrid,16,0.8125
7a15f3694c5cbc02,John Alessio,The Natural,5.1,155.0,Orthodox,35,17,0,0,2.8,800.6,0.0,19.0,1.0,0.6,148.6,0.35,0.23,0.4,0.8,0.22,0.68,0.4,0.6,Lightweight,Male,1.0,0.0,0.0,1.0,Wrestler,52,0.6730769230769231
0541480fbf719d86,Houston Alexander,The Assassin,6.0,205.0,Orthodox,17,15,1,0,1.33,252.5,0.5,15.33,0.17,0.0,18.17,0.45,0.35,0.46,0.62,0.38,0.56,0.43,0.0,Light Heavyweight,Male,0.0,1.0,0.0,0.0,Hybrid,33,0.5151515151515151
d53482bef23235ba,Marcio Alexandre Junior,Lyoto,6.0,185.0,Southpaw,17,4,0,0,3.0,808.33,0.33,28.33,1.0,0.67,200.33,0.53,0.44,0.71,0.92,0.52,0.33,0.47,0.67,Welterweight,Male,1.0,0.0,0.5,0.5,Striker,21,0.8095238095238095
9abc648e76c4493a,Bill Algeo,Senor Perfecto,6.0,145.0,Switch,18,9,0,0,2.5,696.8,0.1,54.4,1.1,0.2,138.7,0.51,0.43,0.61,0.79,0.46,0.66,0.54,0.2,Featherweight,Male,1.0,0.5,0.25,0.25,Striker,27,0.6666666666666666
e70de1859b7ee78e,Sultan Aliev,No Nickname,5.11,170.0,Orthodox,15,3,0,0,2.25,640.5,0.0,16.75,0.75,0.25,129.75,0.45,0.33,0.63,0.32,0.4,0.7,0.5,0.25,Welterweight,Male,1.0,0.0,0.0,1.0,Hybrid,18,0.8333333333333334
ca28cdf526d6b6e9,Nurullo Aliev,Tajik Eagle,5.1,155.0,Orthodox,11,0,0,0,3.0,900.0,0.0,30.67,1.0,1.0,265.0,0.39,0.31,0.74,0.78,0.39,0.38,0.46,1.0,Lightweight,Male,2.0,0.0,0.0,1.0,Wrestler,11,1.0
b07aed698fba8624,Ikram Aliskerov,No Nickname,6.0,185.0,Southpaw,17,2,0,0,1.4,312.0,0.4,36.6,1.0,0.0,79.8,0.59,0.49,0.77,0.72,0.58,0.35,0.34,0.0,Middleweight,Male,1.0,0.67,0.0,0.33,Striker,19,0.8947368421052632
040a74bb0a465c54,Arnold Allen,Almighty,5.8,145.0,Southpaw,20,3,0,0,2.92,817.15,0.23,40.15,1.23,0.15,115.85,0.39,0.34,0.61,0.52,0.36,0.34,0.32,0.15,Featherweight,Male,7.0,0.11,0.11,0.78,Hybrid,23,0.8695652173913043
2f181c0467965b98,Brendan Allen,All In,6.2,185.0,Orthodox,26,7,0,0,2.5,693.28,0.22,42.5,1.17,0.44,206.83,0.55,0.52,0.67,0.73,0.49,0.51,0.51,0.44,Middleweight,Male,4.0,0.3,0.3,0.4,Striker,33,0.7878787878787878
c4fe2e9a06ea5bcb,Ben Alloway,Blanco,5.11,170.0,Orthodox,18,8,0,0,1.67,485.33,0.33,19.67,2.0,0.33,202.67,0.56,0.46,0.75,0.81,0.51,0.55,0.48,0.33,Welterweight,Male,1.0,0.5,0.0,0.5,Striker,26,0.6923076923076923
8d3273573b85be09,Asu Almabayev,Zulfikar,5.4,125.0,Orthodox,23,3,0,0,2.86,778.43,0.0,24.43,2.29,1.0,203.29,0.46,0.38,0.61,0.61,0.41,0.51,0.69,1.0,Flyweight,Male,2.0,0.0,0.0,1.0,Wrestler,26,0.8846153846153846
a4dc0f2b95df4cc1,Bekzat Almakhan,The Turan Warrior,5.7,135.0,Orthodox,12,3,0,0,2.33,621.33,0.33,17.0,0.67,0.0,58.0,0.34,0.34,0.29,0.33,0.34,0.17,0.33,0.0,Bantamweight,Male,1.0,0.0,0.0,1.0,Hybrid,15,0.8
91186547a7f3f758,Ricardo Almeida,Big Dog,6.0,170.0,Orthodox,13,5,0,0,2.27,618.27,0.0,18.27,2.36,1.09,205.0,0.53,0.34,0.79,0.6,0.48,0.58,0.55,1.09,Welterweight,Male,3.0,0.0,0.5,0.5,Wrestler,18,0.7222222222222222
2b074403b7c6cdb4,Thomas Almeida,Thominhas,5.7,145.0,Southpaw,22,5,0,0,2.1,539.7,0.6,45.7,0.3,0.0,17.0,0.41,0.35,0.55,0.7,0.39,0.56,0.26,0.0,Bantamweight,Male,2.0,0.67,0.0,0.33,Hybrid,27,0.8148148148148148
41e83a89929d1327,Jailton Almeida,Malhadinho,6.3,237.0,Orthodox,22,4,0,0,1.8,459.4,0.0,13.8,3.0,0.9,312.2,0.59,0.55,0.4,0.13,0.51,0.2,0.44,0.9,Heavyweight,Male,1.0,0.33,0.5,0.17,Wrestler,26,0.8461538461538461
710f0f8c5d5c9d41,Lucas Almeida,No Nickname,5.11,145.0,Orthodox,15,5,0,0,2.17,529.5,0.5,34.33,0.33,0.0,45.5,0.46,0.28,0.55,0.66,0.42,0.58,0.35,0.0,Featherweight,Male,0.0,1.0,0.0,0.0,Hybrid,20,0.75
64d47ef881a437a4,Cesar Almeida,Cesinha,6.1,185.0,Orthodox,7,1,0,0,2.25,622.25,0.5,29.75,2.0,0.25,252.5,0.49,0.33,0.79,0.64,0.46,0.5,0.4,0.25,Middleweight,Male,2.0,0.33,0.0,0.67,Striker,8,0.875
e87a13e02c01331d,Ali AlQaisi,The Royal Fighter,5.6,135.0,Orthodox,8,5,0,0,3.0,900.0,0.0,33.5,1.0,2.5,115.5,0.39,0.3,0.67,0.8,0.37,0.7,0.0,2.5,Bantamweight,Male,1.0,0.0,0.0,1.0,Wrestler,13,0.6153846153846154
dc7927cd622676a7,Victor Altamirano,El Magnifico,5.8,125.0,Switch,12,5,0,0,2.67,786.5,0.17,49.17,1.0,0.17,84.0,0.46,0.37,0.62,0.93,0.46,0.42,0.44,0.17,Flyweight,Male,3.0,0.0,0.0,1.0,Striker,17,0.7058823529411765
33a331684283900f,Eddie Alvarez,No Nickname,5.9,155.0,Orthodox,29,6,0,0,2.38,667.38,0.62,54.75,0.25,0.25,26.88,0.38,0.34,0.67,0.62,0.36,0.6,0.3,0.25,Lightweight,Male,0.0,1.0,0.0,0.0,Hybrid,35,0.8285714285714286
58bbef3770bb2dfc,Joel Alvarez,El Fenomeno,6.3,155.0,Orthodox,23,3,0,0,1.9,471.5,0.1,25.8,0.3,0.3,27.0,0.53,0.43,0.64,0.72,0.49,0.38,0.25,0.3,Welterweight,Male,0.0,0.75,0.25,0.0,Hybrid,26,0.8846153846153846
31ee470ef5dc8d7f,Thiago Alves,Pitbull,5.9,170.0,Orthodox,23,15,0,0,2.41,659.15,0.56,42.44,0.56,0.3,85.0,0.45,0.32,0.72,0.71,0.42,0.57,0.44,0.3,Welterweight,Male,8.0,0.42,0.16,0.42,Striker,38,0.6052631578947368
d317a5e2b3f88c5f,Warlley Alves,No Nickname,5.11,185.0,Orthodox,15,8,0,0,2.31,597.31,0.19,39.38,0.44,0.31,123.38,0.5,0.37,0.77,0.73,0.45,0.58,0.3,0.31,Welterweight,Male,4.0,0.36,0.27,0.36,Striker,23,0.6521739130434783
029afd138865d20a,Rafael Alves,The Turn,5.8,155.0,Orthodox,20,12,0,0,2.5,649.5,0.0,28.75,1.5,0.0,313.75,0.41,0.3,0.5,0.64,0.3,0.25,0.52,0.0,Lightweight,Male,2.0,0.0,0.0,1.0,Hybrid,32,0.625
d156513a19acf856,Sam Alvey,Smile'N,6.2,185.0,Southpaw,33,18,1,0,2.17,577.58,0.38,34.17,0.33,0.08,51.12,0.47,0.36,0.68,0.68,0.44,0.55,0.2,0.08,Light Heavyweight,Male,5.0,0.36,0.18,0.45,Hybrid,52,0.6346153846153846
41cc71cbf210e0fe,Hyder Amil,The Hurricane,5.9,145.0,Switch,11,2,0,0,2.0,464.6,0.2,40.8,1.6,0.2,148.0,0.52,0.46,0.93,0.38,0.5,0.63,0.53,0.2,Featherweight,Male,2.0,0.33,0.0,0.67,Striker,13,0.8461538461538461
87a1dc546b1c5caf,Makwan Amirkhani,Mr. Finland,5.1,145.0,Southpaw,17,9,0,0,2.14,552.07,0.21,16.79,1.36,1.0,164.07,0.42,0.32,0.36,0.23,0.28,0.21,0.48,1.0,Featherweight,Male,1.0,0.33,0.5,0.17,Wrestler,26,0.6538461538461539
bc7d1ad49fcb2d08,Jaqueline Amorim,No Nickname,5.3,115.0,Orthodox,10,2,0,0,2.17,556.0,0.17,34.17,1.17,1.67,322.33,0.61,0.66,0.55,0.17,0.4,0.28,0.85,1.67,Women's Strawweight,Female,2.0,0.17,0.5,0.33,Wrestler,12,0.8333333333333334
cad24459b28592ca,Eryk Anders,Ya Boi,6.1,185.0,Southpaw,17,9,0,0,2.47,704.89,0.63,46.0,1.11,0.11,162.47,0.5,0.41,0.74,0.68,0.45,0.62,0.37,0.11,Catch Weight,Male,7.0,0.36,0.0,0.64,Striker,26,0.6538461538461539
5e4eec08896c9423,Corey Anderson,Overtime,6.3,205.0,Orthodox,14,5,0,0,2.4,650.67,0.13,36.6,2.47,0.13,166.67,0.47,0.43,0.67,0.71,0.4,0.64,0.63,0.13,Light Heavyweight,Male,3.0,0.62,0.0,0.38,Striker,19,0.7368421052631579
a0e75f4a13eb73f1,Megan Anderson,No Nickname,6.0,145.0,Orthodox,11,5,0,0,1.33,289.33,0.17,11.67,0.33,0.33,63.83,0.52,0.37,0.36,0.43,0.32,0.43,0.27,0.33,Women's Featherweight,Female,0.0,0.33,0.67,0.0,Hybrid,16,0.6875
6a1901c62ab3870f,Jessica Andrade,Bate Estaca,5.1,115.0,Orthodox,26,15,0,0,2.13,572.6,0.27,51.87,1.1,0.47,95.8,0.51,0.4,0.76,0.69,0.43,0.61,0.44,0.47,Women's Strawweight,Female,7.0,0.26,0.37,0.37,Striker,41,0.6341463414634146
d221ee27afc7a60e,Viscardi Andrade,No Nickname,5.11,170.0,Orthodox,19,6,0,0,2.5,699.0,0.5,45.25,0.75,0.0,152.0,0.46,0.42,0.6,0.83,0.43,0.54,0.5,0.0,Welterweight,Male,2.0,0.33,0.0,0.67,Striker,25,0.76
00debc804e2b1cd4,Dylan Andrews,The Villain,6.1,185.0,Switch,18,7,0,0,1.8,444.8,0.2,23.0,0.8,0.2,119.2,0.63,0.59,0.56,0.29,0.49,0.64,0.87,0.2,Middleweight,Male,0.0,0.8,0.2,0.0,Striker,25,0.72
047a91d3d9c79b05,Collin Anglin,No Nickname,5.9,145.0,Orthodox,8,3,0,0,1.5,340.0,0.5,26.0,0.0,0.0,42.0,0.39,0.34,0.5,0.5,0.36,0.5,0.34,0.0,Featherweight,Male,0.0,1.0,0.0,0.0,Hybrid,11,0.7272727272727273
c7c39e2fb70248b3,Chad Anheliger,The Monster,5.6,135.0,Orthodox,13,8,0,0,3.0,880.4,0.4,43.2,2.4,1.0,298.4,0.45,0.43,0.5,0.59,0.37,0.24,0.62,1.0,Bantamweight,Male,2.0,0.25,0.25,0.5,Wrestler,21,0.6190476190476191
d802174b0c0c1f4e,Magomed Ankalaev,No Nickname,6.3,205.0,Orthodox,21,2,1,0,2.62,708.62,0.5,42.44,0.44,0.0,145.19,0.53,0.41,0.7,0.89,0.48,0.65,0.62,0.0,Light Heavyweight,Male,3.0,0.67,0.0,0.33,Striker,24,0.875
af997f7611673880,Gadzhimurad Antigulov,No Nickname,5.11,205.0,Orthodox,20,8,0,0,1.17,206.83,0.5,16.0,0.33,0.0,49.83,0.57,0.55,0.46,0.17,0.4,0.57,0.34,0.0,Light Heavyweight,Male,0.0,1.0,0.0,0.0,Hybrid,28,0.7142857142857143
4665f9f909cd7214,Shinsho Anzai,Animal,5.7,170.0,Orthodox,10,3,0,0,2.0,492.0,0.0,29.25,1.25,0.25,185.25,0.62,0.55,0.91,0.27,0.55,0.76,0.48,0.25,Welterweight,Male,1.0,0.33,0.33,0.33,Striker,13,0.7692307692307693
7d420039bbfe7c1a,Aoriqileng,The Mongolian Murderer,5.7,135.0,Orthodox,26,12,0,0,2.22,584.56,0.44,53.56,0.44,0.0,65.89,0.62,0.46,0.77,0.78,0.61,0.51,0.35,0.0,Bantamweight,Male,3.0,0.25,0.0,0.75,Striker,38,0.6842105263157895
71002dbc1743b9a7,Felipe Arantes,Sertanejo,5.8,135.0,Orthodox,18,10,1,0,2.5,722.58,0.5,33.75,1.08,0.5,162.83,0.43,0.36,0.49,0.63,0.38,0.36,0.57,0.5,Bantamweight,Male,5.0,0.14,0.14,0.71,Wrestler,29,0.6206896551724138
dbea8c1cb327ab3d,Igor Araujo,No Nickname,6.1,170.0,Orthodox,25,9,0,0,2.75,787.75,0.25,36.0,1.75,1.5,363.5,0.49,0.43,0.82,0.57,0.24,0.84,0.67,1.5,Welterweight,Male,2.0,0.33,0.0,0.67,Wrestler,34,0.7352941176470589
36541f1e6c5d4955,Viviane Araujo,Vivi,5.4,125.0,Orthodox,13,7,0,0,3.15,926.77,0.0,64.77,1.38,0.38,204.08,0.46,0.39,0.72,0.89,0.44,0.43,0.41,0.38,Women's Flyweight,Female,6.0,0.0,0.0,1.0,Striker,20,0.65
1291edf2d566a71a,Julio Arce,No Nickname,5.7,145.0,Southpaw,19,6,0,0,2.7,732.4,0.6,51.8,0.2,0.1,88.9,0.36,0.29,0.6,0.88,0.34,0.52,0.34,0.1,Featherweight,Male,4.0,0.38,0.12,0.5,Hybrid,25,0.76
87f8699fdcc2c404,Alice Ardelean,No Nickname,5.3,115.0,Orthodox,11,7,0,0,3.0,900.0,0.0,91.25,1.0,0.0,116.5,0.44,0.4,0.69,0.84,0.44,0.55,0.2,0.0,Women's Strawweight,Female,1.0,0.0,0.0,1.0,Striker,18,0.6111111111111112
e4ba58725825412d,Dan Argueta,The Determined,5.7,135.0,Southpaw,9,3,0,0,2.5,723.17,0.0,45.0,2.0,1.17,221.0,0.57,0.5,0.79,0.62,0.53,0.58,0.67,1.17,Bantamweight,Male,2.0,0.0,0.33,0.67,Wrestler,12,0.75
3738e68d2261e60f,Andrei Arlovski,The Pitbull,6.3,240.0,Orthodox,34,24,0,0,2.26,585.67,0.33,35.88,0.19,0.19,69.36,0.47,0.38,0.53,0.79,0.44,0.51,0.26,0.19,Heavyweight,Male,16.0,0.32,0.16,0.52,Hybrid,58,0.5862068965517241
bf0e700106d00e55,Austin Arnett,No Nickname,6.0,145.0,Orthodox,16,6,0,0,2.75,807.0,0.25,52.5,0.75,0.0,32.5,0.4,0.34,0.72,0.66,0.38,0.82,0.16,0.0,Featherweight,Male,0.0,1.0,0.0,0.0,Hybrid,22,0.7272727272727273
c136b2a8852da5bd,Akbarh Arreola,El Caballero,5.1,155.0,Southpaw,23,11,1,0,2.25,628.0,0.25,30.5,0.0,0.0,81.5,0.42,0.3,0.33,0.85,0.36,0.67,0.34,0.0,Lightweight,Male,1.0,0.0,0.0,1.0,Hybrid,35,0.6571428571428571
de62052b2ede65ba,Matt Arroyo,No Regard,5.1,170.0,Orthodox,3,3,0,0,2.0,567.33,0.0,15.33,1.33,3.33,104.0,0.51,0.47,0.47,0.61,0.23,0.16,0.92,3.33,Welterweight,Male,0.0,0.0,1.0,0.0,Wrestler,6,0.5
61fb8098ccf81c7f,Antonio Arroyo,No Nickname,6.3,185.0,Orthodox,9,5,0,0,3.0,848.67,0.0,29.33,1.0,0.67,124.67,0.56,0.41,0.77,1.0,0.56,0.33,0.67,0.67,Middleweight,Male,1.0,0.0,0.0,1.0,Striker,14,0.6428571428571429
49f78022126bf4a4,Cesar Arzamendia,Goku,5.11,155.0,Orthodox,8,3,0,0,1.0,184.5,1.5,16.0,0.0,0.0,26.0,0.42,0.42,0.66,0.5,0.32,0.58,0.82,0.0,Lightweight,Male,0.0,1.0,0.0,0.0,Hybrid,11,0.7272727272727273
b1d19449397541dc,Askar Askarov,Bullet,5.6,125.0,Orthodox,14,1,1,0,3.0,900.0,0.0,41.2,1.6,0.0,99.6,0.44,0.31,0.65,0.88,0.37,0.87,0.77,0.0,Flyweight,Male,1.0,0.0,0.0,1.0,Striker,16,0.875
9be6020024133293,Cyril Asker,Silverback,6.0,247.0,Orthodox,9,4,0,0,1.2,204.0,0.2,12.4,0.8,0.2,86.4,0.44,0.39,0.67,0.2,0.29,0.43,0.33,0.2,Heavyweight,Male,0.0,0.5,0.5,0.0,Hybrid,13,0.6923076923076923
06827d70c53ff0d9,Scott Askham,No Nickname,6.3,185.0,Southpaw,14,4,0,0,2.33,676.17,0.67,45.33,0.83,0.0,111.33,0.61,0.57,0.7,0.72,0.58,0.66,0.7,0.0,Middleweight,Male,2.0,0.5,0.0,0.5,Striker,18,0.7777777777777778
6e8f1bcdda94ff45,Ibo Aslan,The Last Ottoman,6.3,205.0,Orthodox,14,4,0,0,1.8,380.6,0.4,36.4,0.0,0.0,1.6,0.55,0.53,0.46,0.44,0.53,0.43,0.1,0.0,Light Heavyweight,Male,1.0,0.67,0.0,0.33,Hybrid,18,0.7777777777777778
399afbabc02376b5,Tom Aspinall,No Nickname,6.5,255.0,Orthodox,15,3,0,1,1.1,137.6,0.4,13.3,0.1,0.0,5.3,0.6,0.49,0.66,0.58,0.55,0.15,0.41,0.0,Heavyweight,Male,0.0,1.0,0.0,0.0,Hybrid,18,0.8333333333333334
d0d7160824278840,Junior Assuncao,No Nickname,5.9,145.0,Orthodox,16,6,0,0,2.0,517.8,0.2,28.6,1.4,0.4,238.6,0.51,0.45,0.65,0.65,0.42,0.56,0.63,0.4,Featherweight,Male,1.0,0.0,0.5,0.5,Striker,22,0.7272727272727273
2f13e4020cea5b38,Raphael Assuncao,No Nickname,5.5,135.0,Orthodox,28,10,0,0,2.58,716.37,0.32,44.58,0.89,0.21,104.21,0.45,0.34,0.6,0.77,0.42,0.49,0.49,0.21,Bantamweight,Male,10.0,0.24,0.18,0.59,Striker,38,0.7368421052631579
210935fd21670f6d,Rich Attonito,The Raging Bull,5.1,170.0,Orthodox,10,5,0,0,2.6,727.0,0.2,25.2,1.0,0.2,205.4,0.47,0.32,0.61,0.83,0.25,0.76,0.57,0.2,Welterweight,Male,2.0,0.33,0.0,0.67,Striker,15,0.6666666666666666
55ee431411ccf07a,Olivier Aubin-Mercier,The Canadian Gangster,5.9,155.0,Southpaw,11,5,0,0,2.67,731.25,0.17,35.42,1.92,0.5,294.75,0.48,0.4,0.64,0.69,0.41,0.67,0.57,0.5,Lightweight,Male,4.0,0.0,0.5,0.5,Striker,16,0.6875
196ed28337adc630,Pat Audinwood,Awesomely Awesome,6.0,155.0,Orthodox,11,2,1,0,2.0,563.5,0.5,38.5,0.0,0.0,12.0,0.48,0.36,0.74,0.37,0.48,0.5,0.16,0.0,Lightweight,Male,1.0,0.0,0.0,1.0,Hybrid,14,0.7857142857142857
04643fd03d9159cc,Marcus Aurelio,Maximus,5.1,155.0,Orthodox,22,10,0,0,2.33,647.5,0.17,25.5,0.83,0.5,90.17,0.41,0.39,0.58,0.67,0.29,0.41,0.51,0.5,Lightweight,Male,0.0,0.5,0.5,0.0,Hybrid,32,0.6875
86d9dbe1bfcbade7,Julia Avila,Raging Panda,5.7,135.0,Orthodox,9,4,0,0,2.67,709.33,0.17,39.5,0.67,0.67,195.67,0.43,0.39,0.7,0.43,0.33,0.35,0.39,0.67,Women's Bantamweight,Female,3.0,0.2,0.2,0.6,Wrestler,13,0.6923076923076923
6eaec40f724852f4,Jessin Ayari,No Nickname,6.0,155.0,Orthodox,16,6,0,0,2.5,693.0,0.0,40.75,0.0,0.25,16.0,0.32,0.27,0.55,0.92,0.31,0.44,0.2,0.25,Welterweight,Male,1.0,0.0,0.0,1.0,Hybrid,22,0.7272727272727273
46d0a888d87d91ac,Abu Azaitar,Captain Morocco,5.9,185.0,Orthodox,14,4,1,0,3.0,898.67,0.0,53.67,1.33,0.33,223.0,0.45,0.29,0.56,0.86,0.4,0.6,0.5,0.33,Middleweight,Male,1.0,0.0,0.0,1.0,Striker,19,0.7368421052631579
ee18ff42063174df,Ottman Azaitar,Bulldozer,5.8,155.0,Switch,13,3,0,0,1.2,224.8,0.4,21.4,0.0,0.0,13.2,0.52,0.48,0.61,0.44,0.47,0.67,0.45,0.0,Lightweight,Male,0.0,1.0,0.0,0.0,Hybrid,16,0.8125
2af2f2e26c4c0402,Hunter Azure,No Nickname,5.8,145.0,Orthodox,9,2,0,0,2.75,805.0,0.25,29.25,2.75,0.75,230.5,0.41,0.39,0.48,0.55,0.38,0.47,0.69,0.75,Bantamweight,Male,1.0,0.5,0.0,0.5,Wrestler,11,0.8181818181818182
39cc64bf0a269db9,Niklas Backstrom,No Nickname,6.1,145.0,Orthodox,11,3,0,0,1.67,411.33,0.33,25.0,1.0,0.33,140.0,0.55,0.48,0.56,0.6,0.37,0.58,0.76,0.33,Featherweight,Male,1.0,0.5,0.0,0.5,Striker,14,0.7857142857142857
fd5b6598a3b70c0a,Seth Baczynski,The Polish Pistola,6.3,170.0,Orthodox,20,14,0,0,2.09,548.55,0.36,27.27,0.45,0.27,64.64,0.48,0.37,0.66,0.58,0.39,0.52,0.48,0.27,Welterweight,Male,1.0,0.8,0.0,0.2,Hybrid,34,0.5882352941176471
c0ab242c40decc55,Ryan Bader,Darth,6.2,205.0,Orthodox,23,5,0,0,2.35,614.05,0.35,26.65,1.85,0.3,195.25,0.4,0.32,0.44,0.66,0.32,0.39,0.31,0.3,Light Heavyweight,Male,6.0,0.42,0.08,0.5,Hybrid,28,0.8214285714285714
4fcf6e0c4e0e6664,Izabela Badurek,No Nickname,5.5,115.0,Orthodox,6,3,0,0,2.0,514.0,0.0,42.0,0.0,1.0,108.0,0.67,0.65,0.67,1.0,0.6,0.93,0.0,1.0,Women's Strawweight,Female,0.0,0.0,1.0,0.0,Striker,9,0.6666666666666666
82d4c957649faf9b,Miguel Baeza,Caramel Thunder,6.2,170.0,Orthodox,10,4,0,0,2.29,582.71,0.43,62.43,1.0,0.14,112.57,0.55,0.44,0.73,0.77,0.46,0.6,0.6,0.14,Welterweight,Male,1.0,0.6,0.2,0.2,Striker,14,0.7142857142857143
3dd92ff9fb0412b3,Ali Bagautinov,Puncher,5.4,125.0,Orthodox,15,6,0,0,3.29,972.57,0.0,42.14,1.57,0.43,205.0,0.44,0.28,0.7,0.66,0.33,0.72,0.58,0.43,Flyweight,Male,1.0,0.0,0.0,1.0,Striker,21,0.7142857142857143
a52bc1e62cf0b7c6,Melsik Baghdasaryan,The Gun,5.9,145.0,Southpaw,8,3,0,0,2.2,577.4,0.0,33.8,0.8,0.0,81.4,0.46,0.32,0.55,0.85,0.44,0.58,0.0,0.0,Featherweight,Male,1.0,0.0,0.0,1.0,Hybrid,11,0.7272727272727273
aec185309b4843d0,Siyar Bahadurzada,The Great,5.11,170.0,Orthodox,24,8,1,0,2.5,680.38,0.5,33.0,1.12,0.12,101.38,0.38,0.32,0.52,0.53,0.33,0.43,0.48,0.12,Welterweight,Male,1.0,0.67,0.0,0.33,Hybrid,33,0.7272727272727273
e4a47b07044ddd72,Ignacio Bahamondes,La Jaula,6.3,155.0,Orthodox,17,6,0,0,2.33,644.44,0.11,54.11,0.44,0.0,86.0,0.42,0.32,0.74,0.8,0.41,0.54,0.21,0.0,Lightweight,Male,2.0,0.33,0.0,0.67,Hybrid,23,0.7391304347826086
04b39f4e8eb59d7c,Oluwale Bamgbose,Holy War Angel,5.11,185.0,Switch,6,4,0,0,1.8,382.4,0.0,15.2,1.0,0.0,98.2,0.53,0.28,0.49,0.71,0.38,0.38,0.12,0.0,Middleweight,Male,1.0,0.0,0.0,1.0,Hybrid,10,0.6
5c2ce761399dc9c5,Marcin Bandel,Bomba,5.1,155.0,Orthodox,15,7,0,0,1.5,228.0,0.0,17.0,0.0,1.0,97.5,0.57,0.6,0.5,0.25,0.46,0.5,0.4,1.0,Lightweight,Male,0.0,1.0,0.0,0.0,Wrestler,22,0.6818181818181818
2c2caf2f2bab9df5,Humberto Bandenay,No Nickname,5.11,145.0,Southpaw,14,7,0,0,2.0,466.25,0.0,27.25,1.25,0.25,142.75,0.6,0.49,0.68,0.38,0.57,0.43,0.2,0.25,Featherweight,Male,1.0,0.0,0.0,1.0,Striker,21,0.6666666666666666
9a2d3567abc02e34,Tae Hyun Bang,Supernatural,5.9,155.0,Switch,18,10,0,0,2.6,731.4,0.4,32.4,1.0,0.6,67.2,0.39,0.34,0.67,0.85,0.37,0.61,0.53,0.6,Lightweight,Male,1.0,0.0,0.5,0.5,Striker,28,0.6428571428571429
9c442aaf149ea982,Shauna Bannon,Mama B,5.5,115.0,Switch,7,2,0,0,2.5,680.0,0.0,51.5,1.0,0.75,149.75,0.5,0.44,0.64,0.57,0.42,0.73,0.42,0.75,Women's Strawweight,Female,2.0,0.0,0.5,0.5,Striker,9,0.7777777777777778
1c23ec2f1b71be40,Iwo Baraniewski,Rudy,6.0,205.0,Orthodox,6,0,0,0,1.0,89.0,2.0,22.0,0.0,0.0,11.0,0.68,0.67,0.75,1.0,0.43,1.0,0.83,0.0,Light Heavyweight,Male,0.0,1.0,0.0,0.0,Striker,6,1.0
2c99576fefe53c7c,Renan Barao,The Baron,5.6,145.0,Orthodox,34,9,0,0,3.0,830.47,0.41,54.53,0.88,0.24,104.47,0.39,0.31,0.59,0.74,0.37,0.55,0.33,0.24,Featherweight,Male,5.0,0.36,0.18,0.45,Striker,43,0.7906976744186046
6a740daf1b279661,Maycee Barber,The Future,5.5,125.0,Switch,14,2,0,0,2.58,734.0,0.0,44.83,1.25,0.17,224.25,0.52,0.45,0.72,0.64,0.43,0.67,0.49,0.17,Women's Flyweight,Female,3.0,0.5,0.0,0.5,Striker,16,0.875
a331233f597090a5,Bryan Barberena,Bam Bam,6.0,185.0,Southpaw,18,12,0,0,2.47,702.89,0.26,56.21,1.79,0.37,126.26,0.53,0.43,0.74,0.7,0.46,0.67,0.51,0.37,Welterweight,Male,4.0,0.29,0.14,0.57,Striker,30,0.6
27b388f0aab49780,Dione Barbosa,The Witch,5.6,125.0,Orthodox,8,4,0,0,2.5,738.25,0.0,27.75,1.5,0.75,149.5,0.39,0.29,0.55,0.88,0.38,0.7,0.38,0.75,Women's Flyweight,Female,1.0,0.0,0.0,1.0,Wrestler,12,0.6666666666666666
64a50dad704d1d49,Edson Barboza,Junior,5.11,155.0,Orthodox,24,13,0,0,2.66,718.47,0.56,58.31,0.62,0.19,104.97,0.47,0.37,0.7,0.81,0.45,0.41,0.36,0.19,Featherweight,Male,9.0,0.55,0.05,0.41,Striker,37,0.6486486486486487
b9f28e7045fdfce7,Raoni Barcelos,No Nickname,5.7,135.0,Orthodox,20,5,0,0,2.71,781.0,0.14,65.79,1.07,0.21,142.43,0.46,0.39,0.67,0.89,0.4,0.71,0.46,0.21,Bantamweight,Male,5.0,0.14,0.14,0.71,Striker,25,0.8
e8fe9c15d348e778,Daniel Barez,No Nickname,5.6,125.0,Orthodox,17,7,0,0,2.33,630.33,0.67,64.33,0.67,0.33,123.67,0.59,0.48,0.82,0.79,0.6,0.31,0.58,0.33,Flyweight,Male,1.0,0.0,0.5,0.5,Striker,24,0.7083333333333334
b7c5eb7cdbac6a63,Danny Barlow,LeftHand2God,6.2,185.0,Southpaw,9,2,0,0,2.5,667.0,0.25,50.75,0.0,0.0,48.5,0.47,0.41,0.65,0.57,0.47,0.5,0.34,0.0,Welterweight,Male,2.0,0.33,0.0,0.67,Hybrid,11,0.8181818181818182
172c2135e70f87b7,Luke Barnatt,The Bigslow,6.6,185.0,Orthodox,13,4,0,0,2.5,716.0,0.5,55.83,0.67,0.67,59.0,0.4,0.35,0.63,0.73,0.35,0.85,0.49,0.67,Middleweight,Male,3.0,0.2,0.2,0.6,Striker,17,0.7647058823529411
ad3f53c454cbbead,Josh Barnett,The Warmaster,6.3,250.0,Orthodox,35,8,0,0,2.1,551.3,0.0,36.7,0.5,0.5,138.8,0.6,0.52,0.71,0.64,0.3,0.64,0.48,0.5,Heavyweight,Male,1.0,0.57,0.29,0.14,Striker,43,0.813953488372093
7a5e8c94a86f9895,Chris Barnett,Beastboy,5.9,265.0,Orthodox,23,9,0,0,2.17,529.83,0.33,33.33,0.17,0.17,93.33,0.5,0.34,0.86,0.84,0.45,0.66,0.4,0.17,Heavyweight,Male,1.0,0.0,0.0,1.0,Striker,32,0.71875
1652f3213655b935,Phil Baroni,The New York Bad Ass,5.9,170.0,Orthodox,15,18,0,0,2.1,579.8,0.5,26.4,0.8,0.2,140.5,0.53,0.46,0.7,0.31,0.39,0.5,0.44,0.2,Middleweight,Male,1.0,0.75,0.0,0.25,Striker,33,0.45454545454545453
8e9eb3fc86db0f7d,Marc-Andre Barriault,Powerbar,6.1,185.0,Orthodox,17,10,0,0,2.25,603.94,0.31,54.19,0.62,0.06,115.75,0.51,0.44,0.67,0.7,0.43,0.64,0.35,0.06,Middleweight,Male,3.0,0.5,0.0,0.5,Striker,27,0.6296296296296297
b69f24c500d783e7,Francimar Barroso,Bodao,6.1,205.0,Orthodox,19,7,0,0,2.67,765.0,0.0,37.67,0.56,0.0,165.0,0.42,0.31,0.67,0.78,0.34,0.57,0.29,0.0,Light Heavyweight,Male,4.0,0.0,0.0,1.0,Hybrid,26,0.7307692307692307
658c3465581ae46b,Pat Barry,HD,5.11,235.0,Orthodox,8,7,0,0,1.58,345.75,0.83,19.33,0.08,0.08,29.5,0.55,0.48,0.4,0.63,0.47,0.26,0.46,0.08,Heavyweight,Male,1.0,0.78,0.11,0.11,Hybrid,15,0.5333333333333333
a6f3d15cb84334bb,Dean Barry,The Sniper,5.1,170.0,Orthodox,4,2,0,0,1.0,232.0,0.0,18.0,0.0,0.0,9.0,0.48,0.43,0.5,0.8,0.49,0.0,0.0,0.0,Welterweight,Male,0.0,0.0,0.0,0.0,Hybrid,6,0.6666666666666666
be0b310a12eb80b4,Enrique Barzola,El Fuerte,5.7,145.0,Orthodox,17,5,2,0,3.0,900.0,0.0,53.7,2.6,0.2,146.8,0.38,0.3,0.58,0.67,0.33,0.51,0.38,0.2,Featherweight,Male,6.0,0.0,0.0,1.0,Striker,24,0.7083333333333334
bbab3baf66128ae2,Javid Basharat,The Snow Leopard,5.9,135.0,Orthodox,14,2,0,0,2.5,692.17,0.0,51.17,1.0,0.0,75.83,0.49,0.36,0.73,0.78,0.48,0.52,0.16,0.0,Bantamweight,Male,1.0,0.0,0.0,1.0,Hybrid,16,0.875
a09ed60aa67a3f67,Farid Basharat,Ferocious,5.8,135.0,Orthodox,14,0,0,0,2.6,771.0,0.0,36.6,2.6,0.6,218.0,0.46,0.38,0.55,0.55,0.32,0.59,0.73,0.6,Bantamweight,Male,2.0,0.0,0.33,0.67,Wrestler,14,1.0
d3f89fa685bd8420,Austin Bashi,No Nickname,5.6,145.0,Orthodox,14,1,0,0,2.0,559.5,0.0,12.5,2.0,0.5,257.0,0.37,0.32,0.41,0.2,0.36,0.42,0.5,0.5,Featherweight,Male,0.0,0.0,1.0,0.0,Wrestler,15,0.9333333333333333
f626118b6da0e020,Bryan Battle,The Butcher,6.1,185.0,Orthodox,13,2,0,0,2.11,516.89,0.33,38.44,1.56,0.33,159.44,0.54,0.43,0.66,0.84,0.51,0.61,0.4,0.33,Welterweight,Male,1.0,0.4,0.4,0.2,Striker,15,0.8666666666666667
bc711b6dd95c1af6,Mario Bautista,No Nickname,5.9,135.0,Switch,16,2,0,0,2.23,607.54,0.15,51.85,1.15,0.38,97.0,0.52,0.42,0.71,0.84,0.44,0.57,0.42,0.38,Bantamweight,Male,3.0,0.17,0.33,0.5,Striker,18,0.8888888888888888
55f446032177b119,Chris Beal,Real Deal,5.7,125.0,Orthodox,10,5,0,0,2.8,786.0,0.2,39.4,1.6,0.6,217.4,0.35,0.33,0.76,0.7,0.26,0.46,0.57,0.6,Bantamweight,Male,1.0,0.33,0.33,0.33,Wrestler,15,0.6666666666666666
b96939f2b8d88e82,Ariel Beck,No Nickname,5.6,125.0,Southpaw,4,5,0,0,2.0,473.0,1.0,34.0,0.0,0.0,0.0,0.35,0.27,0.56,0.67,0.34,1.0,0.0,0.0,Women's Flyweight,Female,0.0,1.0,0.0,0.0,Hybrid,9,0.4444444444444444
ffc3e6daaa6da0b7,Johnny Bedford,Brutal,5.1,135.0,Orthodox,21,13,1,0,2.0,410.5,0.5,17.67,0.17,0.0,82.83,0.44,0.37,0.4,0.52,0.34,0.42,0.46,0.0,Bantamweight,Male,0.0,1.0,0.0,0.0,Hybrid,35,0.6
3bc3f60b21cddc6a,Azamat Bekoev,Iron,6.0,185.0,Orthodox,20,4,0,0,1.67,334.33,0.0,42.67,0.33,0.0,17.67,0.6,0.56,0.57,0.31,0.4,0.96,0.56,0.0,Middleweight,Male,0.0,1.0,0.0,0.0,Striker,24,0.8333333333333334
cbd3e590a85b18c5,Mirsad Bektic,No Nickname,5.8,145.0,Orthodox,13,4,0,0,2.3,610.4,0.2,21.1,0.9,1.2,157.4,0.41,0.34,0.56,0.48,0.28,0.41,0.46,1.2,Featherweight,Male,3.0,0.29,0.29,0.43,Wrestler,17,0.7647058823529411
d7e40dca3ae125be,Diana Belbita,The Warrior Princess,5.7,125.0,Orthodox,15,10,0,0,2.25,651.88,0.12,70.75,0.75,0.5,87.88,0.48,0.39,0.81,0.78,0.44,0.85,0.38,0.5,Women's Strawweight,Female,3.0,0.0,0.4,0.6,Striker,25,0.6
4130a743d9d22163,Alan Belcher,The Talent,6.2,185.0,Orthodox,18,8,0,0,2.07,550.53,0.2,23.13,0.4,0.53,93.73,0.36,0.26,0.45,0.56,0.31,0.49,0.31,0.53,Middleweight,Male,1.0,0.57,0.29,0.14,Hybrid,26,0.6923076923076923
0ee783aa00e468f0,Vitor Belfort,The Phenom,6.0,185.0,Southpaw,26,14,0,0,1.54,333.15,0.46,13.27,0.27,0.31,28.45,0.54,0.47,0.38,0.38,0.44,0.46,0.51,0.31,Middleweight,Male,1.0,0.82,0.12,0.06,Hybrid,40,0.65
69898645d600abdb,Rodolfo Bellato,Trator,6.3,205.0,Orthodox,12,3,1,0,2.25,664.0,0.0,55.5,1.25,0.0,99.0,0.55,0.4,0.8,0.75,0.5,0.57,0.26,0.0,Light Heavyweight,Male,0.0,1.0,0.0,0.0,Striker,16,0.75
46baf0f57edfa4df,Joey Beltran,The Mexicutioner,6.1,185.0,Orthodox,17,14,0,0,2.7,764.1,0.1,64.2,0.8,0.0,246.0,0.43,0.36,0.61,0.82,0.34,0.74,0.58,0.0,Heavyweight,Male,2.0,0.6,0.0,0.4,Striker,31,0.5483870967741935
ec71a892fada28c7,Marco Beltran,Psycho,5.8,125.0,Orthodox,8,6,0,0,2.33,646.83,0.33,21.17,0.83,1.0,153.83,0.54,0.31,0.55,0.81,0.47,0.73,0.41,1.0,Bantamweight,Male,1.0,0.25,0.5,0.25,Striker,14,0.5714285714285714
80eacd4da0617c57,Joseph Benavidez,No Nickname,5.4,125.0,Southpaw,28,8,0,0,2.43,686.29,0.29,44.86,1.62,0.14,111.76,0.41,0.33,0.57,0.62,0.39,0.55,0.49,0.14,Flyweight,Male,12.0,0.28,0.06,0.67,Striker,36,0.7777777777777778
436f970c9ea9169c,Gabriel Benitez,Moggly,5.8,155.0,Southpaw,23,13,0,0,2.13,556.27,0.47,47.6,1.07,0.6,77.47,0.41,0.32,0.72,0.88,0.38,0.51,0.36,0.6,Lightweight,Male,4.0,0.54,0.15,0.31,Striker,36,0.6388888888888888
20999e27ddd94bda,Ryan Benoit,Baby Face,5.5,125.0,Orthodox,10,8,0,0,2.56,708.67,0.33,39.78,0.22,0.44,45.44,0.4,0.36,0.55,0.59,0.39,0.44,0.38,0.44,Flyweight,Male,2.0,0.33,0.0,0.67,Hybrid,18,0.5555555555555556
6f242453c91a5af0,Dennis Bermudez,The Menace,5.6,155.0,Orthodox,17,9,0,0,2.47,694.53,0.47,49.12,2.76,0.94,212.12,0.44,0.39,0.64,0.66,0.34,0.67,0.6,0.94,Lightweight,Male,10.0,0.21,0.07,0.71,Wrestler,26,0.6538461538461539
2dc1bc1a02961656,Manny Bermudez,The Bermudez Triangle,5.1,145.0,Orthodox,14,2,0,0,1.6,353.4,0.0,20.0,0.8,0.2,150.6,0.58,0.48,0.44,0.78,0.4,0.34,0.46,0.2,Bantamweight,Male,1.0,0.0,0.0,1.0,Striker,16,0.875
5b2325cd70dbe2ea,Talita Bernardo,No Nickname,5.4,135.0,Orthodox,6,4,0,0,3.0,835.5,0.25,47.5,2.0,0.25,159.25,0.39,0.34,0.64,0.57,0.35,0.52,0.84,0.25,Women's Bantamweight,Female,1.0,0.5,0.0,0.5,Striker,10,0.6
0b8d512c79b4baf3,Matt Bessette,The Mangler,5.1,145.0,Orthodox,22,9,0,0,3.0,900.0,0.0,64.5,3.5,0.5,352.5,0.44,0.3,0.8,0.88,0.39,0.32,0.68,0.5,Featherweight,Male,2.0,0.0,0.0,1.0,Wrestler,31,0.7096774193548387
7e511f8d842a109d,Arjan Bhullar,No Nickname,6.1,245.0,Orthodox,9,1,0,0,2.75,779.75,0.0,33.25,0.75,0.25,184.0,0.49,0.36,0.83,0.94,0.42,0.76,0.58,0.25,Heavyweight,Male,2.0,0.0,0.33,0.67,Striker,10,0.9
87f19d19f4cb73f8,Bibulatov Magomed,Chaborz,5.5,125.0,Orthodox,14,2,0,0,2.33,632.67,0.0,18.33,0.33,0.67,69.33,0.44,0.35,0.7,0.89,0.39,0.33,1.0,0.67,Flyweight,Male,1.0,0.0,0.0,1.0,Striker,16,0.875
1efa064872f089d0,David Bielkheden,No Nickname,5.1,155.0,Orthodox,24,12,0,0,1.67,493.33,0.0,13.67,2.33,0.0,205.67,0.82,0.22,1.0,0.33,0.17,0.95,0.22,0.0,Lightweight,Male,1.0,0.0,0.0,1.0,Striker,36,0.6666666666666666
2b93ebd9f5417ad2,Michael Bisping,The Count,6.1,185.0,Orthodox,30,9,0,0,2.72,756.31,0.28,54.48,1.17,0.21,98.72,0.41,0.34,0.67,0.83,0.37,0.66,0.38,0.21,Middleweight,Male,10.0,0.48,0.05,0.48,Striker,39,0.7692307692307693
7a359ef685a304a7,Amaury Bitetti,No Nickname,5.9,185.0,Orthodox,5,2,0,0,1.5,456.5,0.0,4.0,0.0,0.0,13.0,0.5,0.38,0.5,1.0,0.75,0.34,0.0,0.0,Middleweight,Male,0.0,0.0,0.0,0.0,Hybrid,7,0.7142857142857143
99df7d0a2a08a8a8,Jan Blachowicz,No Nickname,6.2,205.0,Orthodox,29,11,1,0,2.86,796.18,0.18,44.64,0.59,0.32,99.91,0.49,0.39,0.6,0.69,0.43,0.54,0.46,0.32,Light Heavyweight,Male,5.0,0.27,0.27,0.45,Striker,41,0.7073170731707317
7e69a4b0961aa555,Brad Blackburn,Bad Brad,5.1,170.0,Orthodox,18,13,1,0,2.8,775.4,1.0,58.8,0.8,0.6,116.4,0.39,0.32,0.57,0.75,0.38,0.54,0.38,0.6,Welterweight,Male,2.0,0.33,0.0,0.67,Striker,32,0.5625
da22387a0407a2dc,Da'Mon Blackshear,The Monster,5.1,135.0,Switch,17,8,1,0,2.2,608.7,0.0,43.3,1.0,0.7,155.8,0.52,0.33,0.57,0.77,0.48,0.56,0.42,0.7,Bantamweight,Male,3.0,0.17,0.33,0.5,Wrestler,26,0.6538461538461539
669970f7feba8ecd,Erin Blanchfield,Cold Blooded,5.4,125.0,Orthodox,13,2,0,0,2.89,817.33,0.0,73.56,1.0,0.44,227.89,0.46,0.39,0.73,0.92,0.41,0.54,0.33,0.44,Women's Flyweight,Female,4.0,0.0,0.43,0.57,Striker,15,0.8666666666666667
4a1329cc8eb0928a,Maximo Blanco,Maxi,5.8,145.0,Orthodox,12,8,1,0,2.11,530.89,0.22,33.22,1.0,0.22,97.11,0.4,0.35,0.54,0.43,0.37,0.44,0.5,0.22,Featherweight,Male,1.0,0.33,0.33,0.33,Hybrid,21,0.5714285714285714
fa6796c55d6c5440,Curtis Blaydes,Razor,6.4,265.0,Orthodox,19,5,0,0,2.25,535.55,0.2,24.85,2.2,0.1,171.3,0.5,0.43,0.63,0.71,0.38,0.52,0.45,0.1,Heavyweight,Male,4.0,0.64,0.0,0.36,Striker,24,0.7916666666666666
59c438c81fbf3ece,Tereza Bleda,No Nickname,5.9,125.0,Orthodox,7,1,0,0,3.0,793.5,0.0,37.5,2.0,1.0,473.5,0.48,0.39,0.68,0.7,0.32,0.86,0.46,1.0,Women's Flyweight,Female,1.0,0.0,0.0,1.0,Wrestler,8,0.875
cf9d24e4bd0cf2ce,Mark Bocek,No Nickname,5.8,155.0,Orthodox,12,5,0,0,2.38,683.46,0.0,32.85,3.0,0.77,379.69,0.42,0.33,0.8,0.64,0.21,0.74,0.42,0.77,Lightweight,Male,6.0,0.0,0.4,0.6,Wrestler,17,0.7058823529411765
c5af5750e8bae4f0,Kyle Bochniak,Killer B,5.7,145.0,Orthodox,8,5,0,0,3.0,900.0,0.14,53.86,2.14,0.0,163.29,0.36,0.31,0.62,0.63,0.33,0.65,0.29,0.0,Featherweight,Male,3.0,0.0,0.0,1.0,Hybrid,13,0.6153846153846154
c80095f6092271a7,Tim Boetsch,The Barbarian,6.0,185.0,Orthodox,21,13,0,0,2.12,541.83,0.25,25.25,0.42,0.33,81.33,0.48,0.36,0.68,0.75,0.41,0.55,0.56,0.33,Middleweight,Male,2.0,0.73,0.09,0.18,Striker,34,0.6176470588235294
93892752c5fc23ca,Jerry Bohlander,No Nickname,5.11,199.0,Orthodox,11,4,0,0,1.14,424.43,0.0,6.0,0.43,0.71,95.052,0.41,0.43,0.29,0.4,0.25,0.46,0.57,0.71,Middleweight,Male,1.0,0.0,0.8,0.2,Wrestler,15,0.7333333333333333
297a2b35444c245b,Mandy Bohm,Monster,5.7,125.0,Orthodox,8,2,0,0,3.0,838.33,0.0,28.33,0.67,0.33,266.33,0.32,0.21,0.81,0.58,0.27,0.86,0.33,0.33,Women's Flyweight,Female,1.0,0.0,0.0,1.0,Hybrid,10,0.8
96924b0019b3aff1,Gaston Bolanos,The Dreamkiller,5.7,135.0,Orthodox,8,5,0,0,2.5,680.75,0.0,27.0,2.25,0.5,245.0,0.54,0.44,0.77,0.49,0.54,0.35,0.18,0.5,Bantamweight,Male,1.0,0.0,0.5,0.5,Striker,13,0.6153846153846154
01641ba5df0c69b0,Gabriel Bonfim,Marretinha,6.1,170.0,Orthodox,18,1,0,0,2.0,499.0,0.29,39.71,0.86,0.57,36.71,0.43,0.34,0.74,0.67,0.41,0.45,0.18,0.57,Welterweight,Male,1.0,0.33,0.5,0.17,Hybrid,19,0.9473684210526315
eb393afdbe3293d5,Ismael Bonfim,Marreta,5.8,155.0,Orthodox,20,5,0,0,1.8,499.0,0.2,42.6,1.0,0.4,61.0,0.47,0.36,0.69,0.68,0.46,0.5,0.13,0.4,Lightweight,Male,1.0,0.5,0.25,0.25,Hybrid,25,0.8
934de214814b8ff4,Jesse Bongfeldt,Water,6.0,185.0,Orthodox,16,5,1,0,2.0,597.0,0.0,30.0,1.5,0.5,270.5,0.53,0.47,1.0,0.69,0.3,0.93,0.63,0.5,Middleweight,Male,0.0,0.0,1.0,0.0,Wrestler,22,0.7272727272727273
c6a33ff198aaaeeb,Stephan Bonnar,The American Psycho,6.4,205.0,Orthodox,15,9,0,0,2.47,693.53,0.07,29.53,1.0,0.87,229.47,0.4,0.34,0.53,0.55,0.26,0.5,0.4,0.87,Light Heavyweight,Male,4.0,0.14,0.29,0.57,Wrestler,24,0.625
07a2bdaa0afdd831,Rogerio Bontorin,No Nickname,5.5,125.0,Orthodox,16,4,0,0,2.33,678.5,0.17,35.67,4.17,0.0,250.0,0.59,0.5,0.57,0.81,0.49,0.7,0.48,0.0,Flyweight,Male,1.0,0.67,0.0,0.33,Striker,20,0.8
a4de54ea806fb525,Ray Borg,The Tazmexican Devil,5.4,135.0,Orthodox,13,5,0,0,3.0,867.33,0.0,22.67,2.42,1.0,319.83,0.51,0.41,0.7,0.6,0.35,0.58,0.58,1.0,Flyweight,Male,4.0,0.0,0.33,0.67,Wrestler,18,0.7222222222222222
4126a78111c0855a,Caio Borralho,The Natural,6.1,185.0,Southpaw,17,2,0,0,3.25,929.38,0.12,39.12,1.25,0.12,238.75,0.47,0.39,0.56,0.85,0.42,0.46,0.42,0.12,Middleweight,Male,3.0,0.0,0.25,0.75,Striker,19,0.8947368421052632
19c591115a58982c,Viacheslav Borshchev,Slava Claus,5.11,155.0,Orthodox,8,6,1,0,2.4,661.9,0.0,46.6,0.7,0.1,54.6,0.5,0.3,0.73,0.89,0.5,0.43,0.43,0.1,Lightweight,Male,2.0,0.0,0.0,1.0,Striker,15,0.5333333333333333
04c8b08b16a5b99e,Tanner Boser,The Bulldozer,6.2,205.0,Orthodox,21,10,1,0,2.4,659.3,0.1,41.0,0.6,0.1,124.5,0.46,0.36,0.66,0.63,0.44,0.28,0.32,0.1,Light Heavyweight,Male,3.0,0.5,0.0,0.5,Hybrid,32,0.65625
5c126c6aac3ef364,Poliana Botelho,No Nickname,5.8,125.0,Orthodox,8,5,0,0,2.14,602.29,0.14,22.14,0.0,0.0,170.43,0.52,0.35,0.69,0.9,0.45,0.48,0.55,0.0,Women's Flyweight,Female,1.0,0.5,0.0,0.5,Striker,13,0.6153846153846154
b26d3e3746fb4024,Brian Bowles,No Nickname,5.7,135.0,Orthodox,10,3,0,0,2.0,475.0,0.25,26.25,0.5,0.25,101.75,0.32,0.25,0.72,0.36,0.28,0.5,0.26,0.25,Bantamweight,Male,1.0,0.33,0.33,0.33,Hybrid,13,0.7692307692307693
a6959da32f0e6b5d,Kyle Bradley,No Nickname,5.9,155.0,Orthodox,19,12,0,0,1.75,347.5,0.0,11.5,0.25,0.0,8.75,0.35,0.24,0.61,0.47,0.3,0.67,0.19,0.0,Lightweight,Male,0.0,1.0,0.0,0.0,Hybrid,31,0.6129032258064516
45f7cb591c3ab00b,Sean Brady,No Nickname,5.1,170.0,Orthodox,18,1,0,0,2.9,791.1,0.1,42.0,1.4,0.7,195.5,0.51,0.42,0.67,0.72,0.45,0.64,0.48,0.7,Welterweight,Male,1.0,0.2,0.6,0.2,Striker,19,0.9473684210526315
dc950d59dc590aca,Ebenezer Fontes Braga,Pitbull,6.0,199.0,Orthodox,13,7,2,0,1.0,207.0,0.0,9.0,1.0,1.0,192.008,0.56,0.55,0.33,1.0,1.0,0.5,0.5,1.0,Middleweight,Male,0.0,0.0,1.0,0.0,Striker,22,0.5909090909090909
3d074044a33825e7,Ramiz Brahimaj,No Nickname,5.1,170.0,Orthodox,13,5,0,0,1.88,451.62,0.0,16.38,0.38,0.75,57.0,0.5,0.38,0.45,0.34,0.36,0.57,0.12,0.75,Welterweight,Male,0.0,0.0,1.0,0.0,Hybrid,18,0.7222222222222222
d2c55d1d2e67773b,David Branch,No Nickname,6.1,185.0,Orthodox,22,6,0,0,2.22,549.11,0.22,13.89,0.33,0.44,52.78,0.41,0.36,0.58,0.46,0.29,0.48,0.19,0.44,Middleweight,Male,0.0,0.75,0.25,0.0,Hybrid,28,0.7857142857142857
c2e3e67b5911bfb7,Diego Brandao,DB,5.7,145.0,Orthodox,22,11,0,0,1.8,476.2,0.2,20.6,1.6,0.6,140.1,0.48,0.32,0.63,0.49,0.42,0.55,0.49,0.6,Featherweight,Male,3.0,0.14,0.43,0.43,Wrestler,33,0.6666666666666666
7138a15258dabf20,Bruna Brasil,No Nickname,5.6,115.0,Orthodox,11,5,1,0,2.8,812.4,0.2,39.8,1.2,0.0,131.6,0.49,0.37,0.72,0.67,0.45,0.84,0.34,0.0,Women's Strawweight,Female,0.0,1.0,0.0,0.0,Striker,17,0.6470588235294118
9c44f290f5726d95,Martin Bravo,El Toro,5.8,145.0,Southpaw,11,3,0,0,2.0,433.0,0.75,47.0,0.75,0.0,56.25,0.49,0.42,0.74,0.78,0.46,0.36,0.64,0.0,Lightweight,Male,0.0,1.0,0.0,0.0,Striker,14,0.7857142857142857
d80ee110748171ac,Mike Breeden,Money,5.1,155.0,Orthodox,11,6,0,0,2.0,461.25,0.25,50.75,0.75,0.0,30.0,0.4,0.3,0.65,0.72,0.39,0.65,0.42,0.0,Lightweight,Male,0.0,1.0,0.0,0.0,Hybrid,17,0.6470588235294118
1588b787bda7b540,Tom Breese,No Nickname,6.3,185.0,Southpaw,12,3,0,0,1.62,422.25,0.12,18.5,0.0,0.5,68.5,0.44,0.23,0.57,0.57,0.3,0.43,0.18,0.5,Middleweight,Male,1.0,0.5,0.0,0.5,Hybrid,15,0.8
48a9a128784d53d1,Elves Brener,No Nickname,5.1,155.0,Orthodox,16,6,0,0,2.67,759.0,0.33,67.17,1.0,0.0,132.17,0.47,0.38,0.68,0.81,0.44,0.47,0.32,0.0,Catch Weight,Male,2.0,0.33,0.0,0.67,Striker,22,0.7272727272727273
98f6da59d765ec94,Charlie Brenneman,The Spaniard,5.1,155.0,Orthodox,19,8,0,0,1.91,464.36,0.09,12.09,2.18,0.09,290.82,0.47,0.31,0.64,0.5,0.32,0.49,0.56,0.09,Welterweight,Male,4.0,0.0,0.2,0.8,Striker,27,0.7037037037037037
497ba5b12a4bfc47,Jason Brilz,Hitman,5.11,205.0,Orthodox,22,6,1,0,2.29,595.86,0.0,21.0,1.14,0.57,203.0,0.45,0.4,0.61,0.38,0.29,0.38,0.42,0.57,Light Heavyweight,Male,2.0,0.33,0.0,0.67,Wrestler,29,0.7586206896551724
81801f57bd0a7c41,Marcus Brimage,The Bama Beast,5.4,135.0,Southpaw,7,7,0,0,2.25,603.0,0.5,39.25,0.88,0.0,63.62,0.42,0.35,0.74,0.65,0.4,0.3,0.53,0.0,Bantamweight,Male,3.0,0.5,0.0,0.5,Hybrid,14,0.5
01fcef7e3d051722,Henry Briones,Bure,5.8,135.0,Orthodox,16,8,1,0,2.4,615.6,0.6,41.6,1.2,0.6,78.4,0.52,0.41,0.53,0.8,0.46,0.54,0.65,0.6,Bantamweight,Male,1.0,0.25,0.5,0.25,Striker,25,0.64
791c8437b341fba5,Joanderson Brito,Tubarao,5.8,145.0,Orthodox,17,5,1,0,2.0,510.75,0.0,17.75,1.12,0.5,166.25,0.53,0.49,0.52,0.54,0.4,0.58,0.35,0.5,Featherweight,Male,0.0,0.5,0.5,0.0,Striker,23,0.7391304347826086
b0a6124751a56bc4,Jonathan Brookins,No Nickname,6.0,145.0,Southpaw,16,10,0,0,2.0,521.8,0.0,31.6,1.0,0.2,142.6,0.5,0.44,0.63,0.58,0.4,0.51,0.44,0.2,Featherweight,Male,2.0,0.25,0.25,0.5,Striker,26,0.6153846153846154
b6e6c3b1dcaae0a1,Will Brooks,Ill,5.1,155.0,Orthodox,18,4,0,0,2.25,571.25,0.0,38.5,2.0,0.75,191.25,0.58,0.4,0.79,0.8,0.47,0.9,0.22,0.75,Lightweight,Male,0.0,0.5,0.5,0.0,Striker,22,0.8181818181818182
81d9df19e255b8b6,Jarred Brooks,The Monkey God,5.3,125.0,Switch,13,2,0,0,2.75,793.75,0.0,24.75,2.5,0.25,202.5,0.42,0.38,0.68,0.25,0.23,0.54,0.84,0.25,Flyweight,Male,0.0,1.0,0.0,0.0,Wrestler,15,0.8666666666666667
a7d687e6ecb30981,Rob Broughton,The Bear,6.2,265.0,Orthodox,16,7,1,0,3.0,834.33,0.0,34.33,1.0,2.33,267.67,0.55,0.49,1.0,0.56,0.53,0.5,0.54,2.33,Heavyweight,Male,1.0,0.0,0.5,0.5,Wrestler,24,0.6666666666666666
31123249b0bbf52e,Matt Brown,The Immortal,6.0,170.0,Orthodox,26,19,0,0,2.23,553.13,0.47,36.03,0.9,0.8,123.93,0.55,0.46,0.77,0.68,0.46,0.8,0.6,0.8,Welterweight,Male,3.0,0.67,0.19,0.14,Striker,45,0.5777777777777777
e0b74df14f52cd15,Mike Brown,No Nickname,5.6,145.0,Orthodox,26,9,0,0,2.33,643.5,0.17,32.83,1.5,0.0,242.33,0.56,0.46,0.47,0.77,0.35,0.7,0.69,0.0,Featherweight,Male,3.0,0.25,0.0,0.75,Striker,35,0.7428571428571429
9b68bf67c5695185,Todd Brown,Bulldog,5.11,205.0,Orthodox,16,4,0,0,2.0,600.0,0.0,37.5,1.5,0.5,175.5,0.59,0.43,0.9,0.9,0.47,0.82,0.36,0.5,Light Heavyweight,Male,1.0,0.0,0.0,1.0,Striker,20,0.8
c6aee362c7a7d482,Randy Brown,Rudeboy,6.3,170.0,Orthodox,20,6,0,0,2.38,617.81,0.19,44.24,0.76,0.29,148.29,0.45,0.32,0.64,0.83,0.36,0.5,0.44,0.29,Welterweight,Male,8.0,0.31,0.08,0.62,Striker,26,0.7692307692307693
d024ed963e8bf7ea,Damien Brown,Beatdown,5.1,155.0,Orthodox,17,12,0,0,2.33,660.67,0.17,51.0,0.33,0.5,29.83,0.49,0.44,0.67,0.51,0.46,0.6,0.38,0.5,Lightweight,Male,3.0,0.25,0.0,0.75,Striker,29,0.5862068965517241
d31cbcdd7d69536d,TJ Brown,Downtown,5.9,145.0,Switch,17,11,0,0,2.75,760.25,0.12,40.88,3.0,1.0,282.25,0.5,0.44,0.81,0.72,0.43,0.64,0.61,1.0,Featherweight,Male,2.0,0.0,0.33,0.67,Wrestler,28,0.6071428571428571
3236bf606fe9fa5b,Travis Browne,Hapa,6.6,255.0,Orthodox,18,7,1,0,1.82,481.82,0.35,27.12,0.71,0.29,80.06,0.52,0.41,0.75,0.7,0.39,0.73,0.37,0.29,Heavyweight,Male,1.0,0.62,0.25,0.12,Hybrid,26,0.6923076923076923
d74cba8566291bfa,Junie Browning,No Nickname,5.9,155.0,Orthodox,5,6,0,0,1.5,255.0,0.0,16.0,1.0,1.0,126.0,0.41,0.21,0.92,0.36,0.43,0.22,0.19,1.0,Lightweight,Male,0.0,0.0,1.0,0.0,Wrestler,11,0.45454545454545453
f14f644d41ade29f,Cody Brundage,No Nickname,6.0,185.0,Orthodox,11,7,1,0,1.77,428.85,0.23,19.0,0.54,0.15,155.46,0.53,0.49,0.58,0.47,0.35,0.53,0.48,0.15,Middleweight,Male,3.0,0.5,0.0,0.5,Striker,19,0.5789473684210527
2f3f12002564bb55,Steve Bruno,Hollywood,5.1,170.0,Orthodox,15,6,0,0,2.67,774.67,0.0,12.33,1.67,0.33,130.0,0.48,0.4,0.78,0.66,0.41,0.37,0.33,0.33,Welterweight,Male,0.0,0.0,1.0,0.0,Hybrid,21,0.7142857142857143
b1a3e0aca758b322,Derek Brunson,The One,6.1,185.0,Southpaw,23,9,0,0,2.05,514.57,0.38,32.62,1.33,0.24,136.81,0.45,0.42,0.6,0.49,0.39,0.47,0.42,0.24,Middleweight,Male,3.0,0.58,0.17,0.25,Hybrid,32,0.71875
01f022fa494188e2,Josh Bryant,The Beast,5.1,185.0,Orthodox,15,4,0,0,2.0,492.0,1.0,50.0,0.0,0.0,5.0,0.56,0.45,1.0,0.82,0.58,0.67,0.38,0.0,Middleweight,Male,0.0,1.0,0.0,0.0,Striker,19,0.7894736842105263
f96856f9d69fd7e4,Robert Bryczek,No Nickname,6.0,185.0,Orthodox,18,6,0,0,3.0,801.5,0.5,54.5,0.5,0.0,119.5,0.4,0.3,0.52,0.86,0.4,0.5,0.0,0.0,Middleweight,Male,1.0,0.0,0.0,1.0,Hybrid,24,0.75
b9437600497350f3,Joaquin Buckley,New Mansa,5.1,170.0,Southpaw,21,7,0,0,2.62,693.19,0.44,39.81,0.75,0.0,59.94,0.37,0.27,0.71,0.82,0.33,0.5,0.4,0.0,Welterweight,Male,2.0,0.67,0.0,0.33,Hybrid,28,0.75
8eb046f83e82bf26,Martin Buday,Badys,6.4,265.0,Orthodox,16,2,0,0,2.62,725.62,0.0,54.38,0.0,0.0,131.75,0.49,0.39,0.78,0.79,0.46,0.7,0.22,0.0,Heavyweight,Male,4.0,0.2,0.0,0.8,Hybrid,18,0.8888888888888888
a817e238b2747404,Dylan Budka,The Mindless Hulk,6.0,185.0,Switch,7,5,0,0,2.0,476.0,0.0,15.67,0.0,0.0,4.0,0.38,0.36,0.63,0.33,0.32,0.63,0.17,0.0,Middleweight,Male,0.0,1.0,0.0,0.0,Hybrid,12,0.5833333333333334
cc8c623cca88f54f,Mayra Bueno Silva,Sheetara,5.6,135.0,Orthodox,10,5,1,0,2.46,674.0,0.0,48.0,0.46,0.85,86.31,0.56,0.47,0.68,0.75,0.49,0.63,0.42,0.85,Women's Bantamweight,Female,3.0,0.14,0.43,0.43,Striker,16,0.625
f0abbb6f3444dae7,Paul Buentello,The Headhunter,6.2,245.0,Orthodox,35,17,0,0,1.83,415.33,0.5,22.0,0.17,0.33,45.5,0.4,0.34,0.61,0.3,0.33,0.46,0.52,0.33,Heavyweight,Male,0.0,0.67,0.33,0.0,Hybrid,52,0.6730769230769231
476fe566d2df676e,Modestas Bukauskas,The Baltic Gladiator,6.3,205.0,Switch,19,6,0,0,2.09,550.73,0.18,32.73,0.45,0.09,83.45,0.47,0.37,0.68,0.84,0.46,0.45,0.32,0.09,Light Heavyweight,Male,2.0,0.57,0.14,0.29,Hybrid,25,0.76
98d961097baaf308,Shane Burgos,Hurricane,5.11,145.0,Orthodox,15,3,0,0,2.82,766.36,0.55,94.18,0.36,0.36,93.0,0.53,0.44,0.68,0.85,0.49,0.64,0.6,0.36,Featherweight,Male,3.0,0.43,0.14,0.43,Striker,18,0.8333333333333334
6da99156486ed6c2,Joshua Burkman,The People's Warrior,5.1,170.0,Orthodox,28,16,0,0,2.37,637.26,0.21,29.95,1.58,0.32,153.95,0.51,0.31,0.51,0.88,0.42,0.57,0.39,0.32,Lightweight,Male,6.0,0.2,0.2,0.6,Striker,44,0.6363636363636364
69f01b25dfabaf6b,Mads Burnell,No Nickname,5.8,145.0,Orthodox,9,3,0,0,3.0,782.33,0.0,16.67,3.0,0.33,346.33,0.42,0.35,0.46,0.56,0.32,0.89,0.4,0.33,Featherweight,Male,1.0,0.0,0.0,1.0,Wrestler,12,0.75
4c805f5f58a75df0,Mikey Burnett,The Eastside Assassin,5.6,170.0,Orthodox,5,2,0,0,2.0,615.0,0.33,36.0,1.0,1.33,173.96999999999997,0.46,0.25,0.95,0.57,0.22,0.58,0.38,1.33,Lightweight,Male,1.0,0.5,0.0,0.5,Wrestler,7,0.7142857142857143
a6d8bfe9e0c8153b,Kevin Burns,The Fire,5.1,170.0,Orthodox,12,7,0,0,2.4,634.0,0.4,29.0,0.2,0.6,26.4,0.43,0.33,0.39,0.84,0.34,0.58,0.59,0.6,Welterweight,Male,0.0,0.5,0.5,0.0,Hybrid,19,0.631578947368421
23024fdfc966410a,Gilbert Burns,Durinho,5.1,170.0,Orthodox,22,9,0,0,2.62,741.25,0.29,42.79,1.62,0.29,169.92,0.5,0.42,0.62,0.7,0.46,0.53,0.51,0.29,Welterweight,Male,7.0,0.2,0.33,0.47,Striker,31,0.7096774193548387
4f140403000158b5,Herbert Burns,The Blaze,5.9,145.0,Orthodox,11,6,0,0,1.83,383.0,0.17,19.33,0.83,0.5,115.67,0.51,0.42,0.75,0.38,0.5,0.88,0.26,0.5,Catch Weight,Male,0.0,1.0,0.0,0.0,Striker,17,0.6470588235294118
2c64c035485906aa,Nah-Shon Burrell,The Rock n Rolla,5.11,170.0,Orthodox,15,7,0,0,3.0,900.0,0.0,88.5,0.0,0.5,90.0,0.51,0.42,0.78,1.0,0.4,0.84,0.44,0.5,Welterweight,Male,1.0,0.0,0.0,1.0,Striker,22,0.6818181818181818
132505067f08c54d,Bubba Bush,The Fightin' Texas Aggie,6.0,185.0,Orthodox,8,3,0,0,2.0,479.5,0.0,49.5,1.0,0.5,234.0,0.61,0.6,0.5,0.75,0.36,0.0,0.4,0.5,Middleweight,Male,0.0,1.0,0.0,0.0,Striker,11,0.7272727272727273
3033c1c080672475,Dakota Bush,No Nickname,5.1,155.0,Orthodox,8,4,0,0,2.0,563.5,0.5,28.5,0.5,0.0,59.5,0.49,0.38,0.65,0.7,0.4,0.5,0.38,0.0,Lightweight,Male,0.0,1.0,0.0,0.0,Striker,12,0.6666666666666666
85d905f7c4f5a1af,Murilo Bustamante,No Nickname,6.2,183.0,Orthodox,15,8,1,0,2.5,567.0,0.5,13.0,2.5,0.75,180.5,0.55,0.52,1.0,0.25,0.47,0.52,0.55,0.75,Middleweight,Male,0.0,0.33,0.67,0.0,Wrestler,24,0.625
0b362247806341e5,JP Buys,Young Savage,5.5,135.0,Orthodox,9,6,0,0,1.75,395.75,0.5,13.75,0.25,1.0,43.25,0.48,0.45,0.47,0.55,0.44,0.67,0.45,1.0,Bantamweight,Male,0.0,1.0,0.0,0.0,Striker,15,0.6
c4d039123e62f6a9,Dennis Buzukja,The Great,5.9,145.0,Switch,12,5,0,0,2.5,617.75,0.75,49.0,0.25,0.0,121.5,0.46,0.4,0.55,0.86,0.46,0.51,0.48,0.0,Featherweight,Male,1.0,0.67,0.0,0.33,Striker,17,0.7058823529411765
7cdd3e5d3aa9cb39,Yan Cabral,No Nickname,5.11,155.0,Orthodox,13,3,0,0,2.8,780.4,0.4,31.6,2.0,0.6,344.2,0.43,0.39,0.56,0.63,0.31,0.62,0.5,0.6,Lightweight,Male,3.0,0.2,0.2,0.6,Wrestler,16,0.8125
7aa3d6964eff4877,Alex Caceres,Bruce Leeroy,5.1,145.0,Southpaw,21,15,0,0,2.57,721.53,0.2,47.2,0.7,0.53,113.6,0.47,0.4,0.66,0.78,0.44,0.62,0.46,0.53,Featherweight,Male,11.0,0.11,0.32,0.58,Striker,36,0.5833333333333334
ed2a8cc402173781,Vince Cachero,The Anomaly,5.6,145.0,Orthodox,7,4,0,0,3.0,829.0,0.0,76.5,4.0,0.0,248.5,0.56,0.53,0.7,0.78,0.48,0.68,0.87,0.0,Bantamweight,Male,0.0,1.0,0.0,0.0,Striker,11,0.6363636363636364
b1e5bcaad32a3cac,Priscila Cachoeira,Zombie Girl,5.7,135.0,Orthodox,13,7,0,0,2.0,513.5,0.17,40.08,0.33,0.0,41.67,0.45,0.41,0.62,0.62,0.42,0.27,0.46,0.0,Women's Bantamweight,Female,0.0,1.0,0.0,0.0,Hybrid,20,0.65
98215d037be5bcb7,Cynthia Calvillo,No Nickname,5.4,115.0,Orthodox,9,6,1,0,2.62,769.69,0.0,54.46,0.69,0.38,59.92,0.37,0.29,0.64,0.67,0.35,0.55,0.25,0.38,Women's Flyweight,Female,3.0,0.17,0.33,0.5,Hybrid,16,0.5625
764342d39cdaa54a,Frank Camacho,The Crank,5.1,155.0,Orthodox,22,10,0,0,2.0,506.12,0.25,46.25,1.12,0.25,56.38,0.48,0.41,0.77,0.62,0.46,0.8,0.23,0.25,Lightweight,Male,0.0,0.67,0.33,0.0,Striker,32,0.6875
7abe471b61725980,Fabricio Camoes,Morango,5.1,155.0,Orthodox,14,9,1,0,1.83,513.5,0.0,11.0,1.5,1.33,115.17,0.38,0.32,0.51,0.62,0.33,0.49,0.3,1.33,Lightweight,Male,0.0,0.0,1.0,0.0,Wrestler,24,0.5833333333333334
6c2030e0a143a94b,Chris Camozzi,No Nickname,6.2,185.0,Orthodox,24,13,0,0,2.58,707.79,0.11,39.68,0.79,0.37,114.89,0.49,0.38,0.59,0.95,0.45,0.67,0.36,0.37,Middleweight,Male,7.0,0.1,0.2,0.7,Striker,37,0.6486486486486487
784285b7ae7dd85f,Shane Campbell,Shaolin,6.0,155.0,Orthodox,14,6,0,0,2.0,529.6,0.2,35.6,0.8,0.0,115.4,0.55,0.34,0.71,0.93,0.54,0.59,0.38,0.0,Lightweight,Male,1.0,0.5,0.0,0.5,Striker,20,0.7
901cddcbfa079097,Will Campuzano,No Nickname,5.9,125.0,Orthodox,14,6,0,0,3.0,893.25,0.0,56.75,3.75,1.0,309.5,0.51,0.42,0.83,0.88,0.45,0.65,0.69,1.0,Flyweight,Male,3.0,0.0,0.25,0.75,Wrestler,20,0.7
c2a670b22d2e196f,Aleksa Camur,No Nickname,6.1,205.0,Orthodox,6,3,0,0,3.0,900.0,0.0,59.0,0.75,0.0,169.75,0.48,0.38,0.66,0.85,0.4,0.8,0.25,0.0,Light Heavyweight,Male,2.0,0.0,0.0,1.0,Striker,9,0.6666666666666666
32be4b7f7de1c905,Chico Camus,The King,5.6,125.0,Orthodox,17,7,0,0,3.0,876.25,0.0,33.38,0.62,1.0,139.88,0.38,0.36,0.48,0.59,0.31,0.39,0.51,1.0,Flyweight,Male,1.0,0.0,0.5,0.5,Wrestler,24,0.7083333333333334
760a55d5b6098cbe,Carlos Candelario,The Cannon,5.8,125.0,Southpaw,8,3,0,0,2.5,679.5,0.0,49.5,1.0,1.0,104.0,0.4,0.3,0.65,0.5,0.36,0.34,0.48,1.0,Flyweight,Male,0.0,0.0,1.0,0.0,Wrestler,11,0.7272727272727273
24b033b3daf1c9df,Luiz Cane,Banha,6.2,185.0,Southpaw,17,7,0,0,1.56,358.89,0.78,36.33,0.11,0.0,18.56,0.48,0.43,0.45,0.87,0.45,0.43,0.56,0.0,Light Heavyweight,Male,2.0,0.71,0.0,0.29,Hybrid,24,0.7083333333333334
d05412b513b19621,Guido Cannetti,Ninja,5.6,135.0,Southpaw,10,8,0,0,1.8,435.8,0.1,21.1,0.9,0.4,84.9,0.49,0.31,0.53,0.73,0.39,0.48,0.44,0.4,Bantamweight,Male,0.0,0.0,1.0,0.0,Hybrid,18,0.5555555555555556
13a0275fa13c4d26,Jared Cannonier,The Killa Gorilla,5.11,185.0,Switch,18,9,0,0,3.05,834.05,0.4,61.95,1.0,0.05,65.65,0.51,0.4,0.69,0.87,0.48,0.67,0.39,0.05,Middleweight,Male,5.0,0.58,0.0,0.42,Striker,27,0.6666666666666666
f1f9e48a0d150757,Steve Cantwell,The Robot,6.2,185.0,Orthodox,7,6,0,0,2.67,790.67,0.17,65.0,0.67,0.33,66.17,0.43,0.36,0.73,0.86,0.42,0.65,0.26,0.33,Light Heavyweight,Male,2.0,0.0,0.33,0.67,Striker,13,0.5384615384615384
5ef0088c1b19beeb,Bryan Caraway,Kid Lightning,5.8,135.0,Orthodox,21,9,0,0,2.6,717.2,0.0,36.2,1.5,0.6,163.2,0.38,0.31,0.7,0.67,0.36,0.45,0.4,0.6,Bantamweight,Male,1.0,0.0,0.75,0.25,Wrestler,30,0.7
b2e3aca4cd363477,Chris Cariaso,Kamikaze,5.3,125.0,Southpaw,17,8,0,0,2.85,822.38,0.08,44.08,1.85,0.62,198.77,0.41,0.32,0.73,0.69,0.33,0.65,0.53,0.62,Flyweight,Male,6.0,0.0,0.14,0.86,Striker,25,0.68
52e76bb4b3e852f3,Antonio Carlos Junior,Cara de Sapato,6.2,185.0,Orthodox,11,5,0,0,2.46,687.46,0.0,26.31,2.15,0.38,328.92,0.45,0.37,0.66,0.85,0.33,0.4,0.61,0.38,Middleweight,Male,3.0,0.0,0.57,0.43,Striker,16,0.6875
be68b375707dcb85,Spike Carlyle,Alpha Ginger,5.8,145.0,Switch,9,3,0,0,2.33,628.33,0.0,36.33,1.33,0.0,267.33,0.48,0.58,0.59,0.63,0.53,0.64,0.45,0.0,Featherweight,Male,1.0,0.0,0.0,1.0,Striker,12,0.75
3591d0d5d382a381,Francis Carmont,Limitless,6.3,205.0,Orthodox,25,12,0,0,2.67,724.56,0.22,20.78,0.89,0.56,171.78,0.43,0.31,0.55,0.7,0.39,0.37,0.23,0.56,Middleweight,Male,3.0,0.2,0.2,0.6,Wrestler,37,0.6756756756756757
51a0c09cbe9b8472,Liz Carmouche,Girlrilla,5.6,125.0,Orthodox,13,7,0,0,2.9,862.6,0.0,32.1,2.5,0.4,273.0,0.51,0.38,0.65,0.7,0.43,0.85,0.75,0.4,Women's Flyweight,Female,5.0,0.17,0.0,0.83,Striker,20,0.65
1c86754617d9813a,Roan Carneiro,Jucao,5.11,170.0,Orthodox,21,11,0,0,2.22,585.33,0.0,14.67,2.0,0.89,247.44,0.4,0.34,0.54,0.67,0.32,0.54,0.42,0.89,Welterweight,Male,2.0,0.33,0.0,0.67,Wrestler,32,0.65625
c0d5c0c95c59050b,Ariane Carnelossi,Sorriso,5.2,115.0,Orthodox,15,3,0,0,2.67,692.17,0.17,47.33,2.0,0.5,234.17,0.55,0.48,0.77,0.31,0.47,0.68,0.41,0.5,Women's Strawweight,Female,1.0,0.5,0.0,0.5,Striker,18,0.8333333333333334
528b071cf3da7c56,Luana Carolina,Dread,5.6,135.0,Orthodox,11,5,0,0,2.8,799.2,0.1,56.4,0.7,0.7,158.2,0.49,0.36,0.63,0.83,0.45,0.55,0.49,0.7,Women's Flyweight,Female,2.0,0.33,0.0,0.67,Striker,16,0.6875
b62d5280966b2460,Clayton Carpenter,No Nickname,5.6,125.0,Orthodox,8,2,0,0,1.75,451.75,0.0,21.5,0.75,1.0,150.5,0.52,0.43,0.72,0.52,0.46,0.62,0.43,1.0,Flyweight,Male,0.0,0.0,1.0,0.0,Wrestler,10,0.8
7b6e40a73b567072,Shonie Carter,Mr. International,5.1,170.0,Southpaw,51,31,7,0,2.17,601.67,0.33,18.83,1.67,0.0,171.0,0.42,0.26,0.64,0.76,0.39,0.7,0.26,0.0,Welterweight,Male,2.0,0.33,0.0,0.67,Wrestler,89,0.5730337078651685
fef3d17e27e916e7,Antonio Carvalho,Pato,5.9,145.0,Orthodox,15,6,0,0,2.0,514.25,0.5,27.25,0.0,0.0,41.0,0.31,0.2,0.49,0.89,0.28,0.32,0.28,0.0,Featherweight,Male,1.0,0.67,0.0,0.33,Hybrid,21,0.7142857142857143
68dd7b3783c19f9c,Shane Carwin,The Engineer,6.2,265.0,Orthodox,12,2,0,0,1.5,295.17,0.67,25.5,0.5,0.0,45.67,0.42,0.4,0.59,0.17,0.23,0.49,0.64,0.0,Heavyweight,Male,1.0,0.75,0.0,0.25,Hybrid,14,0.8571428571428571
1f4b04a926ef1287,Johnny Case,Hollywood,5.1,155.0,Orthodox,22,6,0,0,2.83,792.17,0.0,43.83,1.5,0.0,207.17,0.43,0.33,0.49,0.85,0.39,0.46,0.57,0.0,Lightweight,Male,0.0,1.0,0.0,0.0,Striker,28,0.7857142857142857
8d9586726252dbf7,Kevin Casey,King,5.11,185.0,Southpaw,9,5,2,0,2.14,531.71,0.14,24.29,0.43,0.29,158.0,0.49,0.43,0.66,0.48,0.34,0.69,0.47,0.29,Middleweight,Male,1.0,0.0,0.0,1.0,Striker,16,0.5625
5f179af5fffeb9f6,Cortney Casey,Cast Iron,5.7,125.0,Orthodox,10,10,0,0,2.6,761.47,0.0,50.07,1.13,0.4,137.47,0.43,0.38,0.56,0.66,0.36,0.67,0.5,0.4,Women's Flyweight,Female,4.0,0.14,0.29,0.57,Striker,20,0.5
5fa2974cbd18e05c,John Castaneda,Sexi Mexi,5.6,135.0,Switch,21,8,0,0,2.62,756.25,0.38,58.12,1.25,0.0,102.5,0.47,0.4,0.68,0.76,0.46,0.64,0.25,0.0,Catch Weight,Male,3.0,0.25,0.0,0.75,Striker,29,0.7241379310344828
31ceaf0e670c1578,Gil Castillo,No Nickname,5.9,170.0,Southpaw,8,5,0,0,3.0,900.0,0.0,9.0,3.33,0.0,493.67,0.46,0.42,0.25,0.67,0.5,0.33,0.15,0.0,Welterweight,Male,1.0,0.0,0.0,1.0,Striker,13,0.6153846153846154
d1e7fc58d4225cdf,Danny Castillo,Last Call,5.9,155.0,Orthodox,17,10,0,0,2.64,743.43,0.29,28.93,1.21,0.93,177.86,0.42,0.3,0.62,0.78,0.39,0.41,0.45,0.93,Lightweight,Male,3.0,0.5,0.0,0.5,Wrestler,27,0.6296296296296297
f8fe2053d73d7bcf,Nick Catone,The Jersey Devil,6.0,185.0,Southpaw,10,4,0,0,2.62,696.88,0.0,26.0,2.25,0.38,174.5,0.52,0.42,0.62,0.85,0.42,0.61,0.72,0.38,Middleweight,Male,2.0,0.25,0.25,0.5,Striker,14,0.7142857142857143
5c1ca0c72b599a3c,Rafael Cavalcante,Feijao,6.1,205.0,Orthodox,12,7,0,0,2.2,558.4,0.2,21.8,1.6,0.0,92.8,0.48,0.45,0.47,0.65,0.38,0.64,0.55,0.0,Light Heavyweight,Male,0.0,1.0,0.0,0.0,Hybrid,19,0.631578947368421
e3964ece586e0635,Jacqueline Cavalcanti,No Nickname,5.8,135.0,Orthodox,9,1,0,0,3.0,900.0,0.0,55.4,0.4,0.0,82.2,0.39,0.24,0.61,0.87,0.38,0.44,0.0,0.0,Women's Bantamweight,Female,1.0,0.0,0.0,1.0,Hybrid,10,0.9
0e21976afc92e4d1,Magnus Cedenblad,Jycken,6.5,185.0,Orthodox,14,5,0,0,2.0,470.83,0.5,19.5,1.0,0.33,187.67,0.55,0.44,0.45,0.61,0.47,0.38,0.49,0.33,Middleweight,Male,1.0,0.5,0.25,0.25,Striker,19,0.7368421052631579
3e61082025db8137,Yosdenis Cedeno,Pink Panther,5.8,155.0,Orthodox,10,6,1,0,2.5,750.0,0.25,17.75,1.25,0.0,175.75,0.31,0.23,0.55,0.65,0.4,0.88,0.14,0.0,Lightweight,Male,1.0,0.5,0.0,0.5,Hybrid,17,0.5882352941176471
056c493bbd76a918,Henry Cejudo,Triple C,5.4,135.0,Orthodox,16,5,0,0,2.88,819.69,0.38,57.06,1.12,0.06,117.81,0.48,0.37,0.75,0.75,0.42,0.62,0.44,0.06,Bantamweight,Male,5.0,0.44,0.0,0.56,Striker,21,0.7619047619047619
e872e9a9a902c045,Katlyn Cerminara,Blonde Fighter,5.9,125.0,Orthodox,18,6,0,0,2.88,850.47,0.12,68.82,0.76,0.29,100.76,0.39,0.29,0.63,0.78,0.35,0.63,0.31,0.29,Women's Flyweight,Female,12.0,0.08,0.0,0.92,Striker,24,0.75
1d00756835ca67c9,Donald Cerrone,Cowboy,6.1,155.0,Orthodox,36,17,0,0,2.13,563.37,0.5,44.89,0.61,0.24,65.16,0.47,0.34,0.64,0.85,0.45,0.51,0.31,0.24,Welterweight,Male,7.0,0.5,0.21,0.29,Striker,53,0.6792452830188679
9ccf8371fd80d45d,Luan Chagas,Tarzan,6.0,170.0,Orthodox,15,3,1,0,2.5,696.25,1.0,48.25,0.25,0.25,106.5,0.42,0.36,0.44,0.8,0.4,0.87,0.59,0.25,Welterweight,Male,0.0,0.0,1.0,0.0,Striker,19,0.7894736842105263
5ef94841c4bc3f86,Edgar Chairez,Puro Chicali,5.7,125.0,Orthodox,12,6,0,0,1.8,462.8,0.2,34.4,0.6,1.0,64.2,0.55,0.38,0.56,0.69,0.54,0.4,0.31,1.0,Flyweight,Male,1.0,0.0,0.67,0.33,Striker,18,0.6666666666666666
26b63bc5c0c1f65d,Alex Chambers,Astro Girl,5.3,115.0,Southpaw,5,5,0,0,2.2,546.0,0.0,28.4,0.6,1.8,49.6,0.55,0.49,0.48,0.65,0.55,0.65,0.22,1.8,Women's Strawweight,Female,1.0,0.0,0.5,0.5,Wrestler,10,0.5
4b93a88f3b1de35b,Michael Chandler,Iron,5.8,155.0,Orthodox,23,10,0,0,2.71,670.43,0.14,53.57,0.86,0.14,148.57,0.51,0.4,0.63,0.77,0.46,0.4,0.53,0.14,Lightweight,Male,0.0,1.0,0.0,0.0,Striker,33,0.696969696969697
af9efbfd63d39734,Chelsea Chandler,No Nickname,5.8,135.0,Southpaw,6,4,0,0,2.2,621.2,0.0,33.4,0.6,0.0,81.0,0.48,0.39,0.68,0.68,0.44,0.66,0.2,0.0,Women's Bantamweight,Female,0.0,1.0,0.0,0.0,Hybrid,10,0.6
5b03b61f9d90125e,Morgan Charriere,The Last Pirate,5.8,145.0,Orthodox,21,11,1,0,2.4,597.0,0.4,44.2,0.8,0.0,115.8,0.51,0.45,0.78,0.69,0.48,0.68,0.46,0.0,Featherweight,Male,1.0,0.67,0.0,0.33,Striker,33,0.6363636363636364
b406da701c479076,Ernest Chavez,EJ,5.8,145.0,Orthodox,10,2,0,0,2.33,674.0,0.0,31.33,0.67,0.0,142.0,0.41,0.33,0.42,0.71,0.39,0.54,0.17,0.0,Lightweight,Male,1.0,0.0,0.0,1.0,Hybrid,12,0.8333333333333334
9cdd2da1a9104a0b,Macy Chiasson,No Nickname,5.11,135.0,Orthodox,11,5,0,0,2.38,635.54,0.0,34.23,1.38,0.08,175.08,0.49,0.39,0.71,0.62,0.42,0.55,0.32,0.08,Women's Bantamweight,Female,4.0,0.2,0.0,0.8,Striker,16,0.6875
c58f51dedb310998,Michael Chiesa,Maverick,6.1,170.0,Southpaw,19,7,0,0,2.24,576.0,0.0,18.76,1.19,0.67,188.33,0.45,0.32,0.71,0.64,0.39,0.42,0.29,0.67,Welterweight,Male,5.0,0.0,0.62,0.38,Wrestler,26,0.7307692307692307
9560ff14eb3129f7,Giga Chikadze,Ninja,6.0,145.0,Orthodox,15,5,0,0,2.82,799.82,0.36,48.27,0.64,0.0,57.73,0.43,0.35,0.6,0.75,0.41,0.26,0.48,0.0,Featherweight,Male,5.0,0.29,0.0,0.71,Hybrid,20,0.75
767755fd74662dbf,Khamzat Chimaev,Borz,6.2,185.0,Orthodox,15,0,0,1,2.0,491.22,0.11,23.89,0.44,0.44,39.56,0.49,0.36,0.34,0.39,0.41,0.21,0.44,0.44,Middleweight,Male,0.0,0.67,0.33,0.0,Hybrid,15,1.0
9f7787e56a6bc0f4,Sako Chivitchian,No Nickname,5.11,155.0,Orthodox,8,1,0,0,3.0,900.0,0.0,72.0,0.0,0.0,148.0,0.53,0.33,0.94,0.81,0.47,0.9,0.0,0.0,Lightweight,Male,1.0,0.0,0.0,1.0,Striker,9,0.8888888888888888
e93b04e308913c2e,Dooho Choi,The Korean Superboy,5.1,145.0,Orthodox,16,4,1,0,2.0,491.11,0.44,33.67,0.33,0.33,52.67,0.49,0.41,0.61,0.39,0.43,0.67,0.62,0.33,Featherweight,Male,0.0,1.0,0.0,0.0,Striker,21,0.7619047619047619
a68575214ecad140,SeungWoo Choi,Sting,6.0,145.0,Orthodox,11,8,0,0,2.18,589.18,0.64,34.91,0.45,0.0,99.18,0.43,0.34,0.61,0.75,0.39,0.52,0.48,0.0,Featherweight,Male,4.0,0.2,0.0,0.8,Hybrid,19,0.5789473684210527
adccbc19b22e19af,SeungGuk Choi,No Nickname,5.6,125.0,Orthodox,7,3,0,0,3.0,791.0,0.0,38.0,1.0,3.0,107.0,0.41,0.33,0.33,0.63,0.42,0.33,0.0,3.0,Flyweight,Male,0.0,0.0,1.0,0.0,Wrestler,10,0.7
55a7b2d4e54ffac9,Ryo Chonan,Piranah,5.9,170.0,Orthodox,22,13,0,0,3.0,900.0,0.0,38.0,0.5,0.0,279.5,0.38,0.28,0.86,0.85,0.35,0.38,0.46,0.0,Welterweight,Male,1.0,0.0,0.0,1.0,Striker,35,0.6285714285714286
2d447cc91bdaa545,Joachim Christensen,No Nickname,6.3,205.0,Orthodox,14,6,0,0,1.75,369.5,0.5,21.75,0.25,0.25,90.0,0.53,0.42,0.58,0.95,0.42,0.33,0.67,0.25,Light Heavyweight,Male,0.0,0.5,0.5,0.0,Striker,20,0.7
b369533a577fa97c,Dan Christison,The Sandman,6.8,265.0,Orthodox,20,7,0,0,3.0,858.5,0.0,60.5,0.0,1.0,150.0,0.52,0.4,0.75,0.96,0.48,0.59,0.66,1.0,Heavyweight,Male,0.0,0.0,1.0,0.0,Striker,27,0.7407407407407407
4f11e9ce318ffbcb,Anthony Christodoulou,No Nickname,5.9,155.0,Orthodox,12,7,0,0,2.5,549.0,0.0,40.0,0.5,0.5,126.0,0.37,0.3,0.36,0.7,0.36,0.38,0.0,0.5,Lightweight,Male,0.0,0.0,1.0,0.0,Hybrid,19,0.631578947368421
2244d9a2b64b8c3b,Hannah Cifers,Shockwave,5.1,115.0,Orthodox,10,7,0,0,2.0,499.71,0.14,46.43,0.29,0.14,52.29,0.43,0.3,0.66,0.9,0.35,0.69,0.43,0.14,Women's Strawweight,Female,1.0,0.5,0.0,0.5,Hybrid,17,0.5882352941176471
67f272324a030d00,Misha Cirkunov,No Nickname,6.3,205.0,Orthodox,15,9,0,0,1.46,283.69,0.23,19.0,0.85,0.54,66.77,0.56,0.48,0.75,0.41,0.43,0.57,0.46,0.54,Light Heavyweight,Male,1.0,0.4,0.5,0.1,Striker,24,0.625
1c2f2571b18791b6,Laverne Clark,No Nickname,5.11,170.0,Orthodox,27,21,1,0,1.5,365.75,0.25,8.75,0.5,0.0,170.0,0.57,0.52,0.7,0.0,0.46,0.42,0.64,0.0,Lightweight,Male,1.0,0.67,0.0,0.33,Wrestler,49,0.5510204081632653
6776260cb0aef647,Logan Clark,No Nickname,6.2,185.0,Orthodox,18,6,0,0,3.0,900.0,0.0,40.0,0.0,2.0,229.0,0.72,0.68,0.85,1.0,0.33,0.64,0.89,2.0,Middleweight,Male,1.0,0.0,0.0,1.0,Wrestler,24,0.75
cc7040fe76f0ef91,Devin Clark,Brown Bear,6.0,205.0,Orthodox,14,9,0,0,2.47,683.88,0.24,37.12,1.35,0.12,244.65,0.55,0.45,0.73,0.8,0.44,0.72,0.42,0.12,Light Heavyweight,Male,4.0,0.5,0.0,0.5,Striker,23,0.6086956521739131
6c8072b61c276e67,Jessica-Rose Clark,No Nickname,5.5,135.0,Orthodox,11,9,0,0,2.56,720.78,0.0,47.89,1.44,0.44,210.33,0.51,0.47,0.54,0.51,0.41,0.53,0.66,0.44,Women's Bantamweight,Female,3.0,0.14,0.43,0.43,Striker,20,0.55
c76ec2bc3a57666a,Mitch Clarke,Danger Zone,5.1,155.0,Orthodox,11,5,0,0,2.29,604.86,0.43,37.29,0.71,0.43,172.14,0.51,0.42,0.61,0.63,0.46,0.59,0.41,0.43,Lightweight,Male,2.0,0.5,0.0,0.5,Striker,16,0.6875
7d21de9c6d7c98b2,Rich Clementi,No Love,5.9,155.0,Southpaw,45,23,1,0,2.3,657.1,0.0,17.1,1.4,0.8,149.8,0.37,0.24,0.69,0.77,0.31,0.47,0.36,0.8,Lightweight,Male,2.0,0.0,0.6,0.4,Wrestler,69,0.6521739130434783
e5ecaf884b6da2bc,Chris Clements,The Menace,5.1,170.0,Orthodox,12,6,0,0,2.4,619.0,0.4,22.6,1.2,0.4,132.4,0.56,0.49,0.55,0.51,0.52,0.6,0.39,0.4,Welterweight,Male,0.0,1.0,0.0,0.0,Striker,18,0.6666666666666666
21b8a0f5c231096f,Mark Coleman,The Hammer,6.1,205.0,Orthodox,16,10,0,0,1.75,448.5,0.0,20.25,2.08,0.67,320.0,0.6,0.59,0.46,0.31,0.37,0.31,0.62,0.67,Light Heavyweight,Male,1.0,0.43,0.43,0.14,Wrestler,26,0.6153846153846154
cc900c6a71ed23f3,Clay Collard,Cassius,5.11,145.0,Orthodox,14,7,0,0,3.0,881.75,0.0,53.5,2.25,0.5,173.0,0.33,0.23,0.59,0.87,0.3,0.61,0.72,0.5,Featherweight,Male,1.0,0.0,0.0,1.0,Wrestler,21,0.6666666666666666
92fa1401b7927da3,Jake Collier,The Prototype,6.3,230.0,Orthodox,13,10,0,0,2.36,636.43,0.14,57.29,0.64,0.36,108.0,0.44,0.36,0.69,0.69,0.41,0.56,0.29,0.36,Heavyweight,Male,1.0,0.5,0.25,0.25,Hybrid,23,0.5652173913043478
f9f07bb5a43535ed,Carlos Condit,The Natural Born Killer,6.2,170.0,Orthodox,32,14,0,0,2.84,793.53,0.37,50.47,2.0,0.53,152.79,0.38,0.33,0.57,0.52,0.3,0.43,0.56,0.53,Welterweight,Male,6.0,0.38,0.15,0.46,Wrestler,46,0.6956521739130435
1c061eb6e29eaa0a,Bob Cook,Crazy,5.9,170.0,Orthodox,5,0,0,0,2.0,389.0,0.0,22.0,1.0,2.0,69.0,0.46,0.4,0.64,0.5,0.44,0.58,0.0,2.0,Lightweight,Male,0.0,0.0,1.0,0.0,Wrestler,5,1.0
d4a31850a7457f1b,Amanda Cooper,ABC,5.3,115.0,Switch,3,5,0,0,1.83,490.5,0.17,29.0,0.67,1.33,179.67,0.44,0.34,0.55,0.61,0.34,0.32,0.42,1.33,Women's Strawweight,Female,0.0,0.5,0.5,0.0,Wrestler,8,0.375
8c8c92a12621d7e0,Chris Cope,C-Murder,6.0,170.0,Orthodox,8,4,0,0,2.0,439.67,0.67,26.0,0.0,0.0,60.33,0.43,0.32,0.51,0.94,0.47,0.89,0.14,0.0,Welterweight,Male,0.0,1.0,0.0,0.0,Hybrid,12,0.6666666666666666
3f52ce18fb98008f,Akira Corassani,No Nickname,5.8,145.0,Orthodox,12,6,0,0,1.83,427.33,0.5,27.67,0.5,0.0,110.33,0.48,0.42,0.54,0.58,0.44,0.55,0.44,0.0,Featherweight,Male,1.0,0.5,0.0,0.25,Hybrid,18,0.6666666666666666
d967f0128c323de6,Daniel Cormier,DC,5.11,235.0,Orthodox,22,3,0,0,3.0,829.67,0.2,54.47,1.47,0.33,187.07,0.53,0.46,0.81,0.78,0.4,0.62,0.6,0.33,Heavyweight,Male,3.0,0.33,0.33,0.33,Striker,25,0.88
f2b3f4ef3f780168,Nora Cornolle,No Nickname,5.7,135.0,Orthodox,9,3,0,0,2.6,719.6,0.0,28.0,0.2,0.2,122.6,0.51,0.4,0.84,0.63,0.45,0.79,0.0,0.2,Women's Bantamweight,Female,2.0,0.0,0.33,0.67,Striker,12,0.75
673ea7dcc786b1b3,Bethe Correia,Pitbull,5.5,135.0,Orthodox,11,6,1,0,2.75,760.25,0.0,63.0,0.33,0.0,65.58,0.46,0.38,0.65,0.81,0.43,0.68,0.27,0.0,Women's Bantamweight,Female,3.0,0.25,0.0,0.75,Striker,18,0.6111111111111112
4e9fb05d7e5e61b8,Wesley Correira,Cabbage,6.3,260.0,Orthodox,20,16,0,0,1.75,329.5,0.25,16.25,0.0,0.0,5.25,0.4,0.38,0.5,0.38,0.31,0.5,0.25,0.0,Heavyweight,Male,0.0,1.0,0.0,0.0,Hybrid,36,0.5555555555555556
fc08099550072fe4,Waldo Cortes-Acosta,Salsa Boy,6.4,260.0,Orthodox,14,2,0,0,2.36,671.82,0.45,47.91,0.55,0.09,93.45,0.47,0.4,0.62,0.87,0.47,0.36,0.24,0.09,Heavyweight,Male,2.0,0.67,0.0,0.33,Hybrid,16,0.875
68d4a891e5cf2029,Tracy Cortez,No Nickname,5.5,125.0,Orthodox,12,2,0,0,3.12,935.5,0.0,48.88,1.38,0.25,209.62,0.44,0.38,0.76,0.8,0.39,0.72,0.38,0.25,Women's Flyweight,Female,4.0,0.0,0.0,1.0,Striker,14,0.8571428571428571
afe8d5b39ff7fca2,Louis Cosce,No Nickname,5.9,170.0,Orthodox,7,2,0,0,3.0,833.5,0.0,67.5,1.0,0.5,206.0,0.39,0.34,0.66,0.75,0.35,0.88,0.38,0.5,Welterweight,Male,0.0,1.0,0.0,0.0,Striker,9,0.7777777777777778
2c010b26a3306969,Orion Cosce,Galaxy,5.11,170.0,Switch,8,2,0,0,2.33,645.33,0.33,32.67,2.33,0.33,382.0,0.51,0.43,0.76,0.82,0.38,0.75,0.87,0.33,Welterweight,Male,1.0,0.5,0.0,0.5,Striker,10,0.8
2e5c2aa8e4ab9d82,Paulo Costa,The Eraser,6.1,185.0,Orthodox,15,4,0,0,2.82,765.73,0.18,78.0,0.36,0.0,52.55,0.52,0.36,0.81,0.82,0.51,0.57,0.28,0.0,Middleweight,Male,3.0,0.25,0.0,0.75,Striker,19,0.7894736842105263
325ad0dd9126d3df,Randy Costa,The Zohan,5.9,135.0,Switch,6,4,0,0,1.5,266.33,0.33,37.0,0.0,0.0,41.83,0.39,0.31,0.51,0.49,0.37,0.24,0.18,0.0,Bantamweight,Male,0.0,1.0,0.0,0.0,Hybrid,10,0.6
3fa97913cfd205d3,Alessandro Costa,Nono,5.4,125.0,Orthodox,14,5,0,0,2.6,607.6,0.2,34.6,0.6,0.0,65.8,0.42,0.33,0.57,0.91,0.38,0.45,0.3,0.0,Flyweight,Male,0.0,1.0,0.0,0.0,Hybrid,19,0.7368421052631579
20bccc9bb4ceb23e,Melquizael Costa,Melk Cauthy,5.1,145.0,Southpaw,24,7,0,0,2.43,655.14,0.0,32.0,2.0,0.43,158.43,0.45,0.28,0.74,0.71,0.43,0.45,0.23,0.43,Featherweight,Male,0.0,0.0,1.0,0.0,Striker,31,0.7741935483870968
9fa3bd637edd9aa2,Patrick Cote,The Predator,5.11,170.0,Orthodox,23,11,0,0,2.52,677.48,0.33,34.33,0.67,0.33,152.71,0.47,0.4,0.61,0.68,0.38,0.64,0.57,0.33,Welterweight,Male,7.0,0.31,0.08,0.54,Striker,34,0.6764705882352942
d1528ac5675558b1,Rashad Coulter,Daywalker,5.11,205.0,Orthodox,9,4,0,0,2.0,556.0,0.25,47.5,0.75,0.5,179.5,0.52,0.44,0.9,0.94,0.44,0.69,0.45,0.5,Light Heavyweight,Male,0.0,1.0,0.0,0.0,Striker,13,0.6923076923076923
0aa92558424ced9e,Randy Couture,The Natural,6.1,205.0,Orthodox,19,11,0,0,2.62,684.58,0.04,32.42,2.17,0.46,380.1,0.61,0.54,0.64,0.71,0.28,0.6,0.55,0.46,Heavyweight,Male,5.0,0.44,0.25,0.31,Wrestler,30,0.6333333333333333
46fd223e3ced39b3,Ryan Couture,No Nickname,5.1,155.0,Orthodox,11,5,0,0,2.5,712.5,0.5,54.0,2.5,0.0,31.0,0.57,0.5,0.9,0.5,0.55,0.82,0.6,0.0,Lightweight,Male,1.0,0.5,0.0,0.5,Striker,16,0.6875
dc9572dd6ec74859,Colby Covington,Chaos,5.11,170.0,Orthodox,17,5,0,0,3.59,1016.76,0.06,59.82,2.24,0.29,245.82,0.44,0.39,0.6,0.69,0.34,0.64,0.54,0.29,Welterweight,Male,2.0,0.5,0.17,0.33,Striker,22,0.7727272727272727
3c26c420584d912d,Hailey Cowan,All Hail,5.8,135.0,Southpaw,7,4,0,0,2.5,656.0,0.0,39.5,0.5,0.0,165.5,0.57,0.48,0.96,0.38,0.48,0.5,0.5,0.0,Women's Bantamweight,Female,1.0,0.0,0.0,1.0,Striker,11,0.6363636363636364
8a70ceb3edbe757b,Andrew Craig,Highlight,6.1,170.0,Orthodox,9,4,0,0,2.57,734.43,0.57,36.57,0.71,0.14,119.43,0.5,0.43,0.72,0.78,0.43,0.67,0.63,0.14,Middleweight,Male,0.0,1.0,0.0,0.0,Striker,13,0.6923076923076923
eabf206b162b3b83,Paul Craig,Bearjew,6.3,205.0,Orthodox,17,10,1,0,1.86,480.67,0.1,22.29,0.52,0.38,92.0,0.54,0.4,0.72,0.63,0.49,0.52,0.37,0.38,Light Heavyweight,Male,1.0,0.57,0.29,0.14,Hybrid,28,0.6071428571428571
480b702debcb5433,Dan Cramer,No Nickname,6.2,170.0,Orthodox,11,4,0,0,3.0,900.0,0.0,14.5,0.0,0.5,373.0,0.26,0.24,1.0,0.5,0.36,0.38,0.27,0.5,Welterweight,Male,1.0,0.0,0.0,1.0,Wrestler,15,0.7333333333333333
89b8d1bf1ff09d1d,Tim Credeur,No Nickname,6.3,185.0,Orthodox,12,4,0,0,1.8,437.4,0.4,26.2,0.2,1.6,55.6,0.32,0.28,0.43,0.8,0.31,0.28,0.39,1.6,Middleweight,Male,0.0,0.67,0.33,0.0,Wrestler,16,0.75
a9d6e047ce48ab63,Allen Crowder,Pretty Boy,6.3,245.0,Orthodox,10,4,0,0,1.33,203.33,0.33,16.0,0.0,0.0,26.0,0.61,0.53,1.0,0.67,0.58,0.38,0.67,0.0,Heavyweight,Male,0.0,1.0,0.0,0.0,Striker,14,0.7142857142857143
5f99b2bafb10305f,Daron Cruickshank,Detroit Superstar,5.8,155.0,Switch,18,10,0,0,2.31,611.46,0.23,31.77,1.54,0.46,119.23,0.45,0.33,0.71,0.81,0.41,0.44,0.41,0.46,Lightweight,Male,3.0,0.29,0.29,0.43,Striker,28,0.6428571428571429
70e1f8a821b72c8b,Jimmy Crute,No Nickname,6.2,205.0,Orthodox,14,4,2,0,1.58,387.67,0.42,22.33,1.92,1.0,158.33,0.49,0.42,0.66,0.57,0.44,0.47,0.64,1.0,Light Heavyweight,Male,0.0,0.38,0.62,0.0,Wrestler,20,0.7
6aa1cbc1466e9a0b,Marcio Cruz,Pe de Pano,6.4,232.0,Orthodox,8,3,0,0,1.75,426.75,0.0,20.75,0.25,0.75,91.25,0.37,0.23,0.75,0.49,0.23,0.44,0.2,0.75,Heavyweight,Male,0.0,0.5,0.5,0.0,Hybrid,11,0.7272727272727273
10f3ba6cd2f44a97,Dominick Cruz,The Dominator,5.8,135.0,Orthodox,24,4,0,0,3.8,1099.6,0.4,72.8,2.5,0.1,143.9,0.42,0.33,0.56,0.75,0.37,0.58,0.41,0.1,Bantamweight,Male,5.0,0.17,0.0,0.83,Striker,28,0.8571428571428571
0e46690e55a8df75,Timmy Cuamba,Twilight,5.9,135.0,Orthodox,9,3,0,0,2.75,808.75,0.5,39.75,1.0,0.0,132.25,0.48,0.42,0.7,0.5,0.45,0.76,0.75,0.0,Bantamweight,Male,2.0,0.33,0.0,0.67,Striker,12,0.75
683ea28a198936fe,Jay Cucciniello,No Nickname,5.7,155.0,Orthodox,8,1,0,0,3.0,900.0,0.0,71.0,2.0,0.0,498.0,0.63,0.57,0.62,0.88,0.62,0.0,0.7,0.0,Featherweight,Male,1.0,0.0,0.0,1.0,Striker,9,0.8888888888888888
6751eacd16bd59bc,Josh Culibao,Kuya,5.1,145.0,Orthodox,11,4,1,0,2.75,787.88,0.12,33.5,0.75,0.5,124.0,0.37,0.27,0.63,0.75,0.36,0.73,0.13,0.5,Featherweight,Male,3.0,0.0,0.25,0.75,Hybrid,16,0.6875
4ba8d454f762005d,Zak Cummings,No Nickname,6.0,205.0,Southpaw,25,7,0,0,2.43,691.93,0.36,34.93,0.5,0.5,78.36,0.38,0.31,0.46,0.75,0.34,0.47,0.36,0.5,Light Heavyweight,Male,1.0,0.29,0.57,0.14,Hybrid,32,0.78125
e51e5cb722bd47a8,Patrick Cummins,Durkin,6.2,205.0,Orthodox,10,7,0,0,2.08,539.15,0.08,27.69,1.0,0.15,92.0,0.44,0.34,0.74,0.73,0.31,0.67,0.44,0.15,Light Heavyweight,Male,2.0,0.5,0.0,0.5,Hybrid,17,0.5882352941176471
93ce4ac89e3d7652,Luke Cummo,No Nickname,6.0,170.0,Orthodox,6,6,0,0,2.57,724.29,0.57,21.0,0.71,1.14,98.14,0.44,0.33,0.69,0.57,0.38,0.53,0.54,1.14,Welterweight,Male,1.0,0.67,0.0,0.33,Wrestler,12,0.5
a8ea84cbe1655f0a,Jeff Curran,Big Frog,5.6,135.0,Orthodox,36,18,1,0,3.0,900.0,0.0,33.67,0.0,0.67,19.0,0.42,0.29,0.87,0.85,0.35,0.81,0.52,0.67,Bantamweight,Male,1.0,0.0,0.0,1.0,Wrestler,55,0.6545454545454545
05b43e0ead3df345,Kailin Curran,No Nickname,5.4,115.0,Orthodox,4,5,0,0,2.57,705.86,0.0,55.14,2.29,0.29,116.0,0.46,0.36,0.79,0.6,0.4,0.57,0.51,0.29,Women's Strawweight,Female,3.0,0.0,0.25,0.75,Striker,9,0.4444444444444444
5442f1bc4b47eaf3,Chris Curtis,Action-Man,5.1,170.0,Orthodox,32,12,0,0,2.73,776.09,0.18,76.45,0.09,0.09,30.0,0.47,0.37,0.73,0.74,0.46,0.61,0.29,0.09,Welterweight,Male,3.0,0.4,0.0,0.6,Striker,44,0.7272727272727273
cd13728ae1151f46,Ion Cutelaba,The Hulk,6.1,205.0,Southpaw,19,11,1,0,1.95,490.26,0.11,30.84,1.95,0.05,126.58,0.48,0.42,0.58,0.75,0.4,0.44,0.61,0.05,Light Heavyweight,Male,4.0,0.38,0.12,0.5,Striker,31,0.6129032258064516
b0bd0c5425668b8f,Henrique da Silva,Frankenstein,6.3,205.0,Orthodox,14,5,0,0,1.83,460.0,0.17,33.5,1.0,1.0,165.5,0.57,0.51,0.72,0.47,0.49,0.73,0.49,1.0,Light Heavyweight,Male,1.0,0.0,0.67,0.33,Wrestler,19,0.7368421052631579
6551c64fbcd1a467,Ariane da Silva,Queen of Violence,5.6,125.0,Orthodox,17,11,0,0,2.5,687.07,0.29,51.14,1.0,0.21,144.71,0.47,0.36,0.73,0.61,0.44,0.61,0.4,0.21,Women's Flyweight,Female,7.0,0.11,0.11,0.78,Striker,28,0.6071428571428571
9d19d9e4aa2662e8,Nicolas Dalby,Danish Dynamite,5.11,170.0,Orthodox,23,6,1,0,2.73,796.0,0.13,47.93,0.93,0.13,194.27,0.43,0.33,0.62,0.87,0.37,0.61,0.42,0.13,Welterweight,Male,4.0,0.0,0.0,1.0,Striker,30,0.7666666666666667
23725c826c481e7f,Paul Daley,Semtex,5.9,170.0,Orthodox,39,15,2,0,1.67,398.33,0.33,15.33,0.0,0.0,1.67,0.4,0.39,0.39,0.15,0.33,0.32,0.67,0.0,Welterweight,Male,0.0,1.0,0.0,0.0,Hybrid,56,0.6964285714285714
e50cd77732d39967,Aisling Daly,Ais the Bash,5.2,115.0,Orthodox,16,6,0,0,2.33,697.67,0.0,34.0,1.67,0.67,422.67,0.53,0.48,0.72,0.53,0.29,0.67,0.72,0.67,Women's Strawweight,Female,1.0,0.0,0.5,0.5,Wrestler,22,0.7272727272727273
a20d7dfaba74c067,Rodrigo Damm,No Nickname,5.7,155.0,Orthodox,13,9,0,0,2.71,768.29,0.14,52.71,0.43,0.14,25.14,0.37,0.29,0.52,0.73,0.37,0.46,0.19,0.14,Lightweight,Male,3.0,0.0,0.0,1.0,Hybrid,22,0.5909090909090909
3b0a516d2921e0d6,Batgerel Danaa,Storm,5.7,135.0,Orthodox,12,5,0,0,2.0,495.29,0.57,44.43,0.29,0.0,15.0,0.39,0.38,0.31,0.53,0.36,0.42,0.66,0.0,Bantamweight,Male,0.0,1.0,0.0,0.0,Hybrid,17,0.7058823529411765
baa9be02c3e3e038,Jose Daniel Medina,Chicho,6.0,185.0,Orthodox,11,6,0,0,1.67,457.67,0.33,25.33,1.0,0.33,69.33,0.55,0.49,0.64,0.67,0.51,1.0,0.33,0.33,Middleweight,Male,0.0,0.5,0.5,0.0,Striker,17,0.6470588235294118
86f582852a5b240a,Mac Danzig,No Nickname,5.8,155.0,Orthodox,21,12,1,0,2.38,650.08,0.23,38.85,0.85,0.62,140.46,0.48,0.4,0.78,0.69,0.38,0.64,0.53,0.62,Lightweight,Male,2.0,0.17,0.5,0.33,Wrestler,34,0.6176470588235294
08af939f41b5a57b,Beneil Dariush,No Nickname,5.1,155.0,Southpaw,23,6,1,0,2.04,528.2,0.36,30.76,0.6,0.48,115.28,0.47,0.37,0.71,0.66,0.38,0.67,0.36,0.48,Lightweight,Male,4.0,0.46,0.23,0.31,Striker,30,0.7666666666666667
d6c0cdd7e467c440,Kyle Daukaus,No Nickname,6.2,185.0,Southpaw,16,4,0,0,1.78,428.11,0.11,21.33,1.0,0.78,186.67,0.55,0.42,0.61,0.65,0.5,0.52,0.32,0.78,Middleweight,Male,1.0,0.0,0.67,0.33,Striker,20,0.8
d0aaedcf7ccd0b45,Chris Daukaus,No Nickname,6.3,205.0,Orthodox,12,7,0,0,1.25,190.88,0.5,13.75,0.0,0.0,10.88,0.54,0.49,0.59,0.47,0.53,0.36,0.21,0.0,Heavyweight,Male,0.0,1.0,0.0,0.0,Hybrid,19,0.631578947368421
b7d524c77c27389b,Marcus Davis,The Irish Hand Grenade,5.1,170.0,Southpaw,22,11,0,0,2.07,524.07,0.4,23.73,0.93,0.8,119.13,0.47,0.42,0.55,0.52,0.4,0.43,0.61,0.8,Welterweight,Male,2.0,0.33,0.44,0.22,Wrestler,33,0.6666666666666666
902ab9197b83d0db,Phil Davis,Mr. Wonderful,6.2,205.0,Orthodox,17,4,0,0,2.69,779.0,0.0,30.38,1.31,0.38,150.15,0.32,0.25,0.54,0.46,0.24,0.52,0.31,0.38,Light Heavyweight,Male,5.0,0.0,0.29,0.71,Hybrid,21,0.8095238095238095
4c2d90e335e6df19,Alexis Davis,No Nickname,5.6,135.0,Orthodox,21,11,0,0,2.71,776.79,0.0,51.86,0.86,0.64,205.43,0.48,0.38,0.72,0.86,0.44,0.63,0.46,0.64,Women's Bantamweight,Female,9.0,0.0,0.1,0.9,Striker,32,0.65625
cc351e408bbb7d43,Brandon Davis,Killer B,5.1,135.0,Orthodox,14,10,0,0,2.56,713.22,0.0,46.78,0.56,0.11,48.0,0.36,0.27,0.58,0.78,0.35,0.58,0.29,0.11,Bantamweight,Male,1.0,0.0,0.5,0.5,Hybrid,24,0.5833333333333334
fb3e61720be4690c,Mike Davis,Beast Boy,6.0,155.0,Orthodox,12,3,0,0,2.57,727.29,0.29,57.71,2.29,0.29,132.29,0.54,0.44,0.76,0.86,0.5,0.76,0.53,0.29,Lightweight,Male,2.0,0.33,0.0,0.67,Striker,15,0.8
2c9d00968f818270,Hakeem Dawodu,Mean,5.8,145.0,Orthodox,13,4,1,0,2.8,808.8,0.1,72.9,0.3,0.0,87.8,0.53,0.43,0.6,0.72,0.5,0.6,0.1,0.0,Featherweight,Male,5.0,0.17,0.0,0.83,Striker,18,0.7222222222222222
99bd51917728c25d,Grant Dawson,KGD,5.1,155.0,Switch,23,2,1,0,2.5,664.29,0.21,34.57,1.93,0.43,319.86,0.56,0.5,0.64,0.74,0.46,0.51,0.52,0.43,Lightweight,Male,4.0,0.33,0.22,0.44,Striker,26,0.8846153846153846
a6fd2173d5e2d7f0,Jason Day,Dooms,6.0,185.0,Orthodox,19,12,0,0,1.0,184.0,0.0,14.0,0.0,0.0,1.0,0.5,0.41,0.33,1.0,0.45,0.36,0.0,0.0,Middleweight,Male,0.0,1.0,0.0,0.0,Hybrid,31,0.6129032258064516
ea3dcc417c322064,Martin Day,The Spartan,5.1,145.0,Orthodox,8,6,0,0,2.5,708.25,0.5,48.25,1.0,1.0,113.0,0.44,0.36,0.62,0.76,0.42,0.42,0.68,1.0,Featherweight,Male,0.0,0.5,0.5,0.0,Striker,14,0.5714285714285714
1eff7bc0f815b270,Yorgan De Castro,The Mad Titan,6.0,250.0,Orthodox,6,3,0,0,2.0,528.0,0.25,29.5,0.0,0.0,49.75,0.57,0.46,0.63,0.7,0.56,0.62,0.25,0.0,Heavyweight,Male,1.0,0.5,0.0,0.5,Hybrid,9,0.6666666666666666
9cfbfae5fa1fdd93,Geraldo de Freitas,Spartan,5.7,135.0,Orthodox,12,6,0,0,3.0,900.0,0.0,48.67,4.67,0.0,388.33,0.56,0.46,0.81,0.87,0.5,0.88,0.72,0.0,Featherweight,Male,3.0,0.0,0.0,1.0,Striker,18,0.6666666666666666
6ef65b6a152e49d5,Philip De Fries,No Nickname,6.5,250.0,Orthodox,12,6,0,0,1.6,328.4,0.4,18.2,0.4,0.6,112.2,0.44,0.39,0.53,0.6,0.31,0.69,0.31,0.6,Heavyweight,Male,0.0,0.5,0.5,0.0,Hybrid,18,0.6666666666666666
e51ee8ded927fc51,Chris de la Rocha,No Nickname,6.3,250.0,Orthodox,5,3,0,0,2.0,445.0,0.0,43.75,0.5,0.0,75.0,0.42,0.41,0.6,0.45,0.36,0.55,0.45,0.0,Heavyweight,Male,0.0,1.0,0.0,0.0,Hybrid,8,0.625
80d8aed0ca9b00f3,Montana De La Rosa,No Nickname,5.7,125.0,Orthodox,13,9,1,0,2.58,731.33,0.08,35.92,1.33,0.5,247.17,0.44,0.38,0.72,0.53,0.32,0.57,0.47,0.5,Women's Flyweight,Female,2.0,0.2,0.4,0.4,Wrestler,23,0.5652173913043478
f57dd0bfa8c17813,Mark De La Rosa,Bumblebee,5.6,135.0,Orthodox,11,5,0,0,2.57,714.71,0.14,38.57,0.43,0.14,97.57,0.4,0.27,0.77,0.53,0.34,0.58,0.54,0.14,Bantamweight,Male,1.0,0.33,0.33,0.33,Hybrid,16,0.6875
ddf3e0ea10ea6d8c,Jorge de Oliveira,Blade,5.8,155.0,Orthodox,9,2,0,0,2.0,546.0,0.0,20.5,0.5,0.5,80.5,0.43,0.37,0.36,0.28,0.38,0.44,0.26,0.5,Lightweight,Male,0.0,0.0,1.0,0.0,Hybrid,11,0.8181818181818182
5dd180c8b3196786,Gloria de Paula,Glorinha,5.5,115.0,Orthodox,6,5,0,0,2.5,690.0,0.0,55.25,1.0,0.5,166.5,0.45,0.37,0.53,0.7,0.43,0.75,0.19,0.5,Women's Strawweight,Female,1.0,0.0,0.0,1.0,Striker,11,0.5454545454545454
1d239d571e342453,Germaine de Randamie,The Iron Lady,5.9,135.0,Orthodox,10,5,0,0,2.7,740.5,0.2,25.3,0.2,0.3,149.7,0.42,0.28,0.7,0.48,0.35,0.58,0.25,0.3,Women's Bantamweight,Female,0.0,0.67,0.33,0.0,Hybrid,15,0.6666666666666666
d549cefc7c54ab78,Reinier de Ridder,RdR,6.4,185.0,Southpaw,21,3,0,0,3.0,805.6,0.4,30.2,0.2,0.2,207.4,0.62,0.58,0.77,0.0,0.4,0.87,0.65,0.2,Middleweight,Male,0.0,1.0,0.0,0.0,Striker,24,0.875
70380ccdc81915b8,Yadier del Valle,The Cuban Problem,5.9,145.0,Southpaw,9,0,0,0,1.0,197.5,0.0,4.5,0.5,0.5,48.5,0.38,0.34,0.5,0.4,0.38,0.0,0.38,0.5,Featherweight,Male,0.0,0.0,1.0,0.0,Hybrid,9,1.0
37b1696e6d115957,Rolando Delgado,Roli,6.3,155.0,Orthodox,11,6,1,0,2.0,513.33,0.33,13.33,0.67,2.0,166.33,0.43,0.34,0.66,0.56,0.37,0.46,0.56,2.0,Lightweight,Male,0.0,0.0,1.0,0.0,Wrestler,18,0.6111111111111112
6b453bc35a823c3f,Jack Della Maddalena,No Nickname,5.11,170.0,Switch,18,2,0,1,2.56,699.0,0.56,56.33,1.67,0.11,198.89,0.49,0.42,0.69,0.58,0.44,0.74,0.75,0.11,Welterweight,Male,2.0,0.5,0.17,0.33,Striker,20,0.9
173acb3f920082b8,Roland Delorme,No Nickname,5.9,135.0,Orthodox,9,5,0,0,2.14,563.71,0.14,33.14,1.71,1.14,228.14,0.55,0.48,0.66,0.57,0.46,0.83,0.59,1.14,Bantamweight,Male,3.0,0.0,0.5,0.5,Wrestler,14,0.6428571428571429
6ceff86fae4f6b3b,Jason DeLucia,No Nickname,5.11,190.0,Southpaw,33,21,1,0,1.0,185.33,0.0,1.33,0.33,1.67,9.0,0.8,0.5,0.17,0.33,0.5,0.0,0.33,1.67,Open Weight,Male,0.0,0.0,1.0,0.0,Wrestler,55,0.6
2c483cf443f38ece,Vanessa Demopoulos,Lil Monster,5.2,125.0,Orthodox,11,8,0,0,2.6,755.3,0.2,49.2,0.7,0.1,178.4,0.45,0.36,0.69,0.59,0.36,0.6,0.41,0.1,Women's Strawweight,Female,5.0,0.0,0.0,1.0,Striker,19,0.5789473684210527
dfae5da5676e4194,Chris Dempsey,No Nickname,5.1,185.0,Orthodox,11,5,0,0,1.5,340.5,0.25,12.0,1.0,0.0,115.75,0.39,0.34,0.42,0.25,0.15,0.47,0.5,0.0,Middleweight,Male,0.0,1.0,0.0,0.0,Hybrid,16,0.6875
fa8b9e6b0c2269f8,Jason Dent,Dynamite,5.1,155.0,Orthodox,22,13,0,0,2.25,665.5,0.0,22.25,0.0,1.0,11.5,0.37,0.26,0.71,0.84,0.35,0.62,0.62,1.0,Lightweight,Male,0.0,0.0,1.0,0.0,Wrestler,35,0.6285714285714286
7447e9f28508106a,Mackenzie Dern,No Nickname,5.4,115.0,Orthodox,15,5,0,0,2.94,850.38,0.19,59.31,1.12,0.75,185.06,0.46,0.38,0.72,0.82,0.4,0.47,0.53,0.75,Women's Strawweight,Female,7.0,0.09,0.27,0.64,Striker,20,0.75
6ad9058b7c7898b0,Tony DeSouza,No Nickname,6.0,170.0,Southpaw,11,4,0,0,1.83,400.33,0.0,7.5,1.0,0.67,168.33,0.47,0.4,0.5,0.17,0.08,0.53,0.41,0.67,Welterweight,Male,1.0,0.0,0.67,0.33,Wrestler,15,0.7333333333333333
140567899d98978a,Robelis Despaigne,The Big Boy,6.7,265.0,Orthodox,5,2,0,0,2.33,606.0,0.33,21.33,0.0,0.0,7.0,0.65,0.57,0.56,0.67,0.6,0.33,0.33,0.0,Heavyweight,Male,0.0,1.0,0.0,0.0,Hybrid,7,0.7142857142857143
77d7295d1b22c694,Alessio Di Chirico,Manzo,6.0,185.0,Orthodox,13,7,0,0,2.36,616.91,0.36,34.64,0.91,0.09,63.45,0.43,0.36,0.48,0.58,0.41,0.43,0.1,0.09,Middleweight,Male,4.0,0.43,0.0,0.57,Hybrid,20,0.65
43563a32c3f10e95,Cyrille Diabate,The Snake,6.6,205.0,Southpaw,19,10,1,0,1.75,438.62,0.38,17.5,1.25,1.12,158.75,0.56,0.43,0.36,0.55,0.34,0.55,0.47,1.12,Light Heavyweight,Male,1.0,0.0,0.8,0.2,Wrestler,30,0.6333333333333333
32c355b04fc57f3a,Marc Diakiese,Bonecrusher,5.1,155.0,Orthodox,17,7,0,0,2.6,728.4,0.13,33.13,2.27,0.13,216.13,0.51,0.35,0.66,0.84,0.47,0.62,0.46,0.13,Lightweight,Male,6.0,0.11,0.22,0.67,Striker,24,0.7083333333333334
f5f6419c5f00abad,Tyler Diamond,No Nickname,5.7,145.0,Orthodox,9,1,0,0,3.0,900.0,0.0,38.0,3.0,1.0,132.0,0.55,0.58,0.5,0.0,0.33,0.7,0.9,1.0,Featherweight,Male,1.0,0.0,0.0,1.0,Wrestler,10,0.9
9edf2c9082cc2cd8,Blood Diamond,No Nickname,5.11,170.0,Switch,3,3,0,0,2.33,692.67,0.0,33.0,0.33,0.0,217.33,0.48,0.31,0.97,0.21,0.34,0.75,0.0,0.0,Welterweight,Male,1.0,0.0,0.0,1.0,Hybrid,6,0.5
ed209f6618c82e41,Hacran Dias,Barnabe,5.8,155.0,Orthodox,23,6,1,0,3.0,900.0,0.25,43.38,1.62,0.38,199.5,0.42,0.33,0.64,0.76,0.34,0.58,0.43,0.38,Featherweight,Male,4.0,0.0,0.0,1.0,Striker,30,0.7666666666666667
f57a8a52ca401ed9,Nick Diaz,No Nickname,6.1,170.0,Southpaw,26,10,0,0,3.0,818.13,0.2,53.93,0.93,0.87,104.33,0.44,0.38,0.63,0.52,0.38,0.57,0.39,0.87,Welterweight,Male,1.0,0.62,0.25,0.12,Wrestler,36,0.7222222222222222
8355922d564b152c,Nate Diaz,No Nickname,6.0,170.0,Southpaw,22,13,0,0,2.67,749.59,0.26,52.48,0.96,0.85,108.52,0.42,0.36,0.6,0.71,0.37,0.67,0.34,0.85,Welterweight,Male,5.0,0.12,0.56,0.31,Wrestler,35,0.6285714285714286
c849740a3ff51931,TJ Dillashaw,No Nickname,5.6,135.0,Orthodox,18,5,0,0,2.78,735.72,0.39,59.5,1.33,0.61,138.72,0.41,0.34,0.67,0.69,0.36,0.45,0.47,0.61,Bantamweight,Male,5.0,0.5,0.08,0.42,Striker,23,0.782608695652174
25f9a5f3e8a52618,Jhonata Diniz,No Nickname,6.4,254.0,Orthodox,9,2,0,0,2.4,676.4,0.0,46.4,0.8,0.4,150.6,0.6,0.57,0.62,0.69,0.55,0.37,0.4,0.4,Heavyweight,Male,2.0,0.33,0.0,0.67,Striker,11,0.8181818181818182
f50d95223751e6ca,Russell Doane,No Nickname,5.7,135.0,Orthodox,15,8,0,0,2.12,586.25,0.0,13.12,2.0,0.62,136.5,0.41,0.32,0.59,0.45,0.35,0.44,0.36,0.62,Bantamweight,Male,1.0,0.0,0.5,0.5,Wrestler,23,0.6521739130434783
519e4fe37ce9ff75,Drew Dober,No Nickname,5.8,155.0,Southpaw,28,15,0,0,2.04,496.23,0.35,35.96,0.5,0.0,65.19,0.42,0.37,0.6,0.67,0.36,0.59,0.51,0.0,Lightweight,Male,3.0,0.75,0.0,0.25,Hybrid,43,0.6511627906976745
122ac9b816d8b71c,Shana Dobson,Danger,5.6,125.0,Orthodox,4,5,0,0,2.17,538.67,0.0,33.67,1.33,0.17,136.33,0.45,0.38,0.61,0.54,0.4,0.62,0.36,0.17,Women's Flyweight,Female,1.0,0.5,0.0,0.5,Hybrid,9,0.4444444444444444
009c4420727149ea,AJ Dobson,No Nickname,6.1,185.0,Orthodox,7,3,0,0,2.5,743.25,0.0,55.0,2.75,0.0,238.5,0.45,0.33,0.83,0.91,0.41,0.66,0.28,0.0,Middleweight,Male,2.0,0.0,0.0,1.0,Striker,10,0.7
99506df1af6c8b3b,John Dodson,The Magician,5.3,135.0,Orthodox,22,12,0,0,2.88,817.35,0.47,47.76,0.71,0.06,58.71,0.42,0.31,0.74,0.79,0.38,0.55,0.35,0.06,Bantamweight,Male,7.0,0.42,0.0,0.58,Hybrid,34,0.6470588235294118
dbaaf42313af90fa,Joe Doerksen,El Dirte,6.0,185.0,Orthodox,51,16,0,0,2.44,614.44,0.22,13.67,1.89,1.33,192.67,0.56,0.33,0.76,0.78,0.48,0.42,0.38,1.33,Middleweight,Male,1.0,0.0,0.5,0.5,Wrestler,67,0.7611940298507462
327d5f279895110d,Roman Dolidze,No Nickname,6.2,185.0,Orthodox,15,4,0,0,2.69,768.31,0.31,49.0,1.69,0.54,180.69,0.53,0.44,0.65,0.84,0.46,0.46,0.44,0.54,Middleweight,Male,3.0,0.43,0.14,0.43,Striker,19,0.7894736842105263
5d7bdab5e03e3216,CB Dollaway,The Doberman,6.2,185.0,Orthodox,17,9,0,0,1.95,494.5,0.2,19.0,1.1,0.8,118.4,0.42,0.34,0.54,0.44,0.36,0.45,0.43,0.8,Middleweight,Male,2.0,0.44,0.22,0.22,Wrestler,26,0.6538461538461539
7bc96507e4b38d3b,Cody Donovan,Donnybrook,6.3,205.0,Orthodox,8,5,0,0,1.25,270.25,0.5,24.5,0.25,0.0,71.0,0.51,0.48,0.59,0.46,0.34,0.5,0.72,0.0,Light Heavyweight,Male,0.0,1.0,0.0,0.0,Hybrid,13,0.6153846153846154
6a2f7c151031653d,Rafael Dos Anjos,No Nickname,5.8,170.0,Southpaw,32,17,0,0,3.11,872.19,0.14,50.33,1.97,0.42,231.28,0.41,0.31,0.64,0.81,0.35,0.61,0.41,0.42,Welterweight,Male,12.0,0.22,0.11,0.67,Wrestler,49,0.6530612244897959
63def5a5662a6917,Junior Dos Santos,Cigano,6.4,238.0,Orthodox,21,9,0,0,2.52,644.39,0.61,42.57,0.61,0.04,57.91,0.5,0.41,0.61,0.79,0.47,0.27,0.44,0.04,Heavyweight,Male,3.0,0.79,0.0,0.21,Hybrid,30,0.7
02bb48869eb7ac8f,Rayanne dos Santos,No Nickname,5.2,115.0,Orthodox,14,9,0,0,3.0,900.0,0.0,95.0,0.67,0.0,69.0,0.37,0.27,0.68,0.62,0.36,0.48,0.19,0.0,Women's Strawweight,Female,3.0,0.0,0.0,1.0,Hybrid,23,0.6086956521739131
5cdf5339728f580d,Felipe dos Santos,Lipe Detona,5.7,125.0,Orthodox,8,3,0,0,3.0,900.0,0.0,52.0,2.75,0.75,226.5,0.46,0.28,0.62,0.82,0.39,0.88,0.4,0.75,Flyweight,Male,1.0,0.0,0.0,1.0,Striker,11,0.7272727272727273
8ce87f7e3a9baed2,Tiago dos Santos e Silva,Trator,5.9,145.0,Orthodox,20,7,2,0,2.5,719.75,0.75,50.75,1.0,0.0,66.0,0.43,0.36,0.83,0.58,0.34,0.66,0.78,0.0,Featherweight,Male,1.0,0.5,0.0,0.5,Striker,29,0.6896551724137931
a66395395b5f1394,Danny Downes,No Nickname,6.0,155.0,Orthodox,8,3,0,0,3.0,900.0,0.0,30.5,3.0,1.5,264.5,0.42,0.36,0.92,0.5,0.35,0.92,0.45,1.5,Lightweight,Male,1.0,0.0,0.0,1.0,Wrestler,11,0.7272727272727273
679a9054e2815943,Tomasz Drwal,Gorilla,6.1,205.0,Orthodox,21,5,1,0,1.67,380.17,0.17,21.67,2.0,0.17,146.33,0.38,0.34,0.42,0.74,0.32,0.41,0.54,0.17,Middleweight,Male,1.0,0.5,0.25,0.25,Hybrid,27,0.7777777777777778
0d7b51c9d2649a6e,Dricus Du Plessis,Stillknocks,6.1,185.0,Switch,23,3,0,0,3.2,892.6,0.0,65.6,2.0,0.3,185.3,0.47,0.4,0.65,0.92,0.44,0.51,0.38,0.3,Middleweight,Male,2.0,0.0,0.33,0.67,Striker,26,0.8846153846153846
c3d2b9bcb4cead6b,Yuneisy Duben,No Nickname,5.4,125.0,Orthodox,6,1,0,0,1.0,100.0,1.0,17.0,0.0,0.0,2.0,0.39,0.35,0.56,0.0,0.38,0.0,0.67,0.0,Women's Flyweight,Female,0.0,1.0,0.0,0.0,Hybrid,7,0.8571428571428571
02f8fedc18cbd26c,Emily Ducote,Gordinha,5.2,115.0,Orthodox,13,9,0,0,3.0,900.0,0.0,102.2,0.2,0.0,13.6,0.44,0.37,0.77,0.75,0.43,0.65,0.2,0.0,Women's Strawweight,Female,1.0,0.0,0.0,1.0,Striker,22,0.5909090909090909
6c9b66b43663f2f7,Viktoriia Dudakova,No Nickname,5.5,115.0,Orthodox,8,2,0,0,2.25,600.25,0.25,43.75,0.75,0.0,78.75,0.4,0.25,0.5,0.75,0.37,0.4,0.5,0.0,Women's Strawweight,Female,2.0,0.33,0.0,0.67,Hybrid,10,0.8
bda04c573563cc2e,Todd Duffee,No Nickname,6.3,260.0,Orthodox,9,3,0,0,1.33,205.83,0.67,12.0,0.33,0.0,30.67,0.49,0.5,0.22,0.0,0.41,0.38,0.4,0.0,Heavyweight,Male,0.0,1.0,0.0,0.0,Hybrid,12,0.75
654ae722109a0d31,Joe Duffy,Irish,5.1,155.0,Orthodox,16,5,0,0,1.88,470.12,0.12,20.38,0.38,0.5,43.5,0.34,0.25,0.55,0.79,0.34,0.47,0.29,0.5,Lightweight,Male,1.0,0.0,0.75,0.25,Hybrid,21,0.7619047619047619
4ae4049426e0161d,Alexis Dufresne,Sneaky Zebra,5.9,135.0,Orthodox,6,3,0,0,3.0,900.0,0.0,48.5,1.5,0.0,335.5,0.4,0.29,0.72,0.96,0.41,0.32,0.2,0.0,Women's Bantamweight,Female,1.0,0.0,0.0,1.0,Striker,9,0.6666666666666666
a7ddae0be8b78147,Jessamyn Duke,The Gun,5.11,135.0,Orthodox,3,5,0,0,2.5,711.0,0.25,74.75,0.75,1.0,174.5,0.56,0.49,0.73,0.89,0.51,0.67,0.42,1.0,Women's Bantamweight,Female,3.0,0.25,0.0,0.75,Striker,8,0.375
a57cb948c4c70a47,Isaac Dulgarian,The Midwest Choppa,5.7,145.0,Orthodox,7,1,0,0,1.75,492.0,0.0,16.5,2.25,1.75,322.5,0.63,0.29,0.25,0.75,0.55,0.25,0.38,1.75,Featherweight,Male,0.0,0.0,1.0,0.0,Wrestler,8,0.875
4e6738062d469256,Sedriques Dumas,The Reaper,6.2,185.0,Orthodox,10,3,0,0,2.0,497.88,0.12,21.12,1.25,0.38,114.12,0.38,0.28,0.52,0.63,0.34,0.44,0.42,0.38,Middleweight,Male,1.0,0.33,0.33,0.33,Hybrid,13,0.7692307692307693
d3f5d33d61cd00c9,Norma Dumont,The Immortal,5.7,135.0,Orthodox,12,2,0,0,3.0,891.91,0.18,36.55,1.27,0.09,260.55,0.4,0.31,0.69,0.54,0.33,0.7,0.23,0.09,Women's Bantamweight,Female,3.0,0.0,0.0,1.0,Hybrid,14,0.8571428571428571
fd406a32a6fb3a29,Chris Duncan,The Problem,5.1,155.0,Orthodox,14,2,0,0,2.0,527.43,0.0,46.86,1.86,0.0,92.14,0.52,0.48,0.69,0.38,0.5,0.67,0.48,0.0,Lightweight,Male,2.0,0.0,0.0,1.0,Striker,16,0.875
a93f94c923c3a9cb,Christian Leroy Duncan,CLD,6.2,185.0,Switch,12,2,0,0,2.12,565.75,0.25,43.25,0.88,0.0,189.62,0.59,0.46,0.75,0.78,0.54,0.77,0.53,0.0,Middleweight,Male,2.0,0.67,0.0,0.33,Striker,14,0.8571428571428571
e5c9de15bb58b1c6,Evan Dunham,No Nickname,5.1,155.0,Southpaw,18,9,1,0,2.38,658.48,0.14,51.81,1.05,0.76,92.1,0.4,0.37,0.54,0.52,0.36,0.5,0.38,0.76,Lightweight,Male,4.0,0.33,0.22,0.44,Wrestler,28,0.6428571428571429
e979c76341f19b22,Tom Duquesnoy,Fire Kid,5.7,135.0,Orthodox,16,2,0,0,2.67,709.33,0.0,56.67,2.0,0.0,71.0,0.44,0.31,0.64,0.88,0.41,0.52,0.67,0.0,Bantamweight,Male,2.0,0.0,0.0,1.0,Striker,18,0.8888888888888888
6b7c7460855dbbb9,Albert Duraev,No Nickname,5.11,185.0,Orthodox,16,5,0,0,2.5,746.25,0.25,42.75,0.75,1.0,140.0,0.4,0.32,0.69,0.75,0.38,0.75,0.4,1.0,Middleweight,Male,1.0,0.0,0.5,0.5,Wrestler,21,0.7619047619047619
4417980b3e798abf,Reuben Duran,No Nickname,5.7,135.0,Orthodox,11,7,1,0,2.5,690.5,0.75,40.25,0.75,0.5,241.25,0.54,0.4,0.94,0.75,0.45,0.61,0.8,0.5,Bantamweight,Male,0.0,0.5,0.5,0.0,Striker,19,0.5789473684210527
7f6ed67d3ed3c036,Cody Durden,Custom Made,5.7,125.0,Southpaw,17,8,1,0,2.21,564.29,0.14,43.0,2.14,0.14,189.71,0.5,0.44,0.81,0.75,0.46,0.64,0.57,0.14,Bantamweight,Male,5.0,0.29,0.0,0.71,Striker,26,0.6538461538461539
2153a7f8396a46cc,Luiz Dutra,Besouro,5.11,170.0,Orthodox,13,6,1,0,1.0,237.5,0.5,18.0,0.0,0.0,28.5,0.58,0.43,0.86,1.0,0.52,0.86,0.32,0.0,Welterweight,Male,0.0,1.0,0.0,0.0,Striker,20,0.65
c03520b5c88ed6b4,Merab Dvalishvili,The Machine,5.6,135.0,Orthodox,21,4,0,1,3.53,1055.71,0.06,62.94,4.65,0.35,219.76,0.46,0.38,0.68,0.85,0.41,0.63,0.59,0.35,Bantamweight,Male,7.0,0.0,0.22,0.78,Striker,25,0.84
9ada30894bf04e19,David Dvorak,Undertaker,5.5,125.0,Orthodox,20,6,0,0,2.67,773.0,0.17,42.5,1.0,0.67,57.67,0.38,0.28,0.62,0.82,0.36,0.62,0.42,0.67,Flyweight,Male,2.0,0.0,0.33,0.67,Striker,26,0.7692307692307693
55ed59d541f8b90c,Rolando Dy,Dy Incredible,5.8,145.0,Orthodox,9,7,1,0,2.5,745.0,0.0,47.25,1.5,0.0,97.75,0.4,0.33,0.64,0.92,0.38,0.64,0.12,0.0,Featherweight,Male,0.0,1.0,0.0,0.0,Hybrid,17,0.5294117647058824
ee457ef1e1c326c1,Ben Earwood,No Nickname,5.8,170.0,Orthodox,12,3,0,0,2.0,600.0,0.0,5.0,2.0,0.0,587.0,0.55,0.56,0.0,0.0,1.0,0.0,0.5,0.0,Welterweight,Male,1.0,0.0,0.0,1.0,Striker,15,0.8
5713c1d2fac539ac,Cody East,The Freight Train,6.3,245.0,Orthodox,12,3,0,0,1.5,340.0,0.0,39.0,2.5,0.0,153.5,0.52,0.46,0.69,0.89,0.45,0.47,0.38,0.0,Heavyweight,Male,0.0,1.0,0.0,0.0,Striker,15,0.8
bc7230f231701d66,Mike Easton,The Hulk,5.6,135.0,Southpaw,13,6,0,0,2.86,856.0,0.14,49.29,0.57,0.0,74.0,0.37,0.21,0.63,0.83,0.31,0.74,0.3,0.0,Bantamweight,Male,1.0,0.5,0.0,0.5,Hybrid,19,0.6842105263157895
32ba186f4b0e3267,Brian Ebersole,Bad Boy,6.0,170.0,Southpaw,51,18,1,0,2.5,746.0,0.25,33.0,1.5,0.75,209.25,0.44,0.36,0.66,0.58,0.35,0.51,0.42,0.75,Welterweight,Male,4.0,0.2,0.0,0.8,Wrestler,70,0.7285714285714285
40ff198adda94b9f,Mark Eddiva,No Nickname,5.8,145.0,Orthodox,6,3,0,0,2.25,619.0,0.0,24.25,2.0,0.5,131.0,0.43,0.25,0.72,0.94,0.34,0.44,0.64,0.5,Featherweight,Male,1.0,0.0,0.0,1.0,Striker,9,0.6666666666666666
f2688492b9a525a3,Frankie Edgar,The Answer,5.6,135.0,Orthodox,23,11,1,0,3.3,954.33,0.23,63.27,2.1,0.47,194.37,0.45,0.39,0.63,0.71,0.37,0.49,0.54,0.47,Bantamweight,Male,10.0,0.43,0.1,0.48,Striker,35,0.6571428571428571
528c24b99fbaab79,Johnny Eduardo,No Nickname,5.7,135.0,Orthodox,28,13,0,0,2.0,518.62,0.12,25.25,0.25,0.25,28.38,0.36,0.26,0.42,0.62,0.29,0.33,0.34,0.25,Bantamweight,Male,0.0,0.67,0.33,0.0,Hybrid,41,0.6829268292682927
5f04e3d58d9ce982,Yves Edwards,No Nickname,5.9,155.0,Southpaw,42,22,1,0,2.19,583.71,0.48,28.24,0.48,0.52,126.62,0.45,0.34,0.66,0.85,0.37,0.47,0.46,0.52,Lightweight,Male,5.0,0.43,0.21,0.36,Wrestler,65,0.6461538461538462
e56daf7725a0b5ab,Justin Edwards,Fast Eddy,5.1,155.0,Orthodox,9,5,0,0,2.43,660.86,0.43,30.86,1.71,0.57,137.43,0.46,0.33,0.63,0.48,0.3,0.57,0.42,0.57,Welterweight,Male,1.0,0.5,0.0,0.5,Striker,14,0.6428571428571429
f1fac969a1d70b08,Leon Edwards,Rocky,6.2,170.0,Southpaw,22,5,0,0,3.55,1006.85,0.2,46.35,2.0,0.4,263.65,0.51,0.42,0.73,0.63,0.44,0.62,0.59,0.4,Welterweight,Male,9.0,0.15,0.15,0.69,Striker,27,0.8148148148148148
ef44e4ea9050f2ea,Te Edwards,No Nickname,5.8,155.0,Orthodox,6,3,0,0,2.5,607.0,1.5,22.0,0.0,0.5,276.0,0.54,0.48,0.73,0.9,0.46,1.0,0.68,0.5,Lightweight,Male,0.0,1.0,0.0,0.0,Striker,9,0.6666666666666666
f9ab66e67240db7b,Joselyne Edwards,La Pantera,5.8,135.0,Orthodox,16,6,0,0,2.64,760.73,0.09,46.18,1.18,0.36,149.55,0.51,0.41,0.64,0.77,0.49,0.65,0.6,0.36,Women's Bantamweight,Female,2.0,0.25,0.25,0.5,Striker,22,0.7272727272727273
5e6294b37bbef029,Stephanie Egger,No Nickname,5.6,135.0,Orthodox,8,5,0,0,1.86,466.86,0.0,18.0,1.14,0.29,140.71,0.51,0.43,0.52,0.71,0.4,0.64,0.39,0.29,Women's Featherweight,Female,0.0,0.67,0.33,0.0,Striker,13,0.6153846153846154
58bc81376286b3d3,Per Eklund,No Nickname,5.1,155.0,Orthodox,14,5,1,0,2.33,580.0,0.0,20.0,1.33,2.33,152.33,0.63,0.46,0.91,0.93,0.53,0.46,0.58,2.33,Lightweight,Male,0.0,0.0,1.0,0.0,Wrestler,20,0.7
d9a56ecb6e94f02e,Evan Elder,The Phenom,5.1,155.0,Switch,10,2,0,0,2.8,748.8,0.4,70.6,0.4,0.4,68.6,0.5,0.33,0.82,0.83,0.49,0.47,0.12,0.4,Lightweight,Male,2.0,0.0,0.33,0.67,Striker,12,0.8333333333333334
07a74004d964c7f4,Billy Elekana,Son of Susie,6.3,205.0,Southpaw,8,2,0,0,2.0,542.0,0.33,21.67,0.33,0.33,80.33,0.6,0.54,0.82,0.53,0.55,0.0,0.61,0.33,Light Heavyweight,Male,0.0,0.0,1.0,0.0,Striker,10,0.8
92a9aa9c93192871,Darren Elkins,The Damage,5.1,145.0,Orthodox,29,12,0,0,2.53,700.97,0.13,42.7,2.1,0.57,232.63,0.42,0.38,0.61,0.55,0.35,0.46,0.51,0.57,Featherweight,Male,14.0,0.1,0.2,0.7,Wrestler,41,0.7073170731707317
d81ac739417d7f53,Jake Ellenberger,The Juggernaut,5.9,170.0,Orthodox,31,15,0,0,1.95,482.71,0.62,19.52,0.76,0.29,68.62,0.4,0.35,0.71,0.55,0.33,0.56,0.51,0.29,Welterweight,Male,2.0,0.69,0.15,0.15,Hybrid,46,0.6739130434782609
8e8e4487c621aa1c,Joe Ellenberger,Excalibur,5.9,155.0,Orthodox,15,2,0,0,3.0,852.0,0.5,42.5,1.5,1.0,266.0,0.55,0.51,0.9,0.84,0.4,0.62,0.78,1.0,Lightweight,Male,1.0,0.5,0.0,0.5,Striker,17,0.8823529411764706
c96d9178c9ed9e62,Tim Elliott,No Nickname,5.7,125.0,Southpaw,22,13,1,0,2.57,728.0,0.05,35.9,1.67,0.71,190.67,0.46,0.41,0.55,0.7,0.39,0.63,0.42,0.71,Flyweight,Male,7.0,0.0,0.46,0.54,Wrestler,36,0.6111111111111112
6b56e94a59b7b134,Oban Elliott,The Welsh Gangster,6.0,170.0,Orthodox,12,3,0,0,3.0,835.0,0.0,37.0,1.0,0.0,236.0,0.41,0.33,0.6,0.86,0.37,1.0,0.2,0.0,Welterweight,Male,2.0,0.0,0.0,1.0,Striker,15,0.8
1536a25e16fc299b,Anna Elmose,Panda,5.3,115.0,Orthodox,3,2,0,0,2.0,563.0,0.0,37.5,1.0,0.5,148.5,0.5,0.52,0.55,1.0,0.43,0.84,0.36,0.5,Women's Strawweight,Female,1.0,0.0,0.0,1.0,Striker,5,0.6
abd5fb12437eda21,Ramazan Emeev,Gorets,5.1,170.0,Southpaw,20,6,0,0,2.75,806.5,0.12,29.75,1.38,0.88,112.62,0.36,0.28,0.59,0.55,0.3,0.53,0.57,0.88,Welterweight,Male,3.0,0.0,0.0,1.0,Wrestler,26,0.7692307692307693
dc0f07928009a127,Rob Emerson,The Saint,5.9,155.0,Orthodox,18,12,0,0,2.43,635.0,0.14,29.57,2.0,0.29,168.57,0.43,0.35,0.48,0.62,0.39,0.54,0.56,0.29,Lightweight,Male,3.0,0.25,0.0,0.75,Striker,30,0.6
e00a3dee329a51f7,Jamall Emmers,Pretty Boy,5.1,145.0,Orthodox,21,8,0,0,2.11,576.78,0.22,44.56,1.0,0.22,93.11,0.43,0.31,0.68,0.7,0.41,0.55,0.45,0.22,Featherweight,Male,3.0,0.2,0.2,0.6,Striker,29,0.7241379310344828
fba03cd6cc28dc41,Josh Emmett,CC0,5.6,145.0,Orthodox,19,6,0,0,2.75,778.81,0.5,56.69,0.94,0.12,56.44,0.37,0.32,0.55,0.76,0.35,0.26,0.39,0.12,Featherweight,Male,6.0,0.36,0.09,0.55,Hybrid,25,0.76
330bafba312face4,Oliver Enkamp,No Nickname,6.0,170.0,Switch,7,2,0,0,2.0,516.0,0.0,32.0,1.0,0.0,148.0,0.61,0.42,0.91,0.71,0.54,0.88,0.46,0.0,Welterweight,Male,1.0,0.0,0.0,1.0,Striker,9,0.7777777777777778
32ab52e5de93092d,Steve Erceg,Astroboy,5.8,125.0,Orthodox,13,4,0,0,3.14,895.71,0.0,57.86,0.86,0.29,117.86,0.42,0.35,0.52,0.82,0.39,0.61,0.49,0.29,Bantamweight,Male,2.0,0.0,0.0,1.0,Striker,17,0.7647058823529411
902ec2cc48c8ae8a,Julian Erosa,Juicy J,6.1,145.0,Southpaw,31,13,0,0,2.0,485.06,0.24,48.88,0.76,0.35,48.53,0.49,0.41,0.75,0.83,0.47,0.41,0.49,0.35,Featherweight,Male,3.0,0.38,0.25,0.38,Striker,44,0.7045454545454546
082eba4cd80f736f,Jarno Errens,No Nickname,5.11,145.0,Orthodox,14,6,1,0,2.5,733.0,0.5,40.25,0.0,0.25,30.75,0.37,0.28,0.69,0.46,0.37,0.33,0.0,0.25,Featherweight,Male,1.0,0.0,0.0,1.0,Hybrid,21,0.6666666666666666
5df17b3620145578,Cole Escovedo,Apache Kid,5.7,135.0,Orthodox,17,9,0,0,2.67,790.0,0.0,33.0,2.67,0.0,222.0,0.5,0.31,0.82,0.71,0.47,0.57,0.25,0.0,Bantamweight,Male,1.0,0.0,0.0,1.0,Striker,26,0.6538461538461539
83fd97284f4bb4a4,Efrain Escudero,Hecho En Mexico,5.9,155.0,Orthodox,28,12,0,0,2.67,744.5,0.42,38.5,1.08,0.83,160.58,0.48,0.31,0.55,0.8,0.41,0.62,0.38,0.83,Lightweight,Male,5.0,0.12,0.25,0.62,Wrestler,40,0.7
d910665038efc639,Carla Esparza,Cookie Monster,5.1,115.0,Orthodox,20,8,0,0,2.94,841.19,0.0,42.5,2.69,0.19,249.94,0.49,0.43,0.82,0.5,0.36,0.59,0.7,0.19,Women's Strawweight,Female,8.0,0.17,0.17,0.67,Striker,28,0.7142857142857143
ccf5dc41417e9daf,Juan Espino,El Guapo,6.3,255.0,Orthodox,11,2,0,0,1.67,369.67,0.0,14.67,3.67,1.0,177.0,0.69,0.69,1.0,0.22,0.23,0.67,0.91,1.0,Heavyweight,Male,0.0,0.0,1.0,0.0,Wrestler,13,0.8461538461538461
215a70f073a7b726,Jordan Espinosa,The Gamer,5.6,125.0,Orthodox,15,9,0,0,2.33,639.33,0.0,39.5,0.5,0.33,39.67,0.4,0.3,0.45,0.84,0.37,0.38,0.24,0.33,Bantamweight,Male,2.0,0.0,0.5,0.5,Hybrid,24,0.625
83455a9d17f57dae,Rafael Estevam,Macapa,5.8,125.0,Orthodox,14,0,0,0,3.0,900.0,0.0,38.67,5.33,0.0,415.67,0.5,0.43,0.56,0.67,0.47,0.9,0.64,0.0,Flyweight,Male,2.0,0.0,0.0,1.0,Striker,14,1.0
33011768c3c4dc9a,Terry Etim,No Nickname,6.1,155.0,Orthodox,16,5,0,0,2.27,577.18,0.27,25.55,0.64,0.91,113.18,0.46,0.34,0.62,0.87,0.4,0.61,0.18,0.91,Lightweight,Male,2.0,0.12,0.62,0.25,Striker,21,0.7619047619047619
4234f0097c83fa62,Sijara Eubanks,SarJ,5.4,125.0,Orthodox,8,7,0,0,2.8,807.4,0.2,58.7,1.1,0.0,182.4,0.46,0.41,0.67,0.81,0.43,0.63,0.65,0.0,Women's Flyweight,Female,5.0,0.29,0.0,0.71,Striker,15,0.5333333333333333
ee779c43a8926d52,Rashad Evans,Suga,6.0,205.0,Orthodox,19,8,1,0,2.7,752.87,0.26,28.09,2.09,0.0,191.52,0.39,0.34,0.7,0.5,0.29,0.56,0.38,0.0,Light Heavyweight,Male,9.0,0.44,0.0,0.56,Hybrid,28,0.6785714285714286
fc6e681bf6658faf,Ashlee Evans-Smith,Rebel Girl,5.8,135.0,Orthodox,6,6,0,0,2.56,737.33,0.11,62.67,1.89,0.11,220.56,0.49,0.4,0.76,0.79,0.34,0.69,0.58,0.11,Women's Flyweight,Female,4.0,0.2,0.0,0.8,Striker,12,0.5
b12a1d19ee383b7c,Tonya Evinger,Triple Threat,5.7,135.0,Orthodox,19,8,0,0,2.33,607.33,0.0,30.33,0.67,0.0,197.0,0.55,0.42,0.74,0.4,0.31,0.71,0.26,0.0,Women's Bantamweight,Female,1.0,0.0,0.0,1.0,Striker,27,0.7037037037037037
76e2870ffafbe38f,Movsar Evloev,No Nickname,5.7,145.0,Orthodox,19,0,0,0,3.0,900.0,0.0,54.67,2.67,0.56,255.89,0.46,0.4,0.83,0.84,0.36,0.74,0.65,0.56,Featherweight,Male,5.0,0.0,0.0,1.0,Striker,19,1.0
5f6f049d54728e88,Andre Ewell,Mr. Highlight,5.8,145.0,Southpaw,17,9,0,0,2.89,841.56,0.11,60.11,0.56,0.22,67.44,0.39,0.3,0.59,0.78,0.38,0.54,0.1,0.22,Bantamweight,Male,4.0,0.0,0.0,1.0,Hybrid,26,0.6538461538461539
f72465a784c1b084,Jessica Eye,Evil,5.6,125.0,Orthodox,15,11,0,0,3.0,869.75,0.0,63.69,0.69,0.25,90.25,0.42,0.33,0.64,0.84,0.37,0.64,0.42,0.25,Women's Flyweight,Female,6.0,0.14,0.0,0.86,Striker,26,0.5769230769230769
78114b7199cef90c,Urijah Faber,The California Kid,5.6,135.0,Orthodox,35,11,0,0,3.0,818.5,0.28,42.78,1.44,0.5,154.06,0.46,0.42,0.63,0.73,0.38,0.58,0.51,0.5,Bantamweight,Male,6.0,0.08,0.46,0.46,Striker,46,0.7608695652173914
e17ac6410c8377f4,Bartosz Fabinski,The Butcher,6.0,170.0,Orthodox,15,5,0,0,2.0,507.33,0.0,14.33,1.83,0.83,153.33,0.52,0.42,0.69,0.33,0.34,0.69,0.25,0.83,Welterweight,Male,1.0,0.0,0.5,0.5,Wrestler,20,0.75
862b0b3375aa4b6e,Zarah Fairn,Infinite,5.8,135.0,Orthodox,6,6,0,0,2.0,563.5,0.0,64.5,0.0,0.0,9.75,0.47,0.4,0.69,0.47,0.47,0.52,0.0,0.0,Catch Weight,Male,1.0,0.0,0.0,1.0,Hybrid,12,0.5
8f765fd5775a8873,Rinat Fakhretdinov,Gladiator,6.0,170.0,Orthodox,24,1,1,0,2.43,658.43,0.14,45.71,1.86,0.0,230.86,0.43,0.37,0.6,0.64,0.38,0.57,0.22,0.0,Welterweight,Male,3.0,0.0,0.0,1.0,Striker,26,0.9230769230769231
f7be1db194e03d7e,Pedro Falcao,Pedrinho,5.6,135.0,Orthodox,16,5,0,0,3.0,900.0,0.5,62.5,2.0,0.0,113.5,0.51,0.38,0.77,0.93,0.5,0.8,0.0,0.0,Bantamweight,Male,1.0,0.0,0.0,1.0,Striker,21,0.7619047619047619
27b164b0d1833df0,Kalindra Faria,No Nickname,5.7,125.0,Switch,18,8,1,0,1.67,457.0,0.0,12.67,1.33,2.0,222.0,0.42,0.42,0.42,0.33,0.31,0.67,0.49,2.0,Women's Flyweight,Female,1.0,0.0,0.0,1.0,Wrestler,27,0.6666666666666666
9c42a0de8e012870,Kelly Faszholz,No Nickname,5.8,135.0,Orthodox,4,2,0,0,3.0,897.5,0.0,44.5,2.0,0.0,281.5,0.37,0.32,0.38,0.92,0.38,0.3,0.16,0.0,Women's Bantamweight,Female,1.0,0.0,0.0,1.0,Hybrid,6,0.6666666666666666
e5010b1b94ca5755,Paul Felder,The Irish Dragon,5.11,155.0,Orthodox,17,6,0,0,2.87,825.13,0.13,47.13,1.53,0.33,202.4,0.47,0.35,0.69,0.83,0.44,0.5,0.42,0.33,Lightweight,Male,3.0,0.2,0.2,0.6,Striker,23,0.7391304347826086
a2ea77e974c5889f,Carlos Felipe,Boi,6.0,245.0,Orthodox,11,2,0,0,3.0,900.0,0.0,73.0,0.6,0.0,122.0,0.48,0.41,0.8,0.72,0.44,0.76,0.32,0.0,Heavyweight,Male,3.0,0.0,0.0,1.0,Striker,13,0.8461538461538461
27541033b97c076d,Kevin Ferguson,Kimbo Slice,6.2,235.0,Orthodox,5,2,0,0,2.5,732.0,0.0,35.5,2.0,2.5,199.0,0.59,0.53,1.0,0.5,0.46,0.56,0.98,2.5,Catch Weight,Male,1.0,0.5,0.0,0.5,Wrestler,7,0.7142857142857143
22a92d7f62195791,Tony Ferguson,El Cucuy,5.11,170.0,Orthodox,26,11,0,0,2.46,678.83,0.12,56.46,0.67,0.75,115.12,0.44,0.36,0.7,0.77,0.42,0.35,0.4,0.75,Lightweight,Male,6.0,0.28,0.39,0.33,Striker,37,0.7027027027027027
a6eb54ae17a551be,Gabriella Fernandes,Gabi,5.6,125.0,Southpaw,11,3,0,0,2.8,825.8,0.0,64.6,0.4,0.0,15.6,0.48,0.34,0.79,0.93,0.47,0.55,0.0,0.0,Women's Flyweight,Female,1.0,0.0,0.0,1.0,Hybrid,14,0.7857142857142857
ec13c393d029297d,Kaue Fernandes,No Nickname,5.9,155.0,Orthodox,11,2,0,0,2.0,571.5,0.0,13.5,0.75,0.0,130.75,0.34,0.3,0.27,0.65,0.33,0.34,0.1,0.0,Lightweight,Male,1.0,0.0,0.0,1.0,Hybrid,13,0.8461538461538461
dbc17725b887860a,Cezar Ferreira,Mutante,6.1,185.0,Southpaw,13,8,0,0,2.27,625.2,0.47,20.6,1.27,0.47,143.6,0.48,0.43,0.53,0.54,0.46,0.42,0.46,0.47,Middleweight,Male,5.0,0.2,0.3,0.5,Striker,21,0.6190476190476191
f53d4f21d1b5f2dc,Diego Ferreira,No Nickname,5.9,155.0,Orthodox,19,7,0,0,2.24,582.76,0.06,38.12,1.59,0.06,114.12,0.46,0.38,0.61,0.87,0.4,0.48,0.47,0.06,Lightweight,Male,2.0,0.71,0.0,0.29,Striker,26,0.7307692307692307
1e719d4b676dc19a,Brunno Ferreira,The Hulk,5.1,185.0,Orthodox,14,2,0,0,1.62,424.0,0.12,26.88,0.62,0.38,30.12,0.55,0.5,0.68,0.65,0.55,0.46,0.28,0.38,Middleweight,Male,0.0,0.5,0.5,0.0,Striker,16,0.875
977081bc01197656,Scott Ferrozzo,The Pitbull,5.11,323.0,Orthodox,4,2,0,0,1.25,387.0,0.0,24.75,1.0,0.5,152.98200000000003,0.52,0.44,0.73,0.62,0.39,0.54,0.44,0.5,Heavyweight,Male,1.0,0.5,0.0,0.5,Hybrid,6,0.6666666666666666
33efaf2d0941cfcf,Andre Fialho,No Nickname,6.0,170.0,Orthodox,16,8,0,0,2.14,524.43,0.43,38.0,0.57,0.0,43.57,0.47,0.41,0.79,0.78,0.46,0.47,0.43,0.0,Welterweight,Male,0.0,1.0,0.0,0.0,Striker,24,0.6666666666666666
d814f5192e58fb2f,Drew Fickett,The Master,5.1,155.0,Orthodox,42,21,0,0,2.14,541.43,0.14,22.14,0.86,1.14,100.86,0.37,0.24,0.6,0.62,0.22,0.72,0.39,1.14,Welterweight,Male,1.0,0.0,0.75,0.25,Wrestler,63,0.6666666666666666
aa72b0f831d0bfe5,Deiveson Figueiredo,Deus da Guerra,5.5,135.0,Orthodox,25,5,1,0,2.7,765.25,0.2,38.95,1.0,0.85,109.25,0.52,0.44,0.62,0.6,0.48,0.55,0.41,0.85,Bantamweight,Male,2.0,0.22,0.56,0.22,Striker,31,0.8064516129032258
cdadae5363b66eef,Francisco Figueiredo,Sniper,5.6,125.0,Southpaw,13,5,1,0,2.0,538.0,0.0,22.5,1.75,0.0,204.0,0.62,0.48,0.86,0.88,0.58,0.43,0.35,0.0,Flyweight,Male,2.0,0.0,0.0,1.0,Striker,19,0.6842105263157895
bbfca6d5c27d9cd8,Edwin Figueroa,El Feroz,5.7,135.0,Orthodox,9,5,0,0,2.67,751.67,0.17,39.0,0.5,1.67,165.67,0.45,0.38,0.62,0.59,0.4,0.48,0.55,1.67,Bantamweight,Male,0.0,1.0,0.0,0.0,Wrestler,14,0.6428571428571429
65adf3856c4d9256,Jafel Filho,Pastor,5.7,125.0,Orthodox,17,4,0,0,1.8,505.4,0.0,13.6,0.8,1.4,174.4,0.42,0.26,0.78,0.54,0.38,0.3,0.23,1.4,Flyweight,Male,1.0,0.0,0.75,0.25,Wrestler,21,0.8095238095238095
8fd808923cffff82,Andre Fili,Touchy,5.11,145.0,Orthodox,25,12,0,0,2.32,632.52,0.16,40.84,1.08,0.28,102.4,0.41,0.34,0.61,0.8,0.39,0.32,0.37,0.28,Featherweight,Male,6.0,0.3,0.1,0.6,Hybrid,37,0.6756756756756757
c32fb8c0f6471a4d,Mirko Filipovic,Cro Cop,6.2,230.0,Southpaw,35,11,2,0,2.36,636.91,0.36,23.18,0.91,0.36,160.64,0.42,0.34,0.81,0.56,0.33,0.59,0.47,0.36,Heavyweight,Male,0.0,0.83,0.17,0.0,Wrestler,48,0.7291666666666666
fbb60f24af5d5a02,Torrez Finney,The Punisher,5.8,185.0,Orthodox,11,0,0,0,3.0,900.0,0.0,4.0,8.0,0.0,796.0,0.5,0.4,0.67,0.0,0.25,0.0,1.0,0.0,Middleweight,Male,1.0,0.0,0.0,1.0,Wrestler,11,1.0
9583662df31d943f,Luigi Fioravanti,No Nickname,5.8,170.0,Orthodox,26,15,0,0,2.22,638.89,0.22,23.78,2.67,0.67,169.33,0.45,0.32,0.71,0.78,0.37,0.55,0.28,0.67,Catch Weight,Male,2.0,0.5,0.0,0.5,Wrestler,41,0.6341463414634146
34ff304266360297,Manon Fiorot,The Beast,5.7,125.0,Orthodox,13,2,0,0,3.0,855.78,0.11,64.44,0.56,0.11,96.44,0.35,0.28,0.6,0.75,0.32,0.5,0.54,0.11,Women's Flyweight,Female,2.0,0.5,0.0,0.5,Hybrid,15,0.8666666666666667
f34312c2ccfa0e00,Spencer Fisher,The King,5.7,155.0,Southpaw,24,9,0,0,2.47,709.24,0.18,38.94,0.53,0.59,89.06,0.45,0.32,0.75,0.82,0.41,0.63,0.52,0.59,Lightweight,Male,5.0,0.3,0.2,0.5,Striker,33,0.7272727272727273
6f018c039b4d5d80,Jon Fitch,No Nickname,6.0,170.0,Orthodox,30,7,1,0,2.78,796.56,0.17,32.39,3.5,0.89,430.89,0.55,0.47,0.76,0.78,0.41,0.59,0.67,0.89,Welterweight,Male,10.0,0.13,0.2,0.67,Wrestler,38,0.7894736842105263
c814b4c899793af6,Rafael Fiziev,Ataman,5.8,155.0,Switch,13,4,0,0,2.73,737.45,0.0,58.0,0.91,0.0,63.73,0.53,0.33,0.7,0.84,0.51,0.7,0.27,0.0,Lightweight,Male,1.0,0.5,0.0,0.5,Striker,17,0.7647058823529411
7d09200f6a77b20e,Colin Fletcher,The Freakshow,6.2,155.0,Orthodox,14,8,0,0,3.0,900.0,0.0,39.5,3.0,0.0,243.0,0.36,0.29,0.43,0.62,0.33,0.62,0.76,0.0,Lightweight,Male,1.0,0.0,0.0,1.0,Striker,22,0.6363636363636364
725b1abc9a39d873,AJ Fletcher,The Ghost,5.1,170.0,Switch,10,3,0,0,2.5,692.25,0.0,48.75,1.5,0.75,225.5,0.5,0.4,0.52,0.77,0.41,0.54,0.56,0.75,Welterweight,Male,1.0,0.0,0.5,0.5,Wrestler,13,0.7692307692307693
a2d342ffc83913ed,Nathan Fletcher,No Nickname,5.7,135.0,Orthodox,9,3,0,0,2.0,445.33,0.0,13.0,2.0,0.33,156.33,0.46,0.32,0.68,0.22,0.38,0.49,0.0,0.33,Featherweight,Male,1.0,0.0,0.0,1.0,Hybrid,12,0.75
09e62c450e754913,Jimmy Flick,The Brick,5.7,125.0,Orthodox,17,9,0,0,2.0,501.83,0.17,36.0,1.17,0.83,183.0,0.55,0.55,0.49,0.54,0.52,0.46,0.48,0.83,Flyweight,Male,1.0,0.33,0.33,0.33,Wrestler,26,0.6538461538461539
cb139171ed1b69fe,Kenny Florian,KenFlo,5.1,145.0,Southpaw,14,6,0,0,2.47,662.24,0.06,26.76,1.82,0.76,181.24,0.45,0.38,0.72,0.61,0.28,0.5,0.6,0.76,Featherweight,Male,3.0,0.23,0.54,0.23,Wrestler,20,0.7
05339613bf8e9808,Rob Font,No Nickname,5.8,135.0,Orthodox,22,9,0,0,2.75,789.3,0.4,60.4,0.8,0.35,102.4,0.45,0.4,0.69,0.71,0.44,0.56,0.35,0.35,Catch Weight,Male,9.0,0.23,0.08,0.69,Striker,31,0.7096774193548387
b102c26727306ab6,Jussier Formiga,No Nickname,5.5,125.0,Orthodox,23,8,0,0,2.38,678.44,0.31,22.31,1.25,0.38,182.69,0.39,0.32,0.68,0.54,0.31,0.56,0.47,0.38,Flyweight,Male,8.0,0.15,0.23,0.62,Striker,31,0.7419354838709677
44bc27bfa76dcd9e,Renee Forte,No Nickname,5.7,155.0,Orthodox,8,4,0,0,2.5,677.75,0.0,23.25,0.5,0.0,56.0,0.3,0.2,0.54,0.8,0.25,0.49,0.35,0.0,Lightweight,Male,1.0,0.0,0.0,1.0,Hybrid,12,0.6666666666666666
3dc3022232b79c7a,Brian Foster,The Foster Boy,5.9,170.0,Orthodox,27,10,0,0,1.6,294.6,0.2,13.8,0.8,0.4,63.4,0.4,0.37,0.6,0.53,0.37,0.34,0.62,0.4,Welterweight,Male,0.0,1.0,0.0,0.0,Hybrid,37,0.7297297297297297
e0ec3c3b6b611f7e,Hermes Franca,No Nickname,5.6,155.0,Orthodox,24,17,0,0,2.91,815.73,0.36,23.45,1.45,2.09,100.0,0.39,0.33,0.63,0.59,0.36,0.49,0.28,2.09,Lightweight,Male,2.0,0.33,0.33,0.33,Wrestler,41,0.5853658536585366
00a3ff40c4b2cf21,Glaico Franca Moreira,Nego,6.0,155.0,Orthodox,15,5,0,0,3.0,895.33,0.0,52.67,3.0,0.33,365.33,0.58,0.48,0.58,0.94,0.53,0.53,0.46,0.33,Lightweight,Male,2.0,0.0,0.33,0.67,Striker,20,0.75
d897897060f10a3a,Rich Franklin,Ace,6.1,185.0,Southpaw,29,7,0,0,2.3,607.2,0.55,39.05,0.7,0.1,113.75,0.45,0.35,0.78,0.87,0.4,0.55,0.44,0.1,Catch Weight,Male,3.0,0.69,0.08,0.23,Striker,36,0.8055555555555556
b4bc2e3353a770b5,Ian Freeman,The Machine,5.11,225.0,Orthodox,20,7,1,0,1.83,462.5,0.0,16.5,0.5,0.33,173.17,0.46,0.36,0.43,0.5,0.18,0.49,0.4,0.33,Heavyweight,Male,1.0,0.67,0.0,0.33,Hybrid,28,0.7142857142857143
ca43de99b07b6b40,Josh Fremd,No Nickname,6.4,185.0,Orthodox,11,6,0,0,2.5,685.5,0.0,23.67,1.17,0.83,264.17,0.48,0.36,0.66,0.76,0.47,0.6,0.32,0.83,Middleweight,Male,2.0,0.0,0.33,0.67,Wrestler,17,0.6470588235294118
dccb63727f2f5f74,Matt Frevola,The SteamRolla,5.9,155.0,Orthodox,11,6,1,0,2.0,502.5,0.75,28.58,0.75,0.25,54.58,0.42,0.37,0.55,0.52,0.39,0.45,0.43,0.25,Lightweight,Male,1.0,0.83,0.0,0.17,Hybrid,18,0.6111111111111112
d05cb1e8d1b885d8,Jinh Yu Frey,No Nickname,5.3,115.0,Southpaw,11,10,0,0,2.75,774.12,0.0,39.25,0.62,0.0,88.5,0.45,0.32,0.58,0.84,0.42,0.67,0.24,0.0,Women's Strawweight,Female,1.0,0.0,0.0,1.0,Hybrid,21,0.5238095238095238
271fe91f4ba9d2c5,Don Frye,The Predator,6.1,219.0,Orthodox,20,9,1,0,1.0,313.3,0.1,12.7,0.4,0.3,202.34,0.59,0.49,0.36,0.1,0.22,0.27,0.64,0.3,Open Weight,Male,0.0,0.67,0.33,0.0,Wrestler,30,0.6666666666666666
253de74457bd6374,Tony Fryklund,The Freak,6.0,185.0,Orthodox,14,9,1,0,1.25,186.25,0.25,17.25,0.25,0.5,209.0,0.46,0.41,0.75,0.34,0.21,0.36,0.31,0.5,Middleweight,Male,0.0,0.5,0.5,0.0,Hybrid,24,0.5833333333333334
a01a62132460a98d,Adam Fugitt,No Nickname,6.1,170.0,Southpaw,10,5,0,0,2.0,491.4,0.2,31.4,0.2,0.0,24.2,0.44,0.32,0.85,0.86,0.44,0.25,0.2,0.0,Welterweight,Male,0.0,1.0,0.0,0.0,Hybrid,15,0.6666666666666666
d71d968dc6ecfdaf,Katsuhisa Fujii,Shamoji,6.0,205.0,Orthodox,9,18,1,0,2.0,523.5,0.5,22.5,1.0,0.0,264.5,0.42,0.36,1.0,1.0,0.7,0.9,0.2,0.0,Open Weight,Male,0.0,1.0,0.0,0.0,Striker,28,0.32142857142857145
7c35f869033901ae,Riki Fukuda,No Nickname,6.0,185.0,Southpaw,24,9,0,0,3.0,900.0,0.0,79.4,2.4,0.0,208.8,0.45,0.35,0.71,0.76,0.42,0.58,0.4,0.0,Middleweight,Male,3.0,0.0,0.0,1.0,Striker,33,0.7272727272727273
4638cc6479cc0afe,Masio Fullen,Lobo,5.1,145.0,Orthodox,11,7,0,0,2.33,633.67,0.0,26.0,0.33,0.0,34.67,0.54,0.16,0.78,0.3,0.53,0.31,0.17,0.0,Featherweight,Male,1.0,0.0,0.0,1.0,Hybrid,18,0.6111111111111112
911fb265462f0d94,Travis Fulton,The Ironman,6.0,240.0,Orthodox,253,53,10,0,1.5,494.0,0.5,15.5,0.5,0.0,461.0,0.52,0.43,0.5,0.5,0.08,0.38,0.75,0.0,Heavyweight,Male,1.0,0.0,0.0,1.0,Wrestler,316,0.8006329113924051
e9e1acc96536bb4f,Ricardo Funch,Golden Boy,5.1,170.0,Southpaw,9,6,0,0,2.25,545.5,0.25,28.0,1.0,0.5,204.5,0.61,0.49,0.81,0.99,0.34,0.81,0.58,0.5,Welterweight,Male,0.0,0.5,0.5,0.0,Striker,15,0.6
ec34349e7dffcde7,Claudia Gadelha,Claudinha,5.4,115.0,Orthodox,18,5,0,0,3.0,890.25,0.17,65.42,2.42,0.42,222.33,0.41,0.36,0.64,0.54,0.36,0.64,0.54,0.42,Women's Strawweight,Female,10.0,0.0,0.09,0.91,Striker,23,0.782608695652174
6e344b71421103da,Magomed Gadzhiyasulov,No Nickname,6.2,205.0,Orthodox,9,1,0,0,3.0,900.0,0.0,29.5,5.0,0.0,579.0,0.56,0.52,0.88,0.46,0.36,0.92,0.72,0.0,Light Heavyweight,Male,2.0,0.0,0.0,1.0,Striker,10,0.9
9e8f6c728eb01124,Justin Gaethje,The Highlight,5.11,155.0,Orthodox,26,5,0,0,2.57,673.5,0.36,75.0,0.14,0.0,23.5,0.52,0.42,0.78,0.81,0.5,0.54,0.21,0.0,Lightweight,Male,3.0,0.4,0.0,0.6,Striker,31,0.8387096774193549
b8592b4a383696cd,Mitch Gagnon,No Nickname,5.5,135.0,Southpaw,12,5,0,0,2.25,584.0,0.12,29.62,1.5,1.38,226.5,0.45,0.39,0.53,0.63,0.38,0.63,0.57,1.38,Bantamweight,Male,3.0,0.0,0.5,0.5,Wrestler,17,0.7058823529411765
9e50097a89442158,Mickey Gall,No Nickname,6.2,170.0,Switch,7,7,0,0,1.92,482.62,0.31,29.23,0.46,0.46,66.08,0.42,0.38,0.53,0.63,0.35,0.52,0.57,0.46,Welterweight,Male,2.0,0.29,0.43,0.29,Hybrid,14,0.5
cc6f9d1e89f3449a,Manvel Gamburyan,The Anvil,5.5,135.0,Orthodox,15,10,0,0,2.27,580.2,0.0,21.53,1.8,0.33,156.4,0.45,0.31,0.54,0.74,0.38,0.55,0.29,0.33,Bantamweight,Male,4.0,0.0,0.43,0.57,Hybrid,25,0.6
72db2a14ffa73ece,Mateusz Gamrot,Gamer,5.1,155.0,Southpaw,25,4,0,0,2.67,728.67,0.17,38.58,2.25,0.0,144.67,0.46,0.33,0.65,0.56,0.4,0.4,0.41,0.0,Lightweight,Male,5.0,0.0,0.0,1.0,Striker,29,0.8620689655172413
0d980975001ae3d8,Shamil Gamzatov,No Nickname,6.2,205.0,Orthodox,14,1,0,0,2.0,555.5,0.5,48.0,0.0,0.0,7.0,0.52,0.37,0.7,0.34,0.53,0.0,0.22,0.0,Light Heavyweight,Male,1.0,0.5,0.0,0.5,Hybrid,15,0.9333333333333333
787bb1f087ccff8a,Ciryl Gane,Bon Gamin,6.4,245.0,Orthodox,13,2,0,0,2.85,809.92,0.15,56.77,0.46,0.54,45.85,0.58,0.41,0.76,0.9,0.58,0.54,0.18,0.54,Heavyweight,Male,3.0,0.29,0.29,0.43,Striker,15,0.8666666666666667
7bde387d50829adf,Eduardo Garagorri,No Nickname,5.9,145.0,Orthodox,13,2,0,0,2.33,626.33,0.0,35.67,0.33,0.0,47.33,0.46,0.41,0.72,0.27,0.44,0.52,0.53,0.0,Featherweight,Male,1.0,0.0,0.0,1.0,Hybrid,15,0.8666666666666667
d8c7c61b176e3994,Cody Garbrandt,No Love,5.8,135.0,Orthodox,14,7,0,0,2.19,602.25,0.44,29.88,0.56,0.0,38.81,0.42,0.35,0.42,0.81,0.41,0.39,0.31,0.0,Bantamweight,Male,3.0,0.62,0.0,0.38,Hybrid,21,0.6666666666666666
917e53fa0adea0d3,Leonard Garcia,Bad Boy,5.1,145.0,Orthodox,18,13,1,0,2.67,795.67,0.11,61.22,1.11,1.0,186.11,0.46,0.42,0.57,0.64,0.44,0.41,0.5,1.0,Featherweight,Male,4.0,0.0,0.2,0.8,Wrestler,32,0.5625
8d49545dadf9b919,Edgar Garcia,No Nickname,5.1,170.0,Orthodox,14,5,0,0,1.5,388.25,0.0,15.25,0.5,0.75,46.5,0.36,0.34,0.4,0.54,0.31,0.3,0.4,0.75,Welterweight,Male,0.0,0.0,1.0,0.0,Hybrid,19,0.7368421052631579
a2b12c3f3d60ff69,Alex Garcia,The Dominican Nightmare,5.9,170.0,Orthodox,15,6,0,0,2.5,702.4,0.2,27.6,1.1,0.0,124.1,0.3,0.27,0.51,0.74,0.28,0.26,0.28,0.0,Welterweight,Male,1.0,0.5,0.0,0.5,Hybrid,21,0.7142857142857143
97cf1a2c7c5e7889,Steve Garcia,Mean Machine,6.0,145.0,Southpaw,18,5,0,0,1.7,362.3,0.4,21.5,0.5,0.2,82.1,0.49,0.47,0.64,0.7,0.44,0.36,0.56,0.2,Featherweight,Male,0.0,1.0,0.0,0.0,Striker,23,0.782608695652174
ac5a7400da3a9a41,Elias Garcia,No Nickname,5.5,125.0,Southpaw,6,2,0,0,2.5,660.0,0.5,52.5,0.0,0.0,286.0,0.42,0.31,0.66,0.79,0.36,0.5,0.28,0.0,Flyweight,Male,1.0,0.0,0.0,1.0,Striker,8,0.75
e132d47bd9efbbe0,Rafa Garcia,Gifted,5.7,155.0,Orthodox,18,4,0,0,2.8,803.9,0.1,50.0,2.8,0.4,182.1,0.44,0.39,0.74,0.75,0.4,0.77,0.4,0.4,Lightweight,Male,3.0,0.2,0.2,0.6,Striker,22,0.8181818181818182
9e92e1ca498d7244,Fernie Garcia,No Nickname,5.7,135.0,Orthodox,10,5,0,0,2.75,783.0,0.25,38.0,0.5,1.0,56.0,0.4,0.33,0.72,0.79,0.4,0.08,0.67,1.0,Featherweight,Male,0.0,1.0,0.0,0.0,Wrestler,15,0.6666666666666666
8c0580d4fff106c1,Kelvin Gastelum,No Nickname,5.9,185.0,Southpaw,21,10,0,0,2.88,823.4,0.52,49.0,1.08,0.16,102.72,0.43,0.35,0.69,0.81,0.4,0.59,0.46,0.16,Middleweight,Male,8.0,0.1,0.1,0.8,Striker,31,0.6774193548387096
b72a60a0cadff408,Louis Gaudinot,Goodnight,5.3,125.0,Orthodox,8,4,0,0,2.4,637.0,0.2,57.6,2.4,1.2,267.2,0.48,0.38,0.69,0.71,0.4,0.51,0.37,1.2,Flyweight,Male,1.0,0.33,0.33,0.33,Wrestler,12,0.6666666666666666
2f815ed5f8278ba6,Ateba Gautier,The Silent Assassin,6.4,185.0,Switch,9,1,0,0,1.0,127.67,0.67,14.0,0.33,0.0,1.67,0.51,0.39,0.95,0.33,0.4,0.67,0.33,0.0,Middleweight,Male,0.0,1.0,0.0,0.0,Hybrid,10,0.9
6747ccd6d1acd266,Shamil Gaziev,No Nickname,6.4,265.0,Orthodox,14,1,0,0,2.2,546.0,0.2,16.2,0.6,0.0,202.2,0.44,0.38,0.72,0.6,0.41,0.41,0.3,0.0,Heavyweight,Male,1.0,0.5,0.0,0.5,Hybrid,15,0.9333333333333333
de45aaae23dfa392,Christos Giagos,The Spartan,5.1,155.0,Orthodox,20,12,0,0,1.93,498.5,0.0,21.79,0.79,0.14,89.79,0.33,0.27,0.52,0.55,0.3,0.46,0.35,0.14,Lightweight,Male,2.0,0.0,0.33,0.67,Hybrid,32,0.625
63eedfcc73071d41,Lance Gibson,Fearless,5.9,185.0,Orthodox,4,5,0,0,2.0,556.5,0.5,19.5,1.0,0.5,328.0,0.68,0.62,0.42,0.4,0.58,0.8,0.6,0.5,Middleweight,Male,0.0,1.0,0.0,0.0,Striker,9,0.4444444444444444
700a674c042b7a96,Cody Gibson,The Renegade,5.1,135.0,Orthodox,22,12,0,0,2.2,594.2,0.2,37.7,0.6,0.3,93.9,0.46,0.4,0.5,0.68,0.47,0.56,0.18,0.3,Bantamweight,Male,1.0,0.5,0.0,0.5,Hybrid,34,0.6470588235294118
83825fad27ab3581,Joseph Gigliotti,Capo,5.11,185.0,Orthodox,7,2,0,0,2.0,576.0,0.0,14.5,0.5,1.0,61.5,0.44,0.38,1.0,0.0,0.32,0.62,0.75,1.0,Middleweight,Male,0.0,0.0,1.0,0.0,Wrestler,9,0.7777777777777778
b27a1fcb56a3035a,Trevin Giles,No Nickname,6.0,170.0,Orthodox,16,7,0,0,2.5,658.57,0.29,29.79,1.07,0.29,135.71,0.47,0.37,0.7,0.75,0.44,0.31,0.44,0.29,Welterweight,Male,4.0,0.44,0.11,0.44,Striker,23,0.6956521739130435
84ff027394f7e470,Gregor Gillespie,The Gift,5.7,155.0,Orthodox,14,1,0,0,1.75,442.62,0.25,22.75,2.12,0.38,177.5,0.47,0.45,0.45,0.62,0.31,0.38,0.61,0.38,Lightweight,Male,0.0,0.5,0.5,0.0,Striker,15,0.9333333333333333
814ff3018127e8fc,Ricky Glenn,The Gladiator,6.0,170.0,Southpaw,22,9,2,0,2.45,680.73,0.18,32.55,0.73,0.18,116.82,0.41,0.32,0.56,0.66,0.35,0.56,0.5,0.18,Lightweight,Male,2.0,0.33,0.0,0.67,Hybrid,33,0.6666666666666666
ad56b3f00ca38dfd,Mark Godbeer,The Hand Of,6.4,240.0,Orthodox,13,4,0,0,1.75,468.5,0.0,36.5,0.75,0.5,131.5,0.56,0.5,0.5,0.64,0.45,0.58,0.44,0.5,Heavyweight,Male,1.0,0.0,0.5,0.5,Striker,17,0.7647058823529411
8e5d953bdb9ae5e7,Loopy Godinez,No Nickname,5.2,115.0,Orthodox,14,5,0,0,2.79,826.57,0.07,58.57,1.64,0.57,138.29,0.47,0.41,0.75,0.86,0.44,0.72,0.38,0.57,Women's Strawweight,Female,2.0,0.0,0.5,0.5,Striker,19,0.7368421052631579
fa07345cc9db5cc9,Billy Ray Goff,No Nickname,5.1,170.0,Switch,9,4,0,0,1.67,441.67,0.33,45.67,0.67,0.67,35.67,0.63,0.23,0.73,0.59,0.29,1.0,0.13,0.67,Welterweight,Male,1.0,0.33,0.33,0.33,Striker,13,0.6923076923076923
ac29d508d78384c9,Marcelo Golm,No Nickname,6.3,249.0,Orthodox,6,3,0,0,2.0,498.5,0.0,35.5,0.25,0.25,43.25,0.53,0.46,0.68,0.98,0.44,0.82,0.22,0.25,Heavyweight,Male,0.0,0.0,1.0,0.0,Hybrid,9,0.6666666666666666
cffb87059e645bd1,Denise Gomes,Dee,5.2,115.0,Orthodox,11,3,0,0,2.5,664.0,0.0,32.25,1.38,0.0,131.62,0.46,0.35,0.69,0.74,0.41,0.64,0.28,0.0,Women's Strawweight,Female,1.0,0.0,0.0,1.0,Striker,14,0.7857142857142857
3be081c29bf734d9,Takanori Gomi,The Fireball Kid,5.7,155.0,Southpaw,35,14,0,0,1.77,412.31,0.15,28.23,0.23,0.15,50.85,0.34,0.24,0.63,0.51,0.34,0.32,0.28,0.15,Lightweight,Male,3.0,0.33,0.17,0.5,Hybrid,49,0.7142857142857143
e1d40e8782d80bc2,William Gomis,Jaguar,6.0,145.0,Southpaw,15,3,0,0,3.0,873.33,0.0,48.67,1.17,0.67,195.0,0.45,0.32,0.57,0.92,0.42,0.67,0.21,0.67,Featherweight,Male,3.0,0.25,0.0,0.75,Striker,18,0.8333333333333334
b2acebbef8da14ea,Akihiro Gono,No Nickname,5.7,170.0,Switch,35,21,8,0,2.67,766.33,0.33,30.0,1.33,0.33,113.67,0.49,0.28,0.63,0.7,0.46,0.61,0.72,0.33,Welterweight,Male,0.0,0.0,1.0,0.0,Wrestler,64,0.546875
270b89c00ef0c55c,Gabriel Gonzaga,Napao,6.2,242.0,Orthodox,17,11,0,0,1.68,375.23,0.36,13.68,1.0,0.45,86.36,0.56,0.42,0.59,0.55,0.41,0.43,0.54,0.45,Heavyweight,Male,1.0,0.64,0.29,0.07,Hybrid,28,0.6071428571428571
e45cfa47f504033a,Jason Gonzalez,Nicoya,6.2,155.0,Southpaw,11,5,0,0,1.25,225.5,0.0,11.5,0.0,0.25,1.75,0.36,0.29,0.51,0.44,0.35,0.5,0.12,0.25,Lightweight,Male,0.0,0.0,1.0,0.0,Hybrid,16,0.6875
1ebdcb7488d0ebee,Pearl Gonzalez,No Nickname,5.4,115.0,Orthodox,6,3,0,0,3.0,862.5,0.0,52.0,1.5,0.5,66.5,0.48,0.44,0.63,0.9,0.33,0.92,0.5,0.5,Women's Strawweight,Female,1.0,0.0,0.0,1.0,Striker,9,0.6666666666666666
a2ccf35a88346a91,Erick Gonzalez,The Ghost Pepper,5.11,155.0,Orthodox,14,8,0,0,1.33,250.0,0.67,24.67,0.33,0.0,26.0,0.51,0.47,0.61,0.72,0.48,0.58,0.45,0.0,Lightweight,Male,0.0,1.0,0.0,0.0,Striker,22,0.6363636363636364
4e0692ad070976e4,Lyman Good,Cyborg,6.0,170.0,Orthodox,21,6,0,0,2.17,548.33,0.33,44.33,0.17,0.0,20.33,0.36,0.32,0.5,0.72,0.27,0.73,0.33,0.0,Welterweight,Male,1.0,0.67,0.0,0.33,Hybrid,27,0.7777777777777778
c730a0be691dc081,Jared Gooden,NiteTrain,6.0,170.0,Orthodox,23,10,0,0,2.57,705.57,0.0,50.86,0.71,0.14,88.43,0.52,0.41,0.83,0.78,0.51,0.76,0.14,0.14,Welterweight,Male,1.0,0.0,0.0,1.0,Striker,33,0.696969696969697
fbbde91f7bc2d3c5,Gary Goodridge,Big Daddy,6.3,249.0,Orthodox,23,22,1,0,1.0,303.5,0.0,5.5,0.5,0.12,166.47,0.55,0.48,0.25,0.38,0.23,0.33,0.4,0.12,Heavyweight,Male,0.0,1.0,0.0,0.0,Hybrid,46,0.5
8cad40a75e5c97f5,Eddie Gordon,Truck,6.0,185.0,Orthodox,8,4,0,0,2.25,584.0,0.25,18.0,1.0,0.0,90.5,0.38,0.32,0.5,0.88,0.36,0.44,0.46,0.0,Middleweight,Male,1.0,0.5,0.0,0.5,Hybrid,12,0.6666666666666666
7026eca45f65377b,Jared Gordon,Flash,5.9,155.0,Orthodox,21,8,0,0,2.35,652.88,0.18,50.47,1.65,0.29,208.06,0.49,0.44,0.62,0.84,0.43,0.54,0.56,0.29,Lightweight,Male,3.0,0.56,0.11,0.33,Striker,29,0.7241379310344828
dee294e9717012c2,Malcolm Gordon,X,5.7,125.0,Switch,14,8,0,0,1.71,373.14,0.0,9.43,0.86,1.0,92.43,0.34,0.29,0.39,0.57,0.29,0.26,0.35,1.0,Flyweight,Male,0.0,0.33,0.67,0.0,Wrestler,22,0.6363636363636364
147e70aa6cc48cfc,Tresean Gore,Mr. Vicious,6.0,185.0,Switch,6,4,0,0,2.0,493.0,0.33,52.5,0.33,0.17,54.83,0.57,0.27,0.65,0.94,0.57,0.57,0.08,0.17,Middleweight,Male,1.0,0.33,0.33,0.33,Hybrid,10,0.6
803bebcfb6d6f506,Alex Gorgees,Hitman,6.2,155.0,Switch,6,1,0,0,3.0,900.0,0.0,34.0,5.0,0.0,589.0,0.61,0.58,0.69,0.75,0.62,1.0,0.55,0.0,Lightweight,Male,1.0,0.0,0.0,1.0,Striker,7,0.8571428571428571
40f3cb27fc7305a1,Themba Gorimbo,The Answer,6.1,170.0,Orthodox,14,5,0,0,2.29,583.0,0.14,26.0,3.14,0.29,253.14,0.62,0.46,0.9,0.82,0.51,0.76,0.5,0.29,Welterweight,Male,2.0,0.33,0.0,0.67,Striker,19,0.7368421052631579
51e86de150ee8be6,Thibault Gouti,GT,5.1,155.0,Orthodox,12,5,0,0,2.0,489.33,0.33,37.67,0.67,0.17,100.67,0.34,0.32,0.35,0.59,0.31,0.27,0.49,0.17,Lightweight,Male,1.0,0.5,0.0,0.5,Hybrid,17,0.7058823529411765
af5b208e97f5d382,Wilson Gouveia,No Nickname,6.1,185.0,Orthodox,14,8,0,0,1.8,399.5,0.4,20.1,0.4,1.0,47.1,0.43,0.35,0.45,0.69,0.39,0.29,0.61,1.0,Middleweight,Male,0.0,0.33,0.67,0.0,Wrestler,22,0.6363636363636364
3f11b5d4bd76a6d9,Damian Grabowski,The Polish Pitbull,6.1,241.0,Orthodox,20,5,0,0,1.67,350.33,0.0,37.67,0.0,0.0,4.0,0.38,0.4,0.27,0.28,0.15,0.61,0.17,0.0,Heavyweight,Male,1.0,0.0,0.0,1.0,Hybrid,25,0.8
242d36d241b43c12,Kron Gracie,No Nickname,5.9,145.0,Southpaw,5,3,0,0,2.5,641.25,0.0,44.0,0.0,0.25,103.5,0.34,0.3,0.43,0.73,0.32,0.62,0.38,0.25,Featherweight,Male,1.0,0.0,0.0,1.0,Hybrid,8,0.625
fb37795db81f93f3,Bogdan Grad,The Unleashed,5.8,145.0,Orthodox,15,3,0,0,2.33,597.33,0.33,30.33,2.0,0.0,194.0,0.59,0.5,0.58,0.81,0.42,0.82,0.53,0.0,Featherweight,Male,0.0,1.0,0.0,0.0,Striker,18,0.8333333333333334
7559395ad833c074,Miranda Granger,Danger,5.7,115.0,Orthodox,7,3,0,0,2.25,596.5,0.0,28.75,0.25,0.25,86.5,0.52,0.43,0.64,0.89,0.45,0.62,0.43,0.25,Women's Flyweight,Female,1.0,0.0,0.5,0.5,Striker,10,0.7
a26198ba5093147e,TJ Grant,No Nickname,5.1,155.0,Orthodox,21,5,0,0,2.45,704.27,0.18,46.45,2.45,0.36,259.45,0.52,0.43,0.65,0.75,0.45,0.64,0.53,0.36,Lightweight,Male,6.0,0.25,0.0,0.75,Striker,26,0.8076923076923077
113df4fde64735c6,Davey Grant,Dangerous,5.8,135.0,Orthodox,17,8,0,0,2.6,701.53,0.27,53.67,0.8,0.2,94.87,0.45,0.34,0.58,0.69,0.43,0.42,0.45,0.2,Bantamweight,Male,5.0,0.12,0.25,0.62,Striker,25,0.68
8be158ca1e5ea6a0,Dwight Grant,The Body Snatcher,6.1,185.0,Switch,11,6,0,0,2.38,687.25,0.5,34.62,0.88,0.0,55.88,0.34,0.26,0.76,0.82,0.32,0.56,0.68,0.0,Welterweight,Male,2.0,0.5,0.0,0.5,Hybrid,17,0.6470588235294118
e8b731feff72294b,Alexa Grasso,No Nickname,5.5,125.0,Orthodox,16,5,1,0,3.21,948.21,0.07,63.07,1.79,0.21,166.36,0.42,0.37,0.63,0.65,0.39,0.58,0.64,0.21,Women's Flyweight,Female,5.0,0.0,0.17,0.83,Striker,22,0.7272727272727273
601964f9654f911a,Tony Gravely,No Nickname,5.5,135.0,Orthodox,23,9,0,0,2.5,657.75,0.38,47.5,3.38,0.0,219.38,0.5,0.38,0.68,0.91,0.44,0.56,0.57,0.0,Bantamweight,Male,2.0,0.33,0.0,0.67,Striker,32,0.71875
3f1d23b01c552a13,Michael Graves,No Nickname,5.1,170.0,Orthodox,6,0,1,0,2.67,750.33,0.0,15.33,3.33,0.33,341.33,0.52,0.45,0.75,0.5,0.38,0.8,0.85,0.33,Welterweight,Male,1.0,0.0,0.0,1.0,Wrestler,7,0.8571428571428571
887961364be5ceb3,King Green,No Nickname,5.1,155.0,Orthodox,32,17,1,0,2.3,640.04,0.11,52.11,0.81,0.11,73.59,0.43,0.35,0.56,0.66,0.41,0.44,0.39,0.11,Lightweight,Male,9.0,0.17,0.08,0.75,Hybrid,50,0.64
f046d724d2a84ac5,Desmond Green,The Predator,5.1,155.0,Southpaw,23,8,0,0,2.71,796.0,0.0,45.0,1.14,0.0,43.86,0.43,0.28,0.59,0.83,0.41,0.41,0.1,0.0,Lightweight,Male,2.0,0.0,0.0,1.0,Hybrid,31,0.7419354838709677
5eb50529a8418b77,Gabe Green,Gifted,5.1,155.0,Switch,12,5,0,0,2.33,629.83,0.33,58.83,0.5,0.33,85.67,0.45,0.28,0.81,0.88,0.43,0.48,0.4,0.33,Lightweight,Male,1.0,0.33,0.33,0.33,Striker,17,0.7058823529411765
068f8a189a47fea6,Maurice Greene,The Crochet Boss,6.7,258.0,Orthodox,9,7,0,0,2.0,507.12,0.62,35.12,0.5,0.12,159.75,0.54,0.48,0.63,0.74,0.44,0.6,0.39,0.12,Heavyweight,Male,2.0,0.5,0.17,0.33,Striker,16,0.5625
bfc2fc38a0e20211,Matt Grice,The Real One,5.8,145.0,Orthodox,15,5,0,0,1.86,528.43,0.43,27.57,0.71,0.14,180.29,0.44,0.34,0.61,0.4,0.26,0.42,0.36,0.14,Featherweight,Male,1.0,0.0,0.0,1.0,Hybrid,20,0.75
fcffee71cff5530e,Forrest Griffin,No Nickname,6.3,205.0,Orthodox,19,7,0,0,2.47,693.07,0.07,53.07,0.67,0.53,94.8,0.36,0.28,0.45,0.63,0.32,0.47,0.34,0.53,Light Heavyweight,Male,7.0,0.1,0.2,0.7,Hybrid,26,0.7307692307692307
20205040232ed0f3,Tyson Griffin,No Nickname,5.6,145.0,Orthodox,16,8,0,0,2.5,703.21,0.21,45.0,1.36,0.86,172.07,0.39,0.29,0.68,0.71,0.34,0.57,0.43,0.86,Featherweight,Male,8.0,0.25,0.08,0.67,Wrestler,24,0.6666666666666666
b0d6a1d8ac3d563d,Max Griffin,Pain,5.11,170.0,Orthodox,20,12,0,0,2.78,781.72,0.28,47.56,0.94,0.22,92.89,0.44,0.37,0.67,0.8,0.43,0.59,0.26,0.22,Welterweight,Male,5.0,0.17,0.0,0.83,Striker,32,0.625
ebef46976554f975,Jordan Griffin,Native Psycho,5.1,145.0,Southpaw,18,9,0,0,2.8,823.6,0.0,40.0,1.0,1.6,212.4,0.52,0.49,0.75,0.27,0.47,0.73,0.61,1.6,Featherweight,Male,1.0,0.0,0.5,0.5,Wrestler,27,0.6666666666666666
68b8ebdfce9dbb61,Charalampos Grigoriou,Ferocious,5.7,135.0,Orthodox,8,5,0,0,2.5,657.5,0.5,55.5,0.0,0.0,109.0,0.61,0.57,0.76,0.45,0.45,1.0,0.86,0.0,Bantamweight,Male,1.0,0.0,0.0,1.0,Striker,13,0.6153846153846154
60ba33c3f555a7a3,Josh Grispi,The Fluke,5.11,145.0,Orthodox,14,5,0,0,2.5,697.25,0.25,29.25,1.0,1.25,172.75,0.4,0.28,0.48,0.62,0.32,0.55,0.46,1.25,Featherweight,Male,0.0,0.5,0.5,0.0,Wrestler,19,0.7368421052631579
234f3767ff0e5701,Kendall Grove,Da Spyder,6.6,185.0,Orthodox,23,17,0,0,2.08,568.23,0.08,23.08,1.31,1.15,169.69,0.46,0.35,0.81,0.54,0.26,0.67,0.56,1.15,Middleweight,Male,5.0,0.3,0.2,0.5,Wrestler,40,0.575
feaf00f3373435d6,Chris Gruetzemacher,Gritz,5.8,155.0,Orthodox,15,5,0,0,2.43,626.0,0.14,57.29,0.86,0.14,62.14,0.54,0.44,0.75,0.9,0.5,0.79,0.43,0.14,Lightweight,Male,2.0,0.25,0.25,0.5,Striker,20,0.75
1e7483dbff40b84b,Vik Grujic,The Spartan,5.11,170.0,Orthodox,6,6,0,0,2.0,570.25,0.0,21.25,1.75,0.25,138.25,0.48,0.38,0.68,0.68,0.38,0.75,0.25,0.25,Welterweight,Male,1.0,0.5,0.0,0.5,Striker,12,0.5
56fcb2c4d99f9d1b,Mike Grundy,No Nickname,5.7,145.0,Orthodox,12,4,0,0,2.25,609.75,0.25,21.25,2.5,0.5,97.75,0.34,0.31,0.48,0.0,0.31,0.7,0.45,0.5,Featherweight,Male,0.0,0.5,0.5,0.0,Hybrid,16,0.75
dd12382f28296f7b,Wang Guan,The Dongbei Tiger,5.9,145.0,Orthodox,20,1,1,0,3.0,900.0,1.0,71.0,0.0,0.0,23.0,0.43,0.28,0.55,0.79,0.41,0.67,0.67,0.0,Featherweight,Male,1.0,0.0,0.0,1.0,Striker,22,0.9090909090909091
1abfb658cd4f8533,Nandor Guelmino,The Hun,6.3,230.0,Orthodox,11,5,1,0,3.0,798.0,1.0,49.0,2.0,1.0,260.0,0.67,0.54,0.7,0.91,0.56,0.95,0.75,1.0,Heavyweight,Male,0.0,1.0,0.0,0.0,Striker,17,0.6470588235294118
9f1641c08cf8fbe2,Shannon Gugerty,No Nickname,5.1,155.0,Orthodox,15,7,0,0,1.8,421.8,0.0,8.8,1.0,1.6,139.0,0.29,0.19,0.27,0.47,0.25,0.15,0.85,1.6,Lightweight,Male,0.0,0.0,1.0,0.0,Wrestler,22,0.6818181818181818
c47df9303d318c67,Clay Guida,The Carpenter,5.7,155.0,Orthodox,38,22,0,0,2.51,686.41,0.16,36.41,2.08,0.57,245.89,0.38,0.3,0.59,0.7,0.28,0.56,0.48,0.57,Lightweight,Male,14.0,0.08,0.36,0.56,Wrestler,60,0.6333333333333333
ccd1299e0345e0ce,Melvin Guillard,The Young Assassin,5.9,155.0,Orthodox,32,18,2,0,1.73,399.0,0.55,17.91,1.0,0.18,45.32,0.37,0.32,0.53,0.56,0.33,0.44,0.29,0.18,Lightweight,Male,5.0,0.5,0.14,0.36,Hybrid,52,0.6153846153846154
0c9c0a43d3f3f49d,Marcelo Guimaraes,Magrao,6.0,185.0,Orthodox,9,2,1,0,2.5,677.25,0.25,56.5,1.0,0.0,218.25,0.52,0.3,0.61,0.93,0.48,0.52,0.5,0.0,Middleweight,Male,2.0,0.33,0.0,0.67,Striker,12,0.75
a0c139b34f11421a,John Gunderson,Quick Guns,5.9,155.0,Orthodox,35,16,2,0,3.0,900.0,0.0,15.67,1.67,2.0,273.33,0.24,0.19,0.57,0.43,0.18,0.33,0.29,2.0,Lightweight,Male,1.0,0.0,0.0,1.0,Wrestler,53,0.660377358490566
3956bdc8ab2e54b3,John Gunther,The Machine,5.9,155.0,Orthodox,5,1,0,0,2.0,508.5,0.0,14.0,4.0,0.0,335.0,0.36,0.18,0.16,0.88,0.32,0.36,0.5,0.0,Lightweight,Male,1.0,0.0,0.0,1.0,Hybrid,6,0.8333333333333334
04d5718ed2661e8c,Jorge Gurgel,No Nickname,5.7,155.0,Orthodox,14,10,0,0,3.0,898.29,0.0,50.86,0.86,0.14,225.43,0.33,0.28,0.49,0.66,0.27,0.43,0.26,0.14,Lightweight,Male,3.0,0.0,0.0,1.0,Hybrid,24,0.5833333333333334
ef5dcb10d2bd4b0f,Bogdan Guskov,Czarevitch,6.3,205.0,Orthodox,18,3,0,0,1.67,435.17,0.17,30.5,0.17,0.5,101.0,0.51,0.44,0.7,0.78,0.48,0.46,0.38,0.5,Light Heavyweight,Male,0.0,0.0,1.0,0.0,Striker,21,0.8571428571428571
3c6976f8182d9527,Alexander Gustafsson,The Mauler,6.5,205.0,Orthodox,18,8,0,0,2.44,621.56,0.39,38.06,0.67,0.28,91.89,0.47,0.42,0.6,0.52,0.38,0.46,0.47,0.28,Light Heavyweight,Male,2.0,0.44,0.33,0.22,Hybrid,26,0.6923076923076923
2caf993f53541fa1,Andreas Gustafsson,Bane,6.1,170.0,Orthodox,12,3,0,0,2.0,477.0,0.0,31.0,0.0,0.0,70.5,0.53,0.48,0.96,0.5,0.49,0.74,0.0,0.0,Welterweight,Male,0.0,1.0,0.0,0.0,Hybrid,15,0.8
cd85b48dc880fabd,Horacio Gutierrez,The Punisher,5.1,145.0,Orthodox,4,3,0,0,2.0,526.0,0.0,21.5,2.5,0.0,330.5,0.4,0.28,0.43,1.0,0.39,0.5,0.26,0.0,Featherweight,Male,1.0,0.0,0.0,1.0,Striker,7,0.5714285714285714
45f0cc9d18f35137,Chris Gutierrez,El Guapo,5.9,135.0,Orthodox,22,7,2,0,2.8,812.93,0.27,55.0,0.4,0.13,42.13,0.5,0.35,0.52,0.75,0.5,0.28,0.34,0.13,Featherweight,Male,5.0,0.29,0.0,0.71,Hybrid,31,0.7096774193548387
bf12aca029bfcc47,Keith Hackney,The Giant Killer,5.11,200.0,Sideways,2,2,0,0,1.0,193.5,0.25,11.75,0.0,0.25,117.788,0.45,0.27,0.25,0.6,0.4,0.29,0.42,0.25,Open Weight,Male,0.0,0.5,0.5,0.0,Hybrid,4,0.5
60a42bf82447c919,Jake Hadley,White Kong,5.7,135.0,Southpaw,11,4,0,0,2.57,717.14,0.14,49.86,0.43,0.43,133.29,0.41,0.27,0.72,0.91,0.39,0.45,0.17,0.43,Bantamweight,Male,3.0,0.25,0.0,0.75,Striker,15,0.7333333333333333
38c626ca912c7bac,Damir Hadzovic,The Bosnian Bomber,5.9,155.0,Orthodox,14,8,0,0,2.3,591.9,0.0,32.3,1.5,0.4,117.6,0.41,0.34,0.53,0.78,0.37,0.42,0.33,0.4,Lightweight,Male,1.0,0.5,0.0,0.5,Hybrid,22,0.6363636363636364
f4d92416da98804b,Bassil Hafez,The Habibi,5.11,170.0,Orthodox,9,4,1,0,3.0,813.33,0.33,60.0,1.33,0.0,140.33,0.46,0.39,0.59,0.61,0.44,0.78,0.67,0.0,Welterweight,Male,0.0,1.0,0.0,0.0,Striker,14,0.6428571428571429
18524b46c570730b,Mark Hall,No Nickname,6.0,190.0,Orthodox,5,6,0,0,1.0,170.0,0.0,1.6,0.0,0.0,229.754,0.58,0.65,0.2,0.4,0.6,0.2,0.27,0.0,Open Weight,Male,0.0,1.0,0.0,0.0,Hybrid,11,0.45454545454545453
65578a75fa7900e3,Uriah Hall,Prime Time,6.0,185.0,Orthodox,18,11,0,0,2.37,619.37,0.42,39.74,1.0,0.21,146.21,0.5,0.36,0.62,0.7,0.42,0.46,0.43,0.21,Middleweight,Male,8.0,0.47,0.0,0.53,Striker,29,0.6206896551724138
8866c6f509c19089,Ryan Hall,The Wizard,5.1,145.0,Southpaw,9,2,0,0,2.33,675.5,0.0,17.33,0.0,1.17,183.83,0.4,0.29,0.7,0.53,0.32,0.22,0.61,1.17,Featherweight,Male,1.0,0.5,0.0,0.5,Wrestler,11,0.8181818181818182
8a8a84b743ae7699,Dennis Hallman,Superman,5.9,155.0,Orthodox,53,20,2,0,2.11,558.11,0.0,9.67,0.56,1.22,112.78,0.43,0.25,0.45,0.26,0.2,0.27,0.24,1.22,Lightweight,Male,0.0,0.5,0.5,0.0,Wrestler,75,0.7066666666666667
a3be148af5c7b088,Piotr Hallmann,Pletwal,5.9,155.0,Orthodox,18,6,0,0,2.67,706.0,0.17,36.83,1.0,0.0,94.33,0.44,0.34,0.63,0.8,0.4,0.41,0.33,0.0,Lightweight,Male,0.0,1.0,0.0,0.0,Hybrid,24,0.75
165c244bcca3ed26,Seo Hee Ham,No Nickname,5.2,115.0,Southpaw,17,8,0,0,3.0,900.0,0.0,66.5,0.0,0.25,56.75,0.39,0.32,0.63,0.72,0.39,0.4,0.2,0.25,Women's Strawweight,Female,2.0,0.0,0.0,1.0,Hybrid,25,0.68
98b80a717b9bda17,Matt Hamill,The Hammer,6.1,205.0,Orthodox,12,8,0,0,2.27,619.4,0.13,38.6,1.73,0.0,124.0,0.41,0.36,0.47,0.71,0.34,0.56,0.53,0.0,Light Heavyweight,Male,2.0,0.67,0.0,0.22,Hybrid,20,0.6
c727c7d31c50c4cf,Anthony Hamilton,Freight Train,6.5,260.0,Orthodox,15,9,0,0,1.7,377.3,0.2,18.7,0.3,0.0,29.1,0.48,0.46,0.6,0.34,0.39,0.57,0.37,0.0,Heavyweight,Male,2.0,0.6,0.0,0.4,Hybrid,24,0.625
23459ee7e373b98f,Jared Hamman,The Messenger,6.3,185.0,Orthodox,14,6,0,0,1.86,434.71,0.71,31.29,3.57,0.57,130.0,0.46,0.41,0.64,0.46,0.45,0.4,0.32,0.57,Middleweight,Male,1.0,0.5,0.25,0.25,Striker,20,0.7
4100c7a09497ad41,Kay Hansen,No Nickname,5.2,115.0,Orthodox,7,6,0,0,3.0,861.5,0.0,42.25,1.5,0.25,253.5,0.46,0.4,0.54,0.54,0.38,0.71,0.96,0.25,Women's Strawweight,Female,2.0,0.0,0.33,0.67,Striker,13,0.5384615384615384
b7b84ccd221be298,Nasrat Haqparast,No Nickname,5.1,155.0,Southpaw,18,5,0,0,2.53,704.0,0.33,72.07,0.13,0.0,13.33,0.43,0.34,0.75,0.63,0.41,0.49,0.16,0.0,Lightweight,Male,6.0,0.25,0.0,0.75,Hybrid,23,0.782608695652174
69b69c0178c4004d,Antoni Hardonk,No Nickname,6.4,245.0,Orthodox,8,6,0,0,1.75,384.0,0.38,21.75,0.0,0.38,18.0,0.61,0.45,0.62,0.93,0.54,0.44,0.12,0.38,Heavyweight,Male,0.0,1.0,0.0,0.0,Hybrid,14,0.5714285714285714
2dbc60c52de126d8,Harry Hardwick,Houdini,5.8,155.0,Switch,13,4,1,0,1.0,201.0,1.0,24.0,0.0,0.0,13.0,0.6,0.46,0.75,0.83,0.62,0.0,0.0,0.0,Lightweight,Male,0.0,1.0,0.0,0.0,Hybrid,18,0.7222222222222222
473ce3aa581251a2,Dan Hardy,The Outlaw,6.0,170.0,Orthodox,25,10,0,0,2.6,742.3,0.4,38.7,0.5,0.4,118.8,0.39,0.31,0.52,0.7,0.32,0.4,0.52,0.4,Welterweight,Male,4.0,0.38,0.12,0.5,Hybrid,35,0.7142857142857143
4798e823ada58fe9,Veronica Hardy,No Nickname,5.4,125.0,Southpaw,10,5,1,0,2.7,764.2,0.1,38.0,0.9,0.8,195.5,0.54,0.4,0.7,0.41,0.47,0.7,0.43,0.8,Women's Flyweight,Female,5.0,0.0,0.29,0.71,Wrestler,16,0.625
85073dbd1be65ed9,Greg Hardy,Prince of War,6.5,265.0,Orthodox,7,5,0,0,1.9,447.4,0.0,29.7,0.1,0.1,24.0,0.51,0.41,0.62,0.59,0.46,0.32,0.35,0.1,Heavyweight,Male,1.0,0.5,0.0,0.25,Hybrid,12,0.5833333333333334
c4b81cdecd5d6abe,Gerald Harris,No Nickname,5.11,185.0,Southpaw,23,5,0,0,2.5,687.0,0.75,18.25,1.75,0.75,168.0,0.38,0.37,0.31,0.38,0.31,0.56,0.55,0.75,Middleweight,Male,1.0,0.75,0.0,0.25,Wrestler,28,0.8214285714285714
ba043b03eb799063,Phil Harris,Billy,5.4,125.0,Orthodox,22,12,0,0,2.0,512.4,0.6,23.4,1.0,0.0,57.8,0.38,0.31,0.38,0.88,0.34,0.66,0.39,0.0,Flyweight,Male,1.0,0.5,0.0,0.5,Hybrid,34,0.6470588235294118
03f982ca3735070c,Walt Harris,The Big Ticket,6.5,250.0,Southpaw,13,10,0,0,1.69,389.56,0.5,16.75,0.12,0.06,17.0,0.37,0.27,0.57,0.41,0.32,0.32,0.29,0.06,Heavyweight,Male,0.0,0.86,0.0,0.0,Hybrid,23,0.5652173913043478
a53d30163304aa6e,Carlston Harris,Mocambique,6.0,170.0,Orthodox,19,7,0,0,1.86,439.0,0.14,26.43,1.14,0.29,176.71,0.36,0.31,0.66,0.45,0.32,0.34,0.19,0.29,Welterweight,Male,1.0,0.0,0.0,1.0,Hybrid,26,0.7307692307692307
83a477a7dba1ca58,Clay Harvison,Bushwacker,6.1,170.0,Orthodox,13,6,0,0,2.0,455.33,0.33,34.67,0.33,1.0,126.67,0.39,0.28,0.48,0.95,0.28,0.54,0.47,1.0,Welterweight,Male,1.0,0.0,0.5,0.5,Wrestler,19,0.6842105263157895
28f3c2258a1d8874,John Hathaway,The Hitman,6.1,170.0,Orthodox,17,2,0,0,2.78,804.22,0.11,42.0,3.0,0.89,339.44,0.4,0.33,0.63,0.91,0.35,0.63,0.5,0.89,Welterweight,Male,6.0,0.14,0.0,0.86,Wrestler,19,0.8947368421052632
547afe1017e72dbe,Phil Hawes,No Hype,6.0,185.0,Orthodox,12,6,0,0,1.62,415.5,0.62,36.62,1.0,0.25,143.88,0.49,0.45,0.57,0.85,0.47,0.55,0.62,0.25,Middleweight,Male,2.0,0.71,0.0,0.29,Striker,18,0.6666666666666666
a149d6bc670cdb60,Dustin Hazelett,McLovin,6.1,170.0,Orthodox,12,7,0,0,1.5,326.4,0.1,19.0,0.5,1.3,65.4,0.4,0.35,0.55,0.31,0.37,0.27,0.35,1.3,Welterweight,Male,1.0,0.17,0.67,0.17,Wrestler,19,0.631578947368421
19a8cce18a1cef9e,James Head,No Nickname,6.1,170.0,Orthodox,9,4,0,0,1.8,440.4,0.2,18.0,0.6,0.4,78.6,0.44,0.37,0.69,0.46,0.35,0.49,0.52,0.4,Welterweight,Male,0.0,0.0,1.0,0.0,Hybrid,13,0.6923076923076923
50d2f0018bcf9eef,Pat Healy,Bam Bam,6.0,155.0,Orthodox,34,23,0,0,2.67,766.5,0.0,44.17,2.33,0.33,247.0,0.4,0.31,0.72,0.86,0.35,0.6,0.31,0.33,Lightweight,Male,1.0,0.0,0.0,1.0,Wrestler,57,0.5964912280701754
e57fdbea1b828202,Jake Hecht,Hitman,6.0,170.0,Orthodox,11,4,0,0,2.0,441.67,0.0,20.0,0.67,0.33,160.67,0.46,0.36,0.9,0.6,0.44,0.24,0.42,0.33,Welterweight,Male,1.0,0.0,0.0,1.0,Hybrid,15,0.7333333333333333
2816ced060a21be3,Nick Hein,Sergeant,5.6,155.0,Southpaw,14,5,0,0,2.62,781.38,0.38,45.88,0.62,0.0,49.38,0.37,0.32,0.53,0.65,0.37,0.48,0.25,0.0,Lightweight,Male,5.0,0.17,0.0,0.83,Hybrid,19,0.7368421052631579
2e585c701f72fe55,Ian Heinisch,The Hurricane,5.11,185.0,Orthodox,14,5,0,0,2.57,723.29,0.14,32.14,1.71,0.29,134.43,0.47,0.37,0.57,0.89,0.48,0.6,0.39,0.29,Middleweight,Male,1.0,0.5,0.0,0.5,Striker,19,0.7368421052631579
bf43fed8f29e1671,Marcin Held,No Nickname,5.9,155.0,Orthodox,23,7,0,0,3.0,826.75,0.25,21.5,2.0,0.5,243.5,0.33,0.32,0.41,0.33,0.31,0.52,0.5,0.5,Lightweight,Male,1.0,0.5,0.0,0.5,Wrestler,30,0.7666666666666667
970beed85bc46b63,Delson Heleno,Pe De Chumbo,5.11,185.0,Orthodox,29,10,0,0,1.0,261.0,0.0,21.0,0.0,0.0,70.0,0.8,0.69,0.92,0.0,0.67,1.0,0.73,0.0,Middleweight,Male,0.0,1.0,0.0,0.0,Striker,39,0.7435897435897436
1ccf4e7caff270df,Dan Henderson,Hendo,5.11,185.0,Orthodox,32,15,0,0,2.61,686.94,0.5,31.17,1.11,0.28,139.25,0.48,0.35,0.55,0.68,0.39,0.5,0.59,0.28,Middleweight,Male,4.0,0.43,0.0,0.57,Striker,47,0.6808510638297872
2676b28836a5a836,Benson Henderson,Smooth,5.9,170.0,Southpaw,24,7,0,0,3.71,1081.86,0.21,49.14,2.14,1.29,202.64,0.44,0.3,0.71,0.7,0.41,0.58,0.55,1.29,Welterweight,Male,5.0,0.11,0.33,0.56,Wrestler,31,0.7741935483870968
0941df56f6ac954b,Johny Hendricks,Bigg Rigg,5.9,185.0,Southpaw,18,8,0,0,2.67,712.48,0.33,49.9,1.19,0.33,120.33,0.46,0.39,0.68,0.59,0.39,0.6,0.59,0.33,Middleweight,Male,9.0,0.4,0.0,0.6,Striker,26,0.6923076923076923
9ab9912e0f8fa6d6,Cory Hendricks,No Nickname,6.3,205.0,Switch,3,1,0,0,3.0,900.0,0.0,61.0,0.0,0.0,467.0,0.57,0.53,0.64,1.0,0.5,0.82,0.68,0.0,Light Heavyweight,Male,1.0,0.0,0.0,1.0,Striker,4,0.75
e5bda12faabfc850,Luis Henrique,KLB,6.2,243.0,Orthodox,10,5,0,0,2.67,728.17,0.17,23.33,2.0,0.83,376.67,0.51,0.46,0.75,0.28,0.35,0.61,0.45,0.83,Heavyweight,Male,2.0,0.0,0.5,0.5,Wrestler,15,0.6666666666666666
f7d73e452b064bf2,Danny Henry,The Hatchet,6.0,145.0,Orthodox,12,4,0,0,1.5,302.75,0.75,27.75,0.5,1.0,99.0,0.47,0.42,0.51,0.42,0.45,0.19,0.36,1.0,Featherweight,Male,1.0,0.0,0.67,0.33,Hybrid,16,0.75
eb8d8c2a95cfccb8,Victor Henry,La Mangosta,5.7,135.0,Switch,25,7,0,0,2.71,742.0,0.14,74.14,1.0,0.29,91.29,0.52,0.36,0.8,0.81,0.5,0.77,0.46,0.29,Bantamweight,Male,2.0,0.0,0.0,1.0,Striker,32,0.78125
4c88a1db5a46c6a4,Jai Herbert,Black Country Banger,6.1,155.0,Orthodox,13,6,1,0,2.56,699.78,0.33,35.56,0.56,0.0,138.22,0.44,0.33,0.74,0.74,0.4,0.7,0.31,0.0,Lightweight,Male,4.0,0.2,0.0,0.8,Hybrid,20,0.65
06f36cf4bd97ec77,Ed Herman,Short Fuse,6.1,205.0,Orthodox,27,16,0,0,2.31,592.42,0.12,33.12,1.73,0.58,210.54,0.53,0.43,0.57,0.53,0.38,0.62,0.45,0.58,Light Heavyweight,Male,5.0,0.23,0.38,0.38,Wrestler,43,0.627906976744186
cbd6f1abf955e628,Dave Herman,No Nickname,6.4,242.0,Orthodox,22,6,0,0,1.6,334.0,0.2,25.0,0.6,0.0,22.6,0.6,0.22,0.8,0.73,0.6,0.18,0.2,0.0,Heavyweight,Male,0.0,1.0,0.0,0.0,Hybrid,28,0.7857142857142857
0a1942069c9ad6b6,Jack Hermansson,The Joker,6.1,170.0,Orthodox,24,9,0,0,2.42,642.21,0.21,45.42,0.42,0.58,93.37,0.42,0.31,0.51,0.61,0.35,0.41,0.43,0.58,Middleweight,Male,5.0,0.45,0.09,0.45,Hybrid,33,0.7272727272727273
915c8d39d4a0e7d1,Ramiro Hernandez,Junior,5.9,135.0,Orthodox,19,9,0,0,2.0,485.0,0.5,41.5,0.0,0.0,2.0,0.36,0.29,0.54,0.9,0.37,0.16,0.0,0.0,Bantamweight,Male,1.0,0.0,0.0,1.0,Hybrid,28,0.6785714285714286
262a7d06203657e6,Alexander Hernandez,El Gran Chango,5.9,155.0,Orthodox,18,8,0,0,2.24,605.47,0.24,44.82,1.0,0.18,99.35,0.4,0.32,0.61,0.73,0.37,0.45,0.3,0.18,Lightweight,Male,6.0,0.36,0.09,0.55,Hybrid,26,0.6923076923076923
093e1f5bb73850be,Anthony Hernandez,Fluffy,6.0,185.0,Orthodox,15,2,0,0,2.73,680.18,0.09,43.09,3.09,0.82,265.27,0.55,0.51,0.71,0.65,0.44,0.76,0.6,0.82,Middleweight,Male,1.0,0.4,0.4,0.2,Wrestler,17,0.8823529411764706
798e48f9e7f6ba22,Carlos Hernandez,No Nickname,5.8,125.0,Orthodox,10,5,0,0,2.29,613.71,0.14,33.14,0.57,0.14,66.29,0.42,0.33,0.55,0.68,0.39,0.41,0.31,0.14,Flyweight,Male,1.0,0.0,0.0,1.0,Hybrid,15,0.6666666666666666
74d35fbc9c6a61bd,Alvaro Herrera Mendoza,Chango,6.0,155.0,Orthodox,9,6,0,0,1.25,198.75,0.0,6.75,0.0,0.25,8.25,0.38,0.29,0.44,0.56,0.35,0.25,0.25,0.25,Welterweight,Male,0.0,0.0,1.0,0.0,Hybrid,15,0.6
b6850671a008bf9a,Felice Herrig,Lil Bulldog,5.4,115.0,Orthodox,14,10,0,0,2.4,664.9,0.0,51.4,0.9,1.0,240.8,0.52,0.45,0.62,0.55,0.34,0.57,0.48,1.0,Women's Strawweight,Female,3.0,0.0,0.57,0.43,Wrestler,24,0.5833333333333334
7450525c7ba032a0,Heath Herring,The Texas Crazy Horse,6.4,250.0,Orthodox,28,16,0,0,3.0,900.0,1.0,34.4,1.0,0.2,232.0,0.41,0.28,0.81,0.78,0.22,0.41,0.6,0.2,Heavyweight,Male,2.0,0.0,0.0,1.0,Wrestler,44,0.6363636363636364
32a3025d5db456ae,Jon Hess,No Nickname,6.7,295.0,Orthodox,1,1,0,0,1.0,83.0,0.0,17.0,0.0,0.0,171.72,0.6,0.41,0.91,0.0,0.43,0.67,1.0,0.0,Open Weight,Male,0.0,1.0,0.0,0.0,Hybrid,2,0.5
92b62174c175ce19,Clint Hester,Headbussa,6.2,205.0,Orthodox,11,6,0,0,2.29,632.71,0.14,27.0,1.29,0.0,105.14,0.35,0.29,0.71,0.67,0.33,0.32,0.36,0.0,Middleweight,Male,2.0,0.0,0.0,1.0,Hybrid,17,0.6470588235294118
893d51aaf024eddd,Jimy Hettes,The Kid,5.9,145.0,Southpaw,11,3,0,0,2.33,634.33,0.17,29.83,1.5,0.67,121.33,0.53,0.46,0.45,0.62,0.45,0.55,0.38,0.67,Featherweight,Male,1.0,0.0,0.67,0.33,Striker,14,0.7857142857142857
7af33fc4435017f1,Brady Hiestand,Bam Bam,5.8,135.0,Orthodox,9,2,0,0,3.0,843.25,0.0,38.0,4.5,1.0,399.75,0.51,0.44,0.72,0.86,0.48,0.62,0.72,1.0,Bantamweight,Male,1.0,0.33,0.33,0.33,Wrestler,11,0.8181818181818182
e5d03e4d966126bd,Jason High,The Kansas City Bandit,5.8,155.0,Southpaw,21,6,0,0,2.0,497.6,0.0,8.2,1.4,1.4,172.6,0.23,0.21,0.41,0.2,0.23,0.39,0.38,1.4,Welterweight,Male,1.0,0.0,0.0,1.0,Wrestler,27,0.7777777777777778
abbc737317f66b81,Corey Hill,No Nickname,6.4,155.0,Orthodox,6,9,0,0,2.0,398.0,0.0,23.67,1.33,0.0,166.33,0.47,0.4,0.81,0.28,0.36,0.49,0.45,0.0,Lightweight,Male,0.0,1.0,0.0,0.0,Hybrid,15,0.4
f0feeb2192937424,Angela Hill,Overkill,5.3,115.0,Orthodox,18,15,0,0,2.93,864.31,0.07,75.17,0.93,0.07,126.79,0.46,0.36,0.7,0.79,0.43,0.73,0.36,0.07,Women's Strawweight,Female,10.0,0.0,0.0,1.0,Striker,33,0.5454545454545454
5444c5a201d3ee5a,Jamahal Hill,Sweet Dreams,6.4,205.0,Southpaw,12,4,0,0,2.45,626.91,0.27,44.82,0.73,0.0,58.09,0.47,0.29,0.7,0.87,0.45,0.45,0.18,0.0,Light Heavyweight,Male,2.0,0.0,0.0,1.0,Hybrid,16,0.75
06f0ffa6446c5b6d,Branden Lee Hinkle,The Iron Lion,6.3,235.0,Orthodox,17,11,0,0,1.0,276.33,0.0,12.0,1.33,1.33,132.67,0.66,0.38,0.92,0.33,0.0,0.89,0.56,1.33,Heavyweight,Male,0.0,1.0,0.0,0.0,Wrestler,28,0.6071428571428571
ef7fa30364cbe7f2,Hatsu Hioki,No Nickname,5.11,145.0,Orthodox,29,10,2,0,2.75,815.62,0.12,34.12,1.5,1.38,197.5,0.46,0.38,0.64,0.77,0.36,0.77,0.91,1.38,Featherweight,Male,4.0,0.17,0.17,0.67,Wrestler,41,0.7073170731707317
9d4522df6fc49a47,Kuniyoshi Hironaka,No Nickname,5.1,168.0,Orthodox,23,9,0,0,2.5,692.75,0.25,16.5,2.0,0.75,206.25,0.4,0.32,0.67,0.62,0.29,0.46,0.55,0.75,Welterweight,Male,1.0,0.0,0.0,1.0,Wrestler,32,0.71875
35faad160d346839,Mizuto Hirota,Pugnus,5.7,155.0,Orthodox,18,10,2,0,3.0,900.0,0.0,50.29,1.71,0.14,199.71,0.38,0.32,0.58,0.74,0.33,0.66,0.43,0.14,Featherweight,Male,2.0,0.0,0.0,1.0,Striker,30,0.6
c13042265355a290,Kwan Ho Kwak,No Nickname,5.5,135.0,Switch,9,2,0,0,2.0,574.5,0.5,35.0,0.0,0.0,5.5,0.38,0.34,0.43,0.82,0.35,0.88,0.25,0.0,Bantamweight,Male,0.0,1.0,0.0,0.0,Hybrid,11,0.8181818181818182
955da1675ad58a50,Josh Hokit,The Incredible Hok,6.1,238.0,Orthodox,6,0,0,0,1.0,56.0,2.0,9.0,0.0,0.0,8.0,0.52,0.53,0.0,0.0,0.47,1.0,1.0,0.0,Heavyweight,Male,0.0,1.0,0.0,0.0,Hybrid,6,1.0
fc60ecf0671b9489,Chris Holdsworth,No Nickname,5.11,135.0,Orthodox,6,0,0,0,2.5,665.0,0.0,20.5,2.5,1.5,423.0,0.3,0.22,0.47,0.75,0.24,0.78,0.25,1.5,Bantamweight,Male,1.0,0.0,0.5,0.5,Wrestler,6,1.0
3a46b268013afede,Kevin Holland,Trailblazer,6.3,170.0,Orthodox,28,15,0,0,2.39,628.68,0.21,40.18,0.71,0.36,106.61,0.53,0.43,0.55,0.72,0.44,0.47,0.43,0.36,Welterweight,Male,7.0,0.27,0.27,0.47,Striker,43,0.6511627906976745
150ff4cc642270b9,Max Holloway,Blessed,5.11,145.0,Orthodox,27,8,0,0,3.42,982.68,0.23,112.06,0.39,0.19,57.77,0.45,0.38,0.68,0.74,0.43,0.66,0.34,0.19,Lightweight,Male,11.0,0.37,0.05,0.58,Striker,35,0.7714285714285715
634e2fb70bde3fd5,Holly Holm,The Preacher's Daughter,5.8,135.0,Southpaw,15,7,0,0,3.44,964.56,0.06,52.19,1.38,0.31,207.94,0.49,0.41,0.62,0.67,0.43,0.76,0.42,0.31,Women's Bantamweight,Female,8.0,0.09,0.18,0.73,Striker,22,0.6818181818181818
8d20d76af3f213ce,Joseph Holmes,Uglyman Joe,6.4,185.0,Orthodox,8,4,0,0,2.0,487.25,0.5,30.5,1.0,0.75,170.0,0.59,0.55,0.42,0.74,0.52,0.6,0.56,0.75,Middleweight,Male,0.0,0.33,0.67,0.0,Striker,12,0.6666666666666666
a7151778b3381036,Kurt Holobaugh,The Hurt,5.11,155.0,Orthodox,22,10,0,0,2.44,653.11,0.22,49.22,1.44,0.67,204.11,0.52,0.44,0.67,0.72,0.48,0.68,0.59,0.67,Lightweight,Male,2.0,0.2,0.4,0.4,Striker,32,0.6875
6e7c758f5cdec01a,Paddy Holohan,The Hooligan,5.1,125.0,Orthodox,12,2,1,0,2.4,687.0,0.2,37.8,1.2,1.6,346.8,0.5,0.46,0.55,0.71,0.4,0.59,0.73,1.6,Flyweight,Male,3.0,0.0,0.4,0.6,Wrestler,15,0.8
df1eb4354d18a906,Scott Holtzman,Hot Sauce,5.9,155.0,Orthodox,14,6,0,0,2.69,772.46,0.38,53.62,2.23,0.15,237.23,0.49,0.41,0.76,0.88,0.42,0.74,0.48,0.15,Lightweight,Male,5.0,0.38,0.0,0.62,Striker,20,0.7
71f048adbfed5b49,Sabah Homasi,No Nickname,6.0,170.0,Orthodox,11,8,0,0,1.33,321.33,0.67,24.33,1.0,0.0,66.67,0.41,0.38,0.6,0.74,0.38,0.64,0.0,0.0,Welterweight,Male,0.0,1.0,0.0,0.0,Hybrid,19,0.5789473684210527
0a97691039c4bbfb,Mark Hominick,The Machine,5.8,145.0,Orthodox,20,12,0,0,2.57,672.43,0.71,45.43,0.43,0.29,127.86,0.41,0.37,0.55,0.56,0.36,0.32,0.47,0.29,Featherweight,Male,3.0,0.33,0.17,0.5,Hybrid,32,0.625
472f6f6e6d962f40,Barb Honchak,Little Warrior,5.4,125.0,Orthodox,10,4,0,0,2.5,706.0,0.0,41.5,1.0,0.0,104.0,0.3,0.29,0.38,0.44,0.3,0.0,0.0,0.0,Women's Flyweight,Female,1.0,0.0,0.0,1.0,Hybrid,14,0.7142857142857143
193b9d1858bc4df3,Dan Hooker,The Hangman,6.0,155.0,Switch,24,12,0,0,2.3,608.83,0.22,45.43,1.0,0.43,109.65,0.44,0.35,0.62,0.75,0.42,0.38,0.41,0.43,Lightweight,Male,2.0,0.56,0.22,0.22,Striker,36,0.6666666666666666
971246648e162f0d,Chase Hooper,The Dream,6.1,155.0,Southpaw,16,4,1,0,2.08,558.75,0.42,42.92,0.75,1.25,173.83,0.5,0.46,0.68,0.49,0.39,0.47,0.76,1.25,Lightweight,Male,2.0,0.44,0.33,0.22,Wrestler,21,0.7619047619047619
98aa60cf58071fd6,Kyoji Horiguchi,No Nickname,5.5,125.0,Orthodox,19,2,0,0,2.89,832.89,0.33,43.44,1.78,0.22,157.33,0.46,0.4,0.66,0.77,0.4,0.64,0.44,0.22,Flyweight,Male,5.0,0.17,0.0,0.83,Striker,21,0.9047619047619048
8d26912cd2aeb366,Jeremy Horn,Gumby,6.1,185.0,Orthodox,91,22,5,0,1.77,464.62,0.0,11.92,0.85,0.92,87.3,0.47,0.34,0.68,0.48,0.32,0.31,0.44,0.92,Middleweight,Male,1.0,0.17,0.67,0.17,Wrestler,118,0.7711864406779662
5c637af9472ae7cc,Jamey-Lyn Horth,No Nickname,5.7,125.0,Orthodox,8,2,0,0,3.0,900.0,0.0,50.2,1.6,0.2,206.2,0.44,0.35,0.64,0.78,0.39,0.78,0.4,0.2,Women's Flyweight,Female,2.0,0.0,0.0,1.0,Striker,10,0.8
97a8f39186f489db,Jeff Hougland,Hellbound,5.7,135.0,Orthodox,10,6,0,0,3.0,900.0,0.0,31.0,0.67,1.33,90.0,0.47,0.31,0.64,0.67,0.42,0.67,0.52,1.33,Bantamweight,Male,1.0,0.0,0.0,1.0,Wrestler,16,0.625
a2b06ca02bca14c0,Harold Howard,No Nickname,6.2,240.0,Orthodox,1,3,0,0,1.0,78.0,0.33,5.0,0.33,0.33,151.63600000000002,0.63,0.69,0.25,0.0,0.5,0.89,0.33,0.33,Open Weight,Male,0.0,1.0,0.0,0.0,Hybrid,4,0.25
fc31f896cde2bc2e,John Howard,Doomsday,5.7,170.0,Orthodox,24,13,0,0,2.64,736.79,0.14,32.14,2.71,0.29,256.29,0.55,0.4,0.7,0.79,0.45,0.52,0.63,0.29,Welterweight,Male,5.0,0.44,0.0,0.56,Striker,37,0.6486486486486487
f1175ea3aafbf351,Hu Yaozong,Totoro,6.3,185.0,Orthodox,3,3,0,0,2.67,746.33,0.33,59.33,1.33,2.33,201.67,0.59,0.55,0.61,0.89,0.52,0.44,0.84,2.33,Middleweight,Male,1.0,0.0,0.5,0.5,Wrestler,6,0.5
d2cd7a69cc55e7ed,Austin Hubbard,Thud,5.1,155.0,Orthodox,17,10,0,0,2.67,782.5,0.0,52.92,1.17,0.17,128.0,0.45,0.35,0.64,0.83,0.43,0.77,0.31,0.17,Lightweight,Male,3.0,0.2,0.2,0.6,Striker,27,0.6296296296296297
daf1b84aebd6602b,Roger Huerta,El Matador,5.9,155.0,Orthodox,23,9,1,0,2.62,686.25,0.0,41.62,1.62,0.38,253.75,0.4,0.36,0.49,0.48,0.24,0.34,0.69,0.38,Lightweight,Male,2.0,0.5,0.17,0.33,Wrestler,33,0.696969696969697
621a6c59f88a44fe,Matt Hughes,No Nickname,5.9,170.0,Switch,45,9,0,0,2.04,535.68,0.16,21.88,1.88,0.64,295.46,0.56,0.42,0.78,0.34,0.27,0.55,0.63,0.64,Welterweight,Male,5.0,0.5,0.25,0.25,Wrestler,54,0.8333333333333334
d62bb4d84a7267ba,Mark Hughes,No Nickname,5.9,205.0,Southpaw,6,2,0,0,2.0,600.0,0.0,9.0,2.0,3.0,567.0,0.47,0.41,1.0,0.0,0.0,1.0,0.47,3.0,Middleweight,Male,1.0,0.0,0.0,1.0,Wrestler,8,0.75
eef9b891edbd4604,Mark Hunt,Super Samoan,5.1,265.0,Orthodox,13,14,1,0,2.56,669.67,0.39,27.61,0.89,0.22,77.83,0.39,0.36,0.5,0.56,0.34,0.32,0.39,0.22,Heavyweight,Male,2.0,0.56,0.22,0.22,Hybrid,28,0.4642857142857143
baa5358456803df8,Alex Hunter,No Nickname,5.9,226.0,Orthodox,2,0,0,0,1.0,435.0,0.0,9.0,1.0,0.0,171.72,0.6,0.52,0.84,1.0,0.84,0.3,0.53,0.0,Heavyweight,Male,1.0,0.0,0.5,0.5,Striker,2,1.0
59279a7c978f7da0,Al Iaquinta,Raging,5.1,155.0,Orthodox,14,7,1,0,2.8,761.73,0.53,56.13,0.33,0.13,61.2,0.43,0.37,0.58,0.9,0.41,0.33,0.51,0.13,Lightweight,Male,4.0,0.38,0.12,0.5,Hybrid,22,0.6363636363636364
c3218c810959d279,Khadis Ibragimov,No Nickname,6.3,205.0,Orthodox,8,4,0,0,2.5,693.5,0.0,47.25,1.25,0.0,199.75,0.52,0.4,0.72,0.96,0.49,0.33,0.62,0.0,Light Heavyweight,Male,2.0,0.0,0.0,1.0,Striker,12,0.6666666666666666
30cad5a751adcb48,Alibi Idiris,No Nickname,5.6,125.0,Orthodox,11,1,0,0,2.0,484.0,0.0,29.0,2.0,2.0,218.0,0.46,0.34,0.72,1.0,0.38,0.75,0.5,2.0,Flyweight,Male,0.0,0.0,1.0,0.0,Wrestler,12,0.9166666666666666
82a5152216251682,Dan Ige,50K,5.7,145.0,Orthodox,19,10,0,0,2.75,766.85,0.3,47.35,1.3,0.1,134.5,0.42,0.36,0.66,0.75,0.4,0.58,0.5,0.1,Featherweight,Male,8.0,0.33,0.0,0.67,Striker,29,0.6551724137931034
7f0f171414d0a287,Zelim Imadaev,No Nickname,6.0,170.0,Orthodox,8,3,0,0,2.67,791.0,0.33,41.33,0.33,0.0,117.33,0.42,0.27,0.72,0.92,0.36,0.62,0.0,0.0,Welterweight,Male,0.0,1.0,0.0,0.0,Hybrid,11,0.7272727272727273
881bf86d4cba8578,Nassourdine Imavov,The Sniper,6.3,185.0,Orthodox,17,4,0,0,3.25,915.75,0.0,53.42,0.67,0.25,177.58,0.5,0.43,0.69,0.73,0.47,0.7,0.3,0.25,Middleweight,Male,3.0,0.25,0.0,0.75,Striker,21,0.8095238095238095
d5b7fac960e58920,Chris Indich,No Nickname,5.1,170.0,Orthodox,6,4,0,0,2.0,597.5,0.0,13.5,0.5,1.0,90.0,0.37,0.26,0.6,0.84,0.36,0.46,0.0,1.0,Welterweight,Male,0.0,1.0,0.0,0.0,Hybrid,10,0.6
199eb7cf6ae90294,Naoki Inoue,No Nickname,5.9,125.0,Orthodox,11,1,0,0,3.0,900.0,0.0,55.0,0.0,2.5,277.5,0.38,0.34,0.58,0.64,0.34,0.94,0.3,2.5,Flyweight,Male,1.0,0.0,0.0,1.0,Wrestler,12,0.9166666666666666
a7f4d0902bb64092,James Irvin,The Sandman,6.2,205.0,Orthodox,17,10,0,0,1.2,172.6,0.3,6.6,0.2,0.2,9.8,0.55,0.42,0.47,0.61,0.51,0.43,0.32,0.2,Light Heavyweight,Male,0.0,0.6,0.2,0.0,Hybrid,27,0.6296296296296297
88cd34d836b4ebcd,Teruto Ishihara,Yashabo,5.7,135.0,Southpaw,10,7,2,0,2.22,603.67,0.89,35.89,0.67,0.11,87.78,0.5,0.37,0.69,0.61,0.45,0.67,0.56,0.11,Featherweight,Male,2.0,0.4,0.2,0.4,Striker,19,0.5263157894736842
135d124172a0bea3,Damir Ismagulov,Qazaq,5.1,155.0,Orthodox,24,3,0,0,3.0,900.0,0.29,45.71,0.43,0.29,127.0,0.42,0.34,0.62,0.76,0.35,0.71,0.23,0.29,Lightweight,Male,4.0,0.0,0.0,1.0,Hybrid,27,0.8888888888888888
d1e1fdcea7c8a90a,Leandro Issa,Brodinho,5.7,135.0,Orthodox,13,6,0,0,2.6,756.2,0.0,29.2,1.2,0.4,289.2,0.44,0.37,0.49,0.74,0.36,0.54,0.6,0.4,Bantamweight,Male,0.0,0.0,1.0,0.0,Wrestler,19,0.6842105263157895
1788eee370f077b7,Blagoy Ivanov,Baga,5.11,250.0,Southpaw,19,6,0,0,3.25,975.0,0.0,53.12,0.38,0.12,87.5,0.4,0.34,0.82,0.71,0.39,0.59,0.12,0.12,Heavyweight,Male,3.0,0.0,0.0,1.0,Hybrid,25,0.76
3c5005b66696d790,Anthony Ivy,Aquaman,6.2,185.0,Orthodox,8,4,0,0,2.0,479.5,0.0,23.0,2.5,0.0,175.0,0.42,0.38,0.92,0.0,0.4,0.26,0.3,0.0,Welterweight,Male,0.0,1.0,0.0,0.0,Hybrid,12,0.6666666666666666
b4eeac608fc82f88,Yves Jabouin,Tiger,5.7,135.0,Orthodox,20,11,0,0,2.1,606.6,0.1,33.4,0.8,0.4,137.5,0.46,0.38,0.7,0.64,0.35,0.66,0.6,0.4,Bantamweight,Male,4.0,0.14,0.29,0.57,Wrestler,31,0.6451612903225806
13b2f59210dda9cc,Kevin Jackson,No Nickname,5.1,199.0,Switch,4,2,0,0,1.0,192.5,0.0,6.25,1.25,0.25,171.72,0.6,0.6,0.5,0.25,0.31,0.0,0.58,0.25,Lightweight,Male,0.0,0.5,0.5,0.0,Hybrid,6,0.6666666666666666
ffc088e64fab57e9,Quinton Jackson,Rampage,6.1,205.0,Orthodox,37,12,0,0,3.0,855.15,0.62,45.54,1.31,0.0,192.77,0.49,0.41,0.69,0.88,0.4,0.57,0.51,0.0,Catch Weight,Male,8.0,0.27,0.0,0.73,Striker,49,0.7551020408163265
29af297d9f1de0f8,Damon Jackson,The Leech,5.11,155.0,Switch,23,8,1,0,2.21,588.0,0.07,30.79,1.79,0.14,241.43,0.45,0.39,0.55,0.79,0.38,0.57,0.55,0.14,Featherweight,Male,2.0,0.25,0.25,0.5,Striker,32,0.71875
0641c21bec209472,Mike Jackson,The Truth,6.2,170.0,Orthodox,1,2,0,0,1.5,317.5,0.5,31.25,0.25,0.0,119.0,0.54,0.5,0.68,0.5,0.49,0.57,0.48,0.0,Welterweight,Male,0.0,1.0,0.0,0.0,Striker,3,0.3333333333333333
cc1a8b4b38b92c6d,Montel Jackson,Quik,5.1,135.0,Southpaw,15,3,0,0,2.33,638.17,0.75,29.17,2.17,0.17,180.75,0.51,0.4,0.65,0.68,0.45,0.56,0.38,0.17,Bantamweight,Male,4.0,0.33,0.0,0.67,Striker,18,0.8333333333333334
e4277e87a789d687,Dustin Jacoby,The Hanyak,6.3,205.0,Orthodox,21,9,1,0,2.25,596.19,0.38,51.88,0.38,0.0,58.56,0.45,0.38,0.53,0.81,0.45,0.42,0.25,0.0,Light Heavyweight,Male,6.0,0.45,0.0,0.55,Hybrid,31,0.6774193548387096
7dda2cf308f24a02,Virna Jandiroba,Carcara,5.3,115.0,Orthodox,22,3,0,0,2.75,789.0,0.08,31.25,1.25,0.58,173.33,0.44,0.33,0.48,0.38,0.37,0.46,0.63,0.58,Women's Strawweight,Female,3.0,0.0,0.25,0.75,Wrestler,25,0.88
b9d0fd83bb8a147a,Keith Jardine,The Dean of Mean,6.2,185.0,Orthodox,17,11,2,0,2.31,615.23,0.23,42.31,0.38,0.0,31.92,0.38,0.28,0.79,0.79,0.37,0.44,0.14,0.0,Light Heavyweight,Male,5.0,0.29,0.0,0.71,Hybrid,30,0.5666666666666667
b71ce838b01f2cad,Rony Jason,No Nickname,5.7,145.0,Orthodox,14,7,0,0,2.0,507.56,0.22,22.44,1.11,0.44,76.67,0.56,0.5,0.39,0.52,0.47,0.58,0.61,0.44,Featherweight,Male,2.0,0.5,0.17,0.33,Striker,21,0.6666666666666666
a9e260472d321361,Jasmine Jasudavicius,No Nickname,5.7,125.0,Orthodox,14,4,0,0,2.64,740.27,0.09,49.18,1.64,0.36,237.45,0.46,0.35,0.57,0.77,0.44,0.62,0.25,0.36,Women's Flyweight,Female,4.0,0.0,0.2,0.8,Striker,18,0.7777777777777778
40cb680ae1cd331f,Yazmin Jauregui,No Nickname,5.3,115.0,Orthodox,11,2,0,0,2.0,509.6,0.8,57.0,0.0,0.2,41.6,0.52,0.46,0.47,0.64,0.45,0.56,0.52,0.2,Women's Strawweight,Female,2.0,0.4,0.2,0.4,Striker,13,0.8461538461538461
3d6749c4267da18f,Joanna Jedrzejczyk,No Nickname,5.6,115.0,Orthodox,16,5,0,0,3.8,1116.67,0.07,111.73,0.93,0.13,143.4,0.44,0.32,0.68,0.66,0.4,0.68,0.25,0.13,Women's Strawweight,Female,6.0,0.25,0.0,0.75,Striker,21,0.7619047619047619
a9da3158dd2c2b5a,Jack Jenkins,Phar,5.7,145.0,Switch,14,4,0,0,2.83,762.17,0.33,59.0,2.17,0.5,260.67,0.54,0.43,0.74,0.84,0.5,0.61,0.76,0.5,Featherweight,Male,2.0,0.4,0.2,0.4,Striker,18,0.7777777777777778
aae99701b21554e4,Ryan Jensen,No Nickname,6.1,185.0,Orthodox,21,8,0,0,1.38,255.12,0.25,12.5,0.62,0.62,66.0,0.4,0.38,0.33,0.56,0.3,0.36,0.43,0.62,Middleweight,Male,0.0,0.0,1.0,0.0,Hybrid,29,0.7241379310344828
6b5b9be990774f0e,Maciej Jewtuszko,Irokez,6.0,155.0,Southpaw,12,3,0,0,3.0,900.0,0.0,18.0,4.0,0.0,499.0,0.31,0.27,1.0,0.5,0.33,0.33,0.23,0.0,Lightweight,Male,1.0,0.0,0.0,1.0,Wrestler,15,0.8
8677e67a75d65b8e,Baergeng Jieleyisi,No Nickname,5.9,145.0,Orthodox,18,7,0,0,3.0,900.0,0.0,42.0,2.0,0.0,286.0,0.48,0.39,0.67,1.0,0.47,0.75,0.5,0.0,Bantamweight,Male,1.0,0.0,0.0,1.0,Striker,25,0.72
bc3ec52ef70fc155,Ryan Jimmo,The Big Deal,6.1,205.0,Orthodox,19,5,0,0,2.14,569.29,0.43,29.29,0.29,0.0,189.0,0.54,0.4,0.72,0.65,0.44,0.78,0.35,0.0,Light Heavyweight,Male,1.0,0.5,0.0,0.5,Striker,24,0.7916666666666666
2a4200ead401a9ce,Carls John De Tomas,No Nickname,5.5,125.0,Southpaw,6,2,0,0,2.5,657.0,0.0,27.0,2.0,1.5,147.5,0.5,0.44,0.48,0.71,0.4,0.79,0.56,1.5,Bantamweight,Male,0.0,0.0,1.0,0.0,Wrestler,8,0.75
ec52462a1b41f714,Brett Johns,The Pikey,5.7,135.0,Orthodox,17,2,0,0,2.71,757.57,0.0,36.0,4.14,0.71,386.29,0.53,0.44,0.54,0.67,0.3,0.51,0.43,0.71,Bantamweight,Male,3.0,0.0,0.25,0.75,Wrestler,19,0.8947368421052632
46e0d677f91bacc0,Miles Johns,Chapo,5.7,135.0,Orthodox,15,4,0,0,2.83,784.08,0.33,44.58,0.83,0.42,163.0,0.39,0.34,0.55,0.58,0.36,0.59,0.22,0.42,Bantamweight,Male,3.0,0.38,0.25,0.38,Hybrid,19,0.7894736842105263
365fee2da473b177,Anthony Johnson,Rumble,6.2,205.0,Orthodox,22,6,0,0,1.74,370.47,0.58,17.74,1.11,0.42,163.32,0.5,0.44,0.46,0.54,0.39,0.41,0.53,0.42,Light Heavyweight,Male,1.0,0.83,0.08,0.08,Striker,28,0.7857142857142857
322a56923b396b4d,DaMarques Johnson,Darkness,6.1,170.0,Orthodox,15,15,0,0,1.6,381.1,0.2,20.1,1.2,0.5,163.5,0.51,0.48,0.56,0.48,0.35,0.34,0.74,0.5,Welterweight,Male,0.0,0.5,0.5,0.0,Wrestler,30,0.5
8a304bfd6bf04a57,Demetrious Johnson,Mighty Mouse,5.3,125.0,Orthodox,27,3,1,0,3.83,1114.0,0.17,60.28,3.11,0.94,333.0,0.51,0.4,0.71,0.67,0.39,0.66,0.54,0.94,Flyweight,Male,6.0,0.15,0.38,0.46,Wrestler,31,0.8709677419354839
511e82663651438d,Michael Johnson,The Menace,5.1,155.0,Southpaw,25,19,0,0,2.55,696.87,0.23,48.48,0.52,0.23,83.94,0.4,0.31,0.56,0.72,0.36,0.41,0.34,0.23,Lightweight,Male,13.0,0.25,0.1,0.65,Hybrid,44,0.5681818181818182
633a45d131192ffe,Kajan Johnson,Ragin',5.11,155.0,Orthodox,23,13,1,0,2.71,750.43,0.43,25.14,0.86,0.29,85.57,0.38,0.29,0.6,0.53,0.31,0.24,0.57,0.29,Lightweight,Male,0.0,0.67,0.33,0.0,Hybrid,37,0.6216216216216216
cc900af167fbedfd,Timothy Johnson,No Nickname,6.3,265.0,Southpaw,12,4,0,0,2.43,709.71,0.14,39.57,0.57,0.0,198.71,0.48,0.39,0.68,0.79,0.4,0.68,0.19,0.0,Heavyweight,Male,3.0,0.25,0.0,0.75,Hybrid,16,0.75
99bcdf5eac39898f,Jordan Johnson,No Nickname,6.2,205.0,Orthodox,10,0,0,0,2.75,760.5,0.0,31.0,1.0,0.0,140.5,0.36,0.28,0.54,0.65,0.36,0.28,0.28,0.0,Middleweight,Male,2.0,0.0,0.0,1.0,Hybrid,10,1.0
84f727cf0166d6f2,Jose Johnson,Zhakwarius,6.0,125.0,Orthodox,16,10,0,0,2.0,535.0,0.0,10.25,1.25,0.75,113.0,0.38,0.34,0.34,0.67,0.41,0.29,0.32,0.75,Bantamweight,Male,0.0,0.0,1.0,0.0,Wrestler,26,0.6153846153846154
814e5233e2acf2ee,Charles Johnson,InnerG,5.9,125.0,Switch,18,7,0,0,2.75,797.33,0.33,52.5,0.92,0.25,104.0,0.46,0.39,0.66,0.72,0.44,0.56,0.51,0.25,Flyweight,Male,5.0,0.29,0.0,0.71,Striker,25,0.72
ad5cb64af10fc946,Donte Johnson,Lock Jaw,5.8,185.0,Southpaw,6,0,0,0,2.0,385.0,0.0,10.0,3.0,1.0,184.0,0.55,0.53,0.0,1.0,0.3,0.86,1.0,1.0,Middleweight,Male,0.0,0.0,1.0,0.0,Wrestler,6,1.0
1c3f5e85b59ec710,Brian Johnston,No Nickname,6.3,230.0,Orthodox,5,5,0,0,1.0,178.0,0.0,4.83,0.33,0.17,127.992,0.53,0.35,0.28,0.44,0.25,0.31,0.2,0.17,Open Weight,Male,0.0,1.0,0.0,0.0,Hybrid,10,0.5
eebc23626e38f5dc,Liana Jojua,She Wolf,5.4,125.0,Orthodox,8,5,0,0,2.0,527.25,0.0,33.0,0.75,0.25,146.0,0.44,0.38,0.67,0.62,0.41,0.38,0.3,0.25,Women's Flyweight,Female,0.0,1.0,0.0,0.0,Hybrid,13,0.6153846153846154
eeabcd4dc6619129,Daniel Jolly,The Werewolf of Texas,6.1,205.0,Orthodox,5,3,0,0,1.0,168.5,0.5,4.5,0.0,0.0,15.0,0.71,0.6,1.0,0.1,0.19,1.0,0.5,0.0,Light Heavyweight,Male,0.0,1.0,0.0,0.0,Striker,8,0.625
f341f9551ba744e2,Paul Jones,No Nickname,5.9,199.0,Orthodox,11,1,1,0,1.0,246.5,0.0,13.0,0.0,1.0,139.0,0.66,0.3,1.0,0.5,0.38,0.34,0.32,1.0,Middleweight,Male,0.0,0.0,1.0,0.0,Wrestler,13,0.8461538461538461
07f72a2a7591b409,Jon Jones,Bones,6.4,248.0,Orthodox,28,1,0,0,3.21,892.0,0.21,62.17,1.67,0.46,185.04,0.57,0.47,0.71,0.73,0.47,0.61,0.57,0.46,Heavyweight,Male,10.0,0.2,0.3,0.5,Striker,29,0.9655172413793104
ec23c1be628d8057,Trevin Jones,5 Star,5.7,135.0,Southpaw,13,10,0,0,2.67,724.17,0.17,33.83,0.67,0.83,37.0,0.43,0.34,0.7,0.84,0.37,0.75,0.3,0.83,Bantamweight,Male,1.0,0.0,0.5,0.5,Striker,23,0.5652173913043478
f6ad6a1e4d600e0d,Mason Jones,The Dragon,5.1,155.0,Orthodox,17,2,0,0,2.67,755.33,0.33,63.33,1.83,0.0,207.67,0.46,0.4,0.65,0.97,0.41,0.48,0.5,0.0,Lightweight,Male,2.0,0.0,0.0,1.0,Striker,19,0.8947368421052632
1a98c9dbb7fc3959,Jocelyn Jones-Lybarger,No Nickname,5.7,115.0,Orthodox,6,4,0,0,3.0,873.0,0.0,52.0,0.67,0.67,254.0,0.35,0.3,0.56,0.78,0.3,0.68,0.58,0.67,Women's Strawweight,Female,0.0,0.0,1.0,0.0,Striker,10,0.6
ca2efc9d7d523c43,Shawn Jordan,The Savage,6.0,260.0,Southpaw,19,8,0,0,1.9,456.0,0.2,22.6,0.7,0.1,121.2,0.48,0.42,0.5,0.55,0.41,0.34,0.24,0.1,Heavyweight,Male,1.0,0.75,0.0,0.25,Hybrid,27,0.7037037037037037
19db7ac26308178f,Ivan Jorge,Batman,5.9,155.0,Orthodox,27,7,0,0,2.5,721.25,0.0,34.25,0.75,0.5,148.25,0.44,0.35,0.6,0.9,0.36,0.71,0.0,0.5,Lightweight,Male,1.0,0.0,0.0,1.0,Hybrid,34,0.7941176470588235
0b64d0fed453ef7f,Scott Jorgensen,Young Guns,5.5,135.0,Orthodox,15,12,0,0,2.25,637.25,0.08,33.42,2.58,0.42,159.17,0.4,0.34,0.66,0.86,0.32,0.46,0.46,0.42,Flyweight,Male,4.0,0.14,0.29,0.57,Striker,27,0.5555555555555556
4e06913c91da5200,Krzysztof Jotko,No Nickname,6.1,185.0,Southpaw,24,6,0,0,2.65,758.59,0.12,29.12,1.12,0.24,196.24,0.43,0.31,0.64,0.79,0.36,0.45,0.37,0.24,Middleweight,Male,3.0,0.33,0.17,0.5,Hybrid,30,0.8
cf65d56b0755ed3b,Alan Jouban,Brahma,6.0,170.0,Southpaw,17,7,0,0,2.08,540.0,0.54,47.31,0.38,0.15,37.0,0.46,0.37,0.65,0.72,0.44,0.61,0.23,0.15,Welterweight,Male,5.0,0.38,0.0,0.62,Hybrid,24,0.7083333333333334
f1d64ae34e088832,Charles Jourdain,Air,5.9,135.0,Switch,17,8,1,0,2.44,678.31,0.5,59.94,0.56,0.38,80.0,0.48,0.39,0.64,0.75,0.45,0.43,0.48,0.38,Bantamweight,Male,3.0,0.29,0.29,0.43,Striker,26,0.6538461538461539
dda15dbfafb792df,Kevin Jousset,Air,6.2,170.0,Orthodox,10,4,0,0,2.25,654.0,0.0,63.75,0.25,0.25,64.0,0.46,0.4,0.71,0.8,0.45,0.7,0.0,0.25,Welterweight,Male,0.0,0.5,0.5,0.0,Hybrid,14,0.7142857142857143
f1ab6f37492c630a,Carli Judice,Crispy,5.7,125.0,Southpaw,5,2,0,0,2.33,563.33,0.33,80.67,0.67,0.0,79.33,0.44,0.38,0.53,0.5,0.42,0.51,0.33,0.0,Women's Flyweight,Female,1.0,0.5,0.0,0.5,Hybrid,7,0.7142857142857143
4c288a2b250bb576,Luke Jumeau,The Jedi,5.11,170.0,Orthodox,13,5,0,0,3.0,900.0,0.0,46.0,0.75,0.0,98.5,0.44,0.35,0.53,0.84,0.39,0.44,0.23,0.0,Welterweight,Male,3.0,0.0,0.0,1.0,Hybrid,18,0.7222222222222222
c451d67c09c55418,Chan Sung Jung,The Korean Zombie,5.7,145.0,Orthodox,17,8,0,0,3.0,755.42,0.08,42.08,0.67,0.58,105.25,0.35,0.29,0.66,0.66,0.33,0.5,0.17,0.58,Featherweight,Male,1.0,0.25,0.5,0.25,Hybrid,25,0.68
74f9448b97bf8bec,Da Woon Jung,Sseda,6.4,205.0,Orthodox,15,6,1,0,2.33,627.67,0.22,35.11,1.33,0.11,133.56,0.43,0.36,0.38,0.55,0.37,0.45,0.36,0.11,Light Heavyweight,Male,2.0,0.25,0.25,0.5,Hybrid,22,0.6818181818181818
08e908ed6d18d6a0,Myles Jury,Fury,5.1,145.0,Orthodox,17,4,0,0,2.08,555.33,0.25,22.83,0.42,0.25,83.33,0.37,0.32,0.42,0.54,0.28,0.28,0.46,0.25,Featherweight,Male,1.0,0.6,0.2,0.2,Hybrid,21,0.8095238095238095
634bb0de2eb043b4,Cristiane Justino,Cyborg,5.8,145.0,Orthodox,21,2,0,0,2.29,557.43,0.57,67.14,0.43,0.0,82.0,0.61,0.53,0.73,0.82,0.58,0.65,0.48,0.0,Women's Featherweight,Female,2.0,0.71,0.0,0.29,Striker,23,0.9130434782608695
c1ea9d56cd953586,Emily Kagan,No Nickname,5.3,115.0,Orthodox,3,3,0,0,2.5,726.5,0.5,64.5,0.5,0.0,269.0,0.47,0.42,0.74,0.58,0.4,0.52,0.39,0.0,Women's Strawweight,Female,1.0,0.0,0.0,1.0,Striker,6,0.5
304fcd812f12c589,Geza Kalman,No Nickname,6.1,200.0,Orthodox,4,9,0,0,1.0,357.0,0.0,21.0,0.0,1.0,229.754,0.58,0.39,0.88,1.0,0.0,0.82,1.0,1.0,Open Weight,Male,0.0,1.0,0.0,0.0,Wrestler,13,0.3076923076923077
eee0ef3e2b14816b,Kai Kamaka,The Fighting Hawaiian,5.7,145.0,Orthodox,8,4,1,0,2.75,817.0,0.0,72.75,2.0,0.5,147.75,0.54,0.36,0.8,0.91,0.53,0.74,0.67,0.5,Featherweight,Male,2.0,0.0,0.0,1.0,Striker,13,0.6153846153846154
8b69839f3555a67b,Martin Kampmann,The Hitman,6.0,170.0,Orthodox,20,7,0,0,2.12,541.53,0.29,31.0,1.06,1.0,138.18,0.41,0.37,0.63,0.33,0.31,0.58,0.47,1.0,Welterweight,Male,2.0,0.14,0.57,0.29,Wrestler,27,0.7407407407407407
3c241737a6069b9f,Denis Kang,No Nickname,5.11,185.0,Orthodox,35,16,2,0,2.33,680.0,0.33,22.67,2.67,0.67,350.33,0.38,0.33,0.66,0.44,0.27,0.39,0.61,0.67,Middleweight,Male,1.0,0.0,0.0,1.0,Wrestler,53,0.660377358490566
a7897d200692ab64,Kyung Ho Kang,Mr. Perfect,5.9,135.0,Orthodox,19,11,0,0,2.57,750.71,0.29,41.14,1.64,0.43,255.57,0.47,0.43,0.61,0.67,0.37,0.49,0.56,0.43,Bantamweight,Male,4.0,0.0,0.43,0.57,Wrestler,30,0.6333333333333333
5d1b7e3dd9e11074,Manel Kape,StarBoy,5.5,125.0,Southpaw,21,7,0,0,2.56,719.89,0.56,57.0,0.78,0.11,46.89,0.56,0.5,0.74,0.76,0.55,0.42,0.45,0.11,Flyweight,Male,2.0,0.67,0.0,0.33,Striker,28,0.75
853eb0dd5c0e2149,Kai Kara-France,Don't Blink,5.4,125.0,Orthodox,25,12,0,0,2.62,736.69,0.62,44.0,0.69,0.62,84.85,0.4,0.35,0.57,0.74,0.39,0.43,0.61,0.62,Flyweight,Male,4.0,0.29,0.14,0.57,Striker,37,0.6756756756756757
e361e5c858af6ff1,Alex Karalexis,The Assassin,5.8,155.0,Orthodox,10,6,0,0,2.0,416.33,0.0,14.0,0.33,1.0,87.0,0.36,0.34,0.37,0.33,0.1,0.31,0.75,1.0,Welterweight,Male,0.0,1.0,0.0,0.0,Wrestler,16,0.625
e4faa79383c9f214,Ernesta Kareckaite,Heavy-Handed,5.9,125.0,Orthodox,6,1,1,0,3.0,900.0,0.0,74.0,0.5,0.0,149.0,0.38,0.35,0.61,0.22,0.37,0.81,0.18,0.0,Women's Flyweight,Female,1.0,0.0,0.0,1.0,Striker,8,0.75
257b0c8d6f199895,Impa Kasanganay,Tshilobo,5.11,170.0,Orthodox,9,2,0,0,2.0,451.75,0.5,34.25,0.75,0.25,68.5,0.42,0.37,0.46,0.87,0.37,0.42,0.4,0.25,Welterweight,Male,0.0,0.67,0.33,0.0,Hybrid,11,0.8181818181818182
6e7506127408aa9e,Nadia Kassem,No Nickname,5.5,125.0,Southpaw,5,2,0,0,2.33,652.0,0.33,43.33,1.33,0.0,174.0,0.6,0.45,0.85,0.67,0.59,0.67,0.58,0.0,Women's Strawweight,Female,0.0,1.0,0.0,0.0,Striker,7,0.7142857142857143
3058888c33149a53,Yusuke Kasuya,No Nickname,5.7,155.0,Southpaw,9,3,0,0,2.5,663.0,0.0,47.0,2.0,0.0,133.0,0.55,0.48,0.75,0.66,0.36,1.0,0.34,0.0,Lightweight,Male,0.0,1.0,0.0,0.0,Striker,12,0.75
7b433309b0fd12aa,Brad Katona,Superman,5.6,135.0,Orthodox,16,5,0,0,2.78,807.11,0.11,68.44,1.0,0.0,147.67,0.49,0.44,0.64,0.8,0.45,0.67,0.42,0.0,Bantamweight,Male,7.0,0.12,0.0,0.88,Striker,21,0.7619047619047619
751de04455cfaac0,Calvin Kattar,No Nickname,5.11,145.0,Orthodox,23,10,0,0,3.13,887.07,0.27,72.47,0.73,0.07,66.07,0.42,0.34,0.66,0.77,0.42,0.38,0.26,0.07,Featherweight,Male,6.0,0.33,0.0,0.67,Hybrid,33,0.696969696969697
36df8e119aec6175,Sarah Kaufman,No Nickname,5.5,135.0,Orthodox,18,4,0,0,2.75,796.75,0.0,96.5,1.25,0.0,173.0,0.54,0.46,0.77,0.78,0.42,0.85,0.7,0.0,Women's Bantamweight,Female,2.0,0.0,0.0,1.0,Striker,22,0.8181818181818182
bb2c3c3a466224af,Lone'er Kavanagh,No Nickname,5.6,125.0,Orthodox,9,1,0,0,2.67,791.67,0.0,56.0,1.67,0.33,150.67,0.49,0.41,0.66,0.69,0.47,0.56,0.25,0.33,Flyweight,Male,2.0,0.0,0.0,1.0,Striker,10,0.9
80d918336163b80c,Tatsuya Kawajiri,Crusher,5.7,145.0,Orthodox,36,11,2,0,2.83,808.33,0.0,22.67,2.33,0.5,334.67,0.5,0.46,0.44,0.88,0.39,0.59,0.5,0.5,Featherweight,Male,1.0,0.0,0.5,0.5,Wrestler,49,0.7346938775510204
148bb103cfbf123e,Toshiomi Kazama,No Nickname,5.7,135.0,Orthodox,11,5,0,0,1.25,238.5,0.75,14.5,0.5,0.5,73.25,0.47,0.37,0.22,0.0,0.25,0.0,0.64,0.5,Bantamweight,Male,0.0,0.67,0.33,0.0,Hybrid,16,0.6875
981ab7a0576f76a0,Julie Kedzie,No Nickname,5.5,135.0,Orthodox,16,13,0,0,3.0,900.0,0.0,57.5,0.5,0.0,213.0,0.57,0.31,0.84,0.9,0.44,0.9,0.0,0.0,Women's Bantamweight,Female,2.0,0.0,0.0,1.0,Striker,29,0.5517241379310345
56c9acc4e86046a2,Chris Kelades,The Greek Assassin,5.7,125.0,Orthodox,9,3,0,0,3.0,869.0,0.0,28.75,1.25,0.0,175.5,0.42,0.32,0.68,0.65,0.32,0.64,0.62,0.0,Flyweight,Male,1.0,0.0,0.0,1.0,Striker,12,0.75
7be14eaed4c74856,Brian Kelleher,Boom,5.6,135.0,Switch,24,16,0,0,1.88,471.65,0.06,29.53,1.12,0.59,119.53,0.47,0.39,0.54,0.83,0.43,0.57,0.33,0.59,Featherweight,Male,2.0,0.0,0.78,0.22,Striker,40,0.6
aac5ac38148f0528,Paul Kelly,No Nickname,5.9,155.0,Orthodox,14,5,0,0,2.44,672.67,0.11,37.0,1.67,1.11,292.67,0.36,0.32,0.85,0.44,0.24,0.5,0.38,1.11,Lightweight,Male,4.0,0.17,0.17,0.67,Wrestler,19,0.7368421052631579
bdcbb976816fd256,Daniel Kelly,No Nickname,6.0,185.0,Southpaw,13,4,0,0,2.2,580.1,0.2,35.0,1.2,0.1,102.4,0.42,0.38,0.52,0.68,0.37,0.46,0.36,0.1,Middleweight,Male,3.0,0.5,0.0,0.5,Hybrid,17,0.7647058823529411
3c660c90d48fc80d,Tim Kennedy,No Nickname,5.11,185.0,Orthodox,18,6,0,0,3.0,820.6,0.8,41.6,1.0,0.0,114.4,0.46,0.4,0.6,0.79,0.41,0.63,0.66,0.0,Middleweight,Male,1.0,0.75,0.0,0.25,Striker,24,0.75
68f6e96c5fa6e044,Jeremy Kennedy,JBC,5.11,145.0,Orthodox,11,1,0,0,2.75,824.25,0.25,19.0,1.25,0.0,232.75,0.4,0.34,0.78,0.62,0.31,0.12,0.59,0.0,Featherweight,Male,1.0,0.0,0.0,1.0,Hybrid,12,0.9166666666666666
e7bba7ce4d6c7b07,Casey Kenney,No Nickname,5.7,135.0,Southpaw,16,4,1,0,2.75,810.38,0.0,66.5,2.88,0.0,144.25,0.43,0.33,0.6,0.65,0.37,0.72,0.34,0.0,Catch Weight,Male,2.0,0.0,0.0,1.0,Striker,21,0.7619047619047619
a7b48e18ca27795d,Mark Kerr,The Smashing Machine,6.3,266.0,Switch,15,11,0,0,1.0,77.5,0.25,5.75,0.75,0.25,171.72,0.6,0.57,0.0,0.25,0.25,0.25,0.44,0.25,Heavyweight,Male,0.0,0.5,0.5,0.0,Hybrid,26,0.5769230769230769
9b7694d064a8a0ad,Rustam Khabilov,Tiger,5.8,155.0,Orthodox,24,4,0,0,2.77,789.46,0.0,25.15,2.31,0.08,161.69,0.29,0.21,0.45,0.68,0.26,0.27,0.39,0.08,Welterweight,Male,7.0,0.12,0.0,0.88,Hybrid,28,0.8571428571428571
7ab478c397cd68ef,Aliaskhab Khizriev,Black Wolf,5.9,185.0,Southpaw,14,0,0,0,1.5,214.5,0.0,21.5,1.0,0.5,83.0,0.56,0.29,0.9,0.38,0.54,0.16,0.5,0.5,Middleweight,Male,0.0,0.0,1.0,0.0,Hybrid,14,1.0
91dac5e69e28d5b5,Pannie Kianzad,Banzai,5.7,135.0,Orthodox,17,9,0,0,2.73,796.82,0.18,50.55,0.64,0.27,166.27,0.45,0.39,0.65,0.79,0.41,0.55,0.42,0.27,Women's Bantamweight,Female,2.0,0.0,0.5,0.5,Striker,26,0.6538461538461539
44470bfd9483c7ad,Katsunori Kikuno,No Nickname,5.8,145.0,Orthodox,24,8,2,0,1.6,332.6,0.2,18.4,0.8,0.2,116.2,0.49,0.4,0.58,0.51,0.48,0.38,0.25,0.2,Featherweight,Male,1.0,0.33,0.33,0.33,Hybrid,34,0.7058823529411765
e4bde462b043d3e1,Sanae Kikuta,No Nickname,5.9,200.0,Orthodox,31,9,3,0,1.0,278.0,0.0,8.0,2.0,2.0,218.0,0.5,0.47,0.0,1.0,1.0,0.0,0.47,2.0,Middleweight,Male,0.0,0.0,1.0,0.0,Wrestler,43,0.7209302325581395
637bd06c32219f0b,Jacob Kilburn,The Killer,5.9,145.0,Orthodox,8,4,0,0,2.5,699.0,0.5,49.0,0.5,0.0,121.5,0.51,0.24,0.79,0.5,0.46,0.75,0.0,0.0,Featherweight,Male,1.0,0.0,0.0,1.0,Hybrid,12,0.6666666666666666
9bcf8603ceb25680,Dong Hyun Kim,Stun Gun,6.2,170.0,Southpaw,22,4,1,0,2.5,665.44,0.17,25.5,2.06,0.5,286.72,0.5,0.42,0.71,0.48,0.23,0.61,0.53,0.5,Welterweight,Male,7.0,0.33,0.08,0.58,Wrestler,27,0.8148148148148148
a20f234df70f2182,Ji Yeon Kim,Firefist,5.7,125.0,Orthodox,9,7,2,0,2.9,851.4,0.0,74.0,0.7,0.3,138.6,0.41,0.32,0.65,0.8,0.39,0.71,0.47,0.3,Women's Flyweight,Female,6.0,0.0,0.0,1.0,Striker,18,0.5
917a5cb9821df261,Jeremy Kimball,No Nickname,6.0,205.0,Switch,15,8,0,0,1.0,160.0,0.0,8.5,0.25,0.25,45.25,0.44,0.38,0.62,0.75,0.36,0.0,0.32,0.25,Light Heavyweight,Male,0.0,0.5,0.5,0.0,Hybrid,23,0.6521739130434783
054defd5420a551f,Rob Kimmons,The Rosedale Reaper,5.1,185.0,Orthodox,25,9,0,0,1.86,433.14,0.14,21.43,1.0,1.43,181.71,0.5,0.45,0.58,0.57,0.35,0.35,0.49,1.43,Middleweight,Male,1.0,0.25,0.5,0.25,Wrestler,34,0.7352941176470589
fe91d254db77a7fc,Dustin Kimura,The Diamond,5.7,135.0,Orthodox,11,3,0,0,2.2,577.6,0.0,14.2,0.8,0.4,106.6,0.28,0.18,0.59,0.53,0.23,0.72,0.24,0.4,Bantamweight,Male,0.0,0.0,1.0,0.0,Hybrid,14,0.7857142857142857
b959e8c7fd8390d2,Kyle Kingsbury,Kingsbu,6.4,205.0,Orthodox,11,6,0,0,2.44,681.56,0.22,42.44,1.56,0.44,148.0,0.51,0.43,0.76,0.78,0.43,0.6,0.56,0.44,Light Heavyweight,Male,2.0,0.4,0.2,0.4,Striker,17,0.6470588235294118
21b5c82c1b89dab1,Yusaku Kinoshita,No Nickname,6.0,170.0,Southpaw,6,3,0,0,1.0,252.5,0.0,19.0,2.0,0.0,86.5,0.48,0.5,0.48,0.16,0.42,0.5,0.43,0.0,Welterweight,Male,0.0,1.0,0.0,0.0,Hybrid,9,0.6666666666666666
c7d7fda69ec410d3,Kamuela Kirk,The Jawaiian,5.1,155.0,Switch,12,6,0,0,2.67,794.0,0.0,52.33,2.33,0.0,161.67,0.45,0.4,0.68,0.93,0.42,0.52,0.49,0.0,Featherweight,Male,1.0,0.0,0.0,1.0,Striker,18,0.6666666666666666
928ae2e5b5f7a9ec,Justine Kish,No Nickname,5.5,125.0,Orthodox,7,4,0,0,3.0,891.0,0.14,63.0,0.86,0.14,100.71,0.46,0.34,0.62,0.82,0.43,0.66,0.48,0.14,Women's Flyweight,Female,4.0,0.0,0.0,1.0,Striker,11,0.6363636363636364
5b86d491d63890c5,Ludovit Klein,Mr. Highlight,5.7,155.0,Southpaw,23,5,1,0,2.67,766.17,0.08,43.58,0.5,0.17,86.17,0.48,0.32,0.67,0.81,0.44,0.64,0.28,0.17,Lightweight,Male,3.0,0.25,0.0,0.75,Hybrid,29,0.7931034482758621
7eaa5e31c2dd86aa,Nick Klein,Blue Collar,6.1,185.0,Orthodox,6,3,0,0,2.0,447.5,0.5,25.5,0.5,0.0,91.5,0.67,0.48,0.64,0.46,0.64,0.74,0.5,0.0,Middleweight,Male,0.0,1.0,0.0,0.0,Striker,9,0.6666666666666666
745fa7b605f8e2da,Fatima Kline,The Archangel,5.6,115.0,Orthodox,8,1,0,0,2.75,780.75,0.25,50.5,0.75,0.0,121.5,0.48,0.42,0.78,0.88,0.41,0.83,0.55,0.0,Women's Strawweight,Female,0.0,1.0,0.0,0.0,Striker,9,0.8888888888888888
7cbf7c78d3b34218,Drakkar Klose,No Nickname,5.9,155.0,Orthodox,16,3,1,0,2.54,697.08,0.23,47.31,1.0,0.23,101.92,0.55,0.41,0.67,0.84,0.51,0.64,0.49,0.23,Lightweight,Male,1.0,0.67,0.0,0.33,Striker,20,0.8
bb1a2cdad6ff34db,Jason Knight,The Kid,5.1,145.0,Orthodox,20,5,0,0,2.67,763.78,0.0,34.67,1.22,0.33,141.0,0.45,0.42,0.56,0.66,0.41,0.22,0.46,0.33,Featherweight,Male,3.0,0.0,0.0,1.0,Striker,25,0.8
5da33b8fbfa5ee95,William Knight,Knightmare,5.1,205.0,Orthodox,11,5,0,0,2.71,791.29,0.14,40.29,0.71,0.43,153.0,0.61,0.45,0.81,0.83,0.56,0.37,0.41,0.43,Light Heavyweight,Male,3.0,0.25,0.0,0.75,Striker,16,0.6875
971dba22c622af12,Josefine Knutsson,Thunder,5.3,115.0,Orthodox,8,1,0,0,3.0,900.0,0.0,80.33,3.67,0.0,438.67,0.56,0.48,0.8,0.85,0.5,0.68,0.64,0.0,Women's Strawweight,Female,3.0,0.0,0.0,1.0,Striker,9,0.8888888888888888
4a07b1988477502c,Seokhyeon Ko,The Korean Tyson,5.1,170.0,Southpaw,12,2,0,0,3.0,900.0,0.0,18.5,3.0,0.5,311.0,0.55,0.44,0.92,0.88,0.5,0.25,0.35,0.5,Welterweight,Male,1.0,0.0,0.0,1.0,Striker,14,0.8571428571428571
99bd87a300079ed9,Erik Koch,Phoenix,5.1,170.0,Southpaw,16,6,0,0,2.2,587.1,0.4,31.2,1.2,0.3,220.5,0.43,0.36,0.8,0.59,0.29,0.61,0.49,0.3,Welterweight,Male,3.0,0.43,0.14,0.43,Striker,22,0.7272727272727273
13c4313ed0f744f3,Brad Kohler,No Nickname,5.9,220.0,Orthodox,12,15,0,0,1.0,317.5,0.5,7.5,2.0,0.0,8.0,0.75,0.72,0.5,0.0,0.75,0.5,0.26,0.0,Heavyweight,Male,0.0,1.0,0.0,0.0,Striker,27,0.4444444444444444
b76ed59283d3559c,Tsuyoshi Kohsaka,TK,5.11,225.0,Orthodox,27,19,2,0,2.17,529.5,0.0,18.83,1.17,1.33,36.0,0.53,0.43,0.9,0.66,0.48,0.57,0.66,1.33,Heavyweight,Male,2.0,0.33,0.0,0.67,Wrestler,48,0.5625
1fe7adb23b3eedfb,Yuki Kondo,No Nickname,5.11,183.0,Southpaw,60,33,9,0,2.33,586.67,0.67,12.0,0.0,0.0,86.0,0.48,0.37,0.48,0.0,0.51,0.28,0.2,0.0,Middleweight,Male,0.0,1.0,0.0,0.0,Wrestler,102,0.5882352941176471
a851c35f58199231,Syuri Kondo,No Nickname,5.4,115.0,Orthodox,6,3,0,0,2.5,683.25,0.0,61.5,0.0,0.25,5.0,0.52,0.32,0.56,0.69,0.46,0.48,0.25,0.25,Women's Strawweight,Female,1.0,0.0,0.0,1.0,Hybrid,9,0.6666666666666666
1eacf73d6a0055dc,Cheick Kongo,No Nickname,6.4,240.0,Orthodox,27,10,2,0,2.06,544.78,0.22,31.89,1.33,0.17,194.44,0.58,0.43,0.82,0.76,0.43,0.8,0.46,0.17,Heavyweight,Male,4.0,0.64,0.0,0.36,Striker,39,0.6923076923076923
9d83f6da776ff7d6,Roman Kopylov,No Nickname,6.0,185.0,Southpaw,14,4,0,0,2.64,720.73,0.27,56.09,0.18,0.18,16.18,0.5,0.41,0.7,0.85,0.49,0.58,0.19,0.18,Middleweight,Male,1.0,0.5,0.25,0.25,Hybrid,18,0.7777777777777778
6c011be66326ad97,Bruno Korea,No Nickname,5.6,135.0,Orthodox,7,3,0,0,3.0,807.0,2.0,46.0,3.0,3.0,397.0,0.59,0.53,0.8,0.88,0.59,1.0,0.6,3.0,Bantamweight,Male,0.0,0.0,1.0,0.0,Wrestler,10,0.7
dd37fd509af89f15,Josh Koscheck,No Nickname,5.1,170.0,Orthodox,17,11,0,0,2.08,573.44,0.24,18.48,1.56,0.28,212.4,0.39,0.36,0.45,0.46,0.26,0.36,0.48,0.28,Welterweight,Male,7.0,0.41,0.18,0.41,Hybrid,28,0.6071428571428571
bc8f6b42767e28df,Naoyuki Kotani,No Nickname,5.8,155.0,Southpaw,34,14,7,0,2.4,646.2,0.2,18.2,0.4,0.6,111.2,0.33,0.25,0.32,0.61,0.29,0.39,0.34,0.6,Lightweight,Male,1.0,0.0,0.0,1.0,Wrestler,55,0.6181818181818182
d7c3816669784109,Karolina Kowalkiewicz,No Nickname,5.3,115.0,Orthodox,16,10,0,0,2.74,794.21,0.0,79.63,0.95,0.21,144.74,0.44,0.36,0.67,0.76,0.4,0.64,0.37,0.21,Women's Strawweight,Female,11.0,0.0,0.08,0.92,Striker,26,0.6153846153846154
8f6a18831a120817,James Krause,The,6.2,170.0,Orthodox,28,9,0,0,2.46,700.85,0.0,49.92,0.92,0.62,134.92,0.4,0.34,0.58,0.68,0.38,0.55,0.13,0.62,Welterweight,Male,4.0,0.2,0.0,0.8,Hybrid,37,0.7567567567567568
a01e84abefd85ec0,Pascal Krauss,Panzer,6.1,170.0,Orthodox,11,2,0,0,2.5,734.5,0.5,43.0,1.75,0.5,189.0,0.41,0.31,0.67,0.68,0.3,0.77,0.64,0.5,Welterweight,Male,1.0,0.5,0.0,0.5,Striker,13,0.8461538461538461
1091d4d957141094,Nikita Krylov,The Miner,6.3,205.0,Orthodox,30,11,0,0,1.7,394.1,0.35,22.75,0.8,0.7,95.7,0.51,0.44,0.66,0.67,0.39,0.54,0.52,0.7,Catch Weight,Male,1.0,0.4,0.5,0.1,Wrestler,41,0.7317073170731707
b7f38813485745da,Michael Kuiper,No Nickname,6.0,185.0,Orthodox,15,5,0,0,2.0,489.5,0.25,26.25,0.25,0.25,100.75,0.55,0.31,0.87,0.57,0.41,0.64,0.19,0.25,Middleweight,Male,0.0,0.0,1.0,0.0,Hybrid,20,0.75
706f8e2b34e8e18b,Anton Kuivanen,No Nickname,5.8,155.0,Orthodox,24,10,0,0,2.67,749.67,0.0,24.67,2.33,0.33,190.33,0.34,0.27,0.45,0.25,0.29,0.91,0.26,0.33,Lightweight,Male,1.0,0.0,0.0,1.0,Wrestler,34,0.7058823529411765
e2ccd9a9ace60de7,Aleksei Kunchenko,No Nickname,5.8,170.0,Orthodox,20,2,0,0,3.0,900.0,0.0,39.5,0.25,0.0,54.75,0.35,0.27,0.58,0.82,0.33,0.51,0.4,0.0,Welterweight,Male,1.0,0.0,0.0,1.0,Hybrid,22,0.9090909090909091
71df36d6d8cf0d74,Kiichi Kunimoto,Strasser,5.1,170.0,Orthodox,18,7,2,0,2.2,566.2,0.0,19.6,0.8,0.2,151.2,0.5,0.41,0.38,0.75,0.45,0.53,0.4,0.2,Welterweight,Male,2.0,0.0,0.0,0.67,Hybrid,27,0.6666666666666666
7772b283d288dbe2,Guram Kutateladze,Georgian Viking,5.11,155.0,Orthodox,13,5,0,0,3.0,879.4,0.6,60.8,2.2,0.0,152.8,0.46,0.34,0.79,0.86,0.4,0.91,0.67,0.0,Lightweight,Male,2.0,0.33,0.0,0.67,Striker,18,0.7222222222222222
56b8b24f65f9f057,Mike Kyle,MAK,6.4,205.0,Orthodox,22,14,1,0,1.0,162.67,0.67,10.0,0.33,0.33,107.33,0.65,0.49,1.0,0.67,0.43,0.82,0.52,0.33,Heavyweight,Male,0.0,1.0,0.0,0.0,Striker,37,0.5945945945945946
31bb0772f21cabd8,Daniel Lacerda,Miojo,5.6,125.0,Switch,11,6,0,0,1.33,258.5,0.5,23.17,0.5,0.5,55.0,0.57,0.33,0.68,0.67,0.54,0.26,0.49,0.5,Flyweight,Male,0.0,1.0,0.0,0.0,Striker,17,0.6470588235294118
6fc506e1099afe20,Luan Lacerda,No Nickname,5.7,135.0,Orthodox,13,3,0,0,2.33,656.33,0.0,51.67,1.33,0.67,130.67,0.53,0.44,0.69,1.0,0.47,0.81,0.22,0.67,Bantamweight,Male,1.0,0.0,0.5,0.5,Striker,16,0.8125
d4691518d012b9e7,Aspen Ladd,No Nickname,5.6,135.0,Orthodox,9,3,0,0,2.57,658.29,0.14,55.14,0.86,0.43,164.0,0.49,0.39,0.75,0.56,0.34,0.64,0.33,0.43,Women's Bantamweight,Female,3.0,0.4,0.0,0.6,Striker,12,0.75
4c7781da8c6cae93,Ryan LaFlare,No Nickname,6.1,170.0,Southpaw,14,3,0,0,3.1,887.0,0.6,31.0,0.8,0.4,126.1,0.38,0.27,0.66,0.81,0.35,0.58,0.52,0.4,Welterweight,Male,3.0,0.4,0.0,0.6,Hybrid,17,0.8235294117647058
9f755fb04cc21499,Noad Lahat,Neo,5.9,145.0,Orthodox,11,2,0,0,2.25,570.5,0.25,15.5,1.25,0.25,146.25,0.44,0.38,0.42,0.62,0.34,0.4,0.32,0.25,Featherweight,Male,0.0,1.0,0.0,0.0,Hybrid,13,0.8461538461538461
f998f5c102250d6e,Yohan Lainesse,White Lion,6.1,170.0,Orthodox,9,3,0,0,1.75,455.0,0.25,22.75,1.0,0.5,61.75,0.42,0.36,0.3,0.33,0.41,0.34,0.25,0.5,Welterweight,Male,0.0,0.0,1.0,0.0,Hybrid,12,0.75
3974fa35c917af1d,Ricardo Lamas,The Bully,5.8,145.0,Orthodox,20,8,0,0,2.24,618.06,0.24,33.59,1.41,0.24,172.12,0.45,0.32,0.64,0.77,0.39,0.67,0.59,0.24,Featherweight,Male,4.0,0.45,0.18,0.36,Striker,28,0.7142857142857143
5be86bb2f78fef2f,Jason Lambert,The Punisher,6.3,185.0,Orthodox,26,13,0,0,1.62,334.12,0.38,17.88,0.5,0.88,117.5,0.49,0.4,0.83,0.71,0.29,0.69,0.39,0.88,Light Heavyweight,Male,0.0,0.75,0.25,0.0,Wrestler,39,0.6666666666666666
583ee11abddfc581,Nate Landwehr,The Train,5.9,145.0,Orthodox,18,7,0,0,2.3,592.3,0.3,62.2,1.2,0.5,120.0,0.5,0.46,0.7,0.66,0.47,0.67,0.58,0.5,Featherweight,Male,1.0,0.57,0.29,0.14,Striker,25,0.72
be9bdec19b7e9ffe,Austen Lane,No Nickname,6.6,245.0,Orthodox,13,7,0,0,1.67,339.67,0.33,11.5,0.5,0.0,98.0,0.6,0.33,0.81,0.82,0.62,0.17,0.1,0.0,Heavyweight,Male,1.0,0.67,0.0,0.33,Hybrid,20,0.65
2eeaefbfc7f9fcff,Lina Lansberg,Elbow Queen,5.7,135.0,Orthodox,10,8,0,0,2.73,789.73,0.09,38.0,1.09,0.18,278.91,0.52,0.31,0.88,0.58,0.36,0.76,0.47,0.18,Women's Bantamweight,Female,4.0,0.33,0.0,0.67,Striker,18,0.5555555555555556
8b1ed83b02303075,Taylor Lapilus,Double Impact,5.6,135.0,Southpaw,21,4,0,0,2.88,835.75,0.25,58.88,0.38,0.25,122.62,0.44,0.36,0.8,0.83,0.38,0.77,0.55,0.25,Bantamweight,Male,4.0,0.2,0.0,0.8,Striker,25,0.84
c03a5022f8439f2a,Chad Laprise,The Disciple,5.1,170.0,Orthodox,13,4,0,0,2.0,514.9,0.5,41.6,0.6,0.0,77.7,0.42,0.34,0.66,0.68,0.34,0.5,0.35,0.0,Welterweight,Male,3.0,0.62,0.0,0.38,Hybrid,17,0.7647058823529411
f3a853544e4413c4,Anthony Lapsley,The Recipe,5.9,170.0,Southpaw,23,7,0,0,2.0,568.0,1.0,7.0,0.0,0.0,159.5,0.35,0.32,0.5,0.5,0.24,0.16,0.5,0.0,Welterweight,Male,0.0,1.0,0.0,0.0,Hybrid,30,0.7666666666666667
9450848a71d53776,Lorenz Larkin,The Monsoon,5.11,170.0,Orthodox,18,6,0,0,2.3,649.9,0.0,34.4,0.7,0.3,122.2,0.42,0.26,0.6,0.77,0.37,0.72,0.2,0.3,Welterweight,Male,3.0,0.0,0.0,1.0,Hybrid,24,0.75
c3bd649a9194e50c,Jeremy Larsen,No Nickname,5.1,145.0,Orthodox,8,5,0,0,2.0,361.67,0.33,40.0,1.0,0.0,81.33,0.48,0.44,0.74,0.52,0.46,0.4,0.5,0.0,Featherweight,Male,0.0,1.0,0.0,0.0,Striker,13,0.6153846153846154
5eedbf1e9601be35,Brock Larson,No Nickname,5.11,170.0,Southpaw,42,10,0,0,2.17,585.33,0.0,11.67,1.5,1.17,183.33,0.48,0.35,0.66,0.15,0.18,0.43,0.4,1.17,Welterweight,Male,1.0,0.0,0.67,0.33,Wrestler,52,0.8076923076923077
e9a3aeb207578eea,Ilir Latifi,The Sledgehammer,5.1,230.0,Orthodox,17,9,0,0,2.12,558.62,0.19,22.06,0.81,0.0,105.69,0.46,0.38,0.55,0.6,0.39,0.32,0.39,0.0,Heavyweight,Male,4.0,0.5,0.0,0.5,Hybrid,26,0.6538461538461539
5898357a45a73674,Sione Latu,No Nickname,6.0,215.0,Orthodox,1,0,0,0,1.0,601.0,0.0,9.0,1.0,0.0,106.67,0.47,0.4,0.67,1.0,0.5,0.4,0.67,0.0,Heavyweight,Male,0.0,1.0,0.0,0.0,Striker,1,1.0
ec664422b22d9787,Jenel Lausa,No Nickname,5.5,125.0,Orthodox,7,5,0,0,2.75,811.0,0.0,47.75,3.25,0.25,380.25,0.46,0.41,0.71,0.66,0.33,0.59,0.64,0.25,Flyweight,Male,2.0,0.0,0.33,0.67,Striker,12,0.5833333333333334
3bad7ef643840f67,Joe Lauzon,No Nickname,5.1,155.0,Orthodox,28,16,0,0,1.96,473.37,0.22,36.48,1.11,1.0,93.37,0.48,0.44,0.72,0.39,0.35,0.53,0.63,1.0,Lightweight,Male,6.0,0.4,0.3,0.3,Wrestler,44,0.6363636363636364
f2925e6db404bf1d,Robbie Lawler,Ruthless,5.11,170.0,Southpaw,30,16,0,0,2.88,764.2,0.4,60.04,1.36,0.12,136.48,0.47,0.41,0.68,0.55,0.37,0.57,0.43,0.12,Welterweight,Male,7.0,0.5,0.06,0.44,Striker,46,0.6521739130434783
4d44f37107f01b9b,Tom Lawlor,Filthy,6.0,205.0,Southpaw,10,6,0,0,2.18,532.18,0.0,19.64,1.45,0.64,138.18,0.36,0.35,0.36,0.32,0.23,0.45,0.15,0.64,Light Heavyweight,Male,1.0,0.0,0.75,0.25,Hybrid,16,0.625
879f6cae48d25baa,Justin Lawrence,The American Kidd,5.8,145.0,Orthodox,10,4,0,0,2.0,434.33,0.67,28.0,1.0,0.33,45.33,0.36,0.16,0.77,0.56,0.18,0.57,0.25,0.33,Lightweight,Male,0.0,0.67,0.33,0.0,Hybrid,14,0.7142857142857143
e7e01e266a9d4342,Ronnie Lawrence,The Heat,5.8,135.0,Switch,8,2,0,0,2.5,674.5,0.5,21.75,2.5,0.5,196.5,0.46,0.29,0.39,0.97,0.36,0.37,0.34,0.5,Bantamweight,Male,1.0,0.0,0.0,1.0,Striker,10,0.8
777dea713da2441d,Valmir Lazaro,Bidu,6.0,155.0,Orthodox,15,5,0,0,3.0,900.0,0.0,66.0,1.67,0.0,94.0,0.39,0.33,0.54,0.79,0.39,0.35,0.0,0.0,Lightweight,Male,1.0,0.0,0.0,1.0,Hybrid,20,0.75
49ee5024966efc0d,Mounir Lazzez,The Sniper,6.1,170.0,Orthodox,11,3,0,0,2.0,501.0,0.0,54.75,0.25,0.0,48.75,0.68,0.48,0.94,0.64,0.44,0.51,0.0,0.0,Welterweight,Male,1.0,0.0,0.0,1.0,Striker,14,0.7857142857142857
d4f364dd076bb0e2,Cung Le,No Nickname,5.9,185.0,Southpaw,9,3,0,0,2.5,645.75,0.0,34.25,0.5,0.0,18.25,0.44,0.29,0.5,0.85,0.44,0.22,0.0,0.0,Middleweight,Male,1.0,0.0,0.0,1.0,Hybrid,12,0.75
ac026518a9b4dc0f,Jordan Leavitt,The Monkey King,5.9,155.0,Southpaw,12,3,0,0,1.75,392.12,0.12,16.88,0.75,0.38,125.75,0.46,0.32,0.46,0.58,0.35,0.51,0.29,0.38,Lightweight,Male,1.0,0.33,0.33,0.33,Hybrid,15,0.8
d43a048a880efdff,Chris Leben,The Crippler,5.11,185.0,Southpaw,22,11,0,0,2.09,542.5,0.36,30.0,1.18,0.45,177.0,0.46,0.4,0.63,0.47,0.35,0.49,0.58,0.45,Middleweight,Male,5.0,0.56,0.12,0.31,Striker,33,0.6666666666666666
c575ab451e3c5b1d,Mickael Lebout,Ragnar,5.11,155.0,Orthodox,16,7,1,0,3.0,900.0,0.0,39.0,0.0,0.0,154.67,0.37,0.3,0.59,0.84,0.36,0.0,0.56,0.0,Lightweight,Male,1.0,0.0,0.0,1.0,Hybrid,24,0.6666666666666666
ba1e6cb3d43f7430,Justin Ledet,El Blanco,6.4,205.0,Orthodox,9,4,0,0,2.14,558.43,0.14,36.57,0.57,0.14,127.57,0.32,0.29,0.39,0.35,0.29,0.25,0.26,0.14,Heavyweight,Male,2.0,0.0,0.33,0.67,Hybrid,13,0.6923076923076923
8bb6f4479685bbcc,Vaughan Lee,No Nickname,5.6,125.0,Orthodox,14,13,1,0,2.12,557.25,0.12,18.5,0.62,0.38,67.12,0.43,0.31,0.71,0.56,0.35,0.46,0.36,0.38,Bantamweight,Male,1.0,0.5,0.0,0.5,Hybrid,28,0.5
ee9ebceabfd16fa7,Kevin Lee,The Motown Phenom,5.9,170.0,Orthodox,18,8,0,0,2.53,685.53,0.11,38.95,1.21,0.63,108.16,0.45,0.37,0.76,0.54,0.39,0.45,0.53,0.63,Lightweight,Male,2.0,0.14,0.57,0.29,Striker,26,0.6923076923076923
05fa626cb33d15b8,Andrea Lee,KGB,5.6,125.0,Orthodox,13,11,0,0,2.86,856.57,0.07,63.71,1.79,0.43,95.5,0.45,0.35,0.61,0.85,0.42,0.6,0.67,0.43,Women's Flyweight,Female,6.0,0.0,0.14,0.86,Striker,24,0.5416666666666666
d008d785f6347dc2,JeongYeong Lee,Korean Tiger,5.1,145.0,Orthodox,11,3,0,0,2.5,691.25,0.0,46.0,0.5,0.0,79.75,0.53,0.48,0.78,0.59,0.5,0.66,0.14,0.0,Featherweight,Male,2.0,0.33,0.0,0.67,Striker,14,0.7857142857142857
cfb65863d5099327,Thales Leites,No Nickname,6.1,185.0,Orthodox,28,9,0,0,2.71,753.95,0.19,30.57,1.62,0.81,190.1,0.45,0.34,0.53,0.74,0.33,0.43,0.45,0.81,Middleweight,Male,7.0,0.14,0.36,0.5,Wrestler,37,0.7567567567567568
3df5493bb279226f,Amanda Lemos,No Nickname,5.4,115.0,Southpaw,15,5,1,0,2.36,628.07,0.29,26.14,0.71,0.57,115.14,0.46,0.36,0.56,0.68,0.44,0.38,0.45,0.57,Women's Strawweight,Female,4.0,0.14,0.29,0.57,Striker,21,0.7142857142857143
3ae10ac4df3df05c,Jesse Lennox,The Ox,5.9,170.0,Orthodox,14,4,0,0,3.0,867.0,0.0,32.0,1.0,0.33,89.67,0.26,0.19,0.53,0.77,0.24,0.46,0.33,0.33,Welterweight,Male,0.0,1.0,0.0,0.0,Hybrid,18,0.7777777777777778
6fb1ba67bef41b37,Nik Lentz,The Carny,5.8,145.0,Orthodox,30,12,2,0,2.68,753.56,0.12,40.08,1.92,0.84,146.84,0.5,0.44,0.76,0.66,0.41,0.59,0.63,0.84,Lightweight,Male,5.0,0.22,0.22,0.56,Wrestler,44,0.6818181818181818
9dedfdd91070ddd8,Victoria Leonardo,Fury,5.5,125.0,Orthodox,9,7,0,0,1.8,457.6,0.0,36.6,0.4,0.2,50.0,0.43,0.35,0.46,0.95,0.41,0.45,0.27,0.2,Women's Flyweight,Female,0.0,1.0,0.0,0.0,Hybrid,16,0.5625
08ae5cd9aef7ddd3,Kimo Leopoldo,No Nickname,6.3,235.0,Orthodox,10,7,1,0,1.17,296.17,0.0,6.17,0.67,0.5,59.0,0.73,0.52,0.67,0.17,0.48,0.33,0.47,0.5,Heavyweight,Male,0.0,0.5,0.5,0.0,Wrestler,18,0.5555555555555556
513c6f1715e547a8,Brock Lesnar,No Nickname,6.3,265.0,Orthodox,5,3,0,0,1.88,452.75,0.62,31.0,1.88,0.25,254.75,0.7,0.62,0.88,0.62,0.52,0.72,0.79,0.25,Heavyweight,Male,1.0,0.67,0.17,0.17,Striker,8,0.625
46a2f24feb258ae0,Valerie Letourneau,Trouble,5.7,115.0,Orthodox,8,6,0,0,3.33,977.33,0.33,74.67,1.0,0.17,149.5,0.38,0.3,0.62,0.71,0.36,0.58,0.45,0.17,Women's Strawweight,Female,2.0,0.33,0.0,0.67,Striker,14,0.5714285714285714
182f2b78582de3d8,Marcus LeVesseur,The Prospect,5.9,155.0,Southpaw,22,7,0,0,2.0,540.33,0.33,39.0,2.0,1.0,273.0,0.65,0.5,0.59,0.8,0.27,0.91,0.71,1.0,Lightweight,Male,1.0,0.5,0.0,0.5,Wrestler,29,0.7586206896551724
a29db9cd4f9ccea5,Natan Levy,Lethal,5.9,155.0,Southpaw,8,2,0,0,2.75,775.75,0.25,52.25,4.5,0.25,214.5,0.48,0.4,0.59,0.73,0.5,0.46,0.32,0.25,Lightweight,Male,2.0,0.0,0.33,0.67,Striker,10,0.8
d3df1add9d9a7efb,Derrick Lewis,The Black Beast,6.3,260.0,Orthodox,29,12,0,0,2.2,531.5,0.43,25.93,0.7,0.03,89.7,0.54,0.51,0.63,0.47,0.4,0.57,0.43,0.03,Heavyweight,Male,2.0,0.87,0.04,0.09,Hybrid,41,0.7073170731707317
899923ff6ab13917,Bevon Lewis,No Nickname,6.3,185.0,Orthodox,7,3,0,0,3.0,794.5,0.0,40.0,0.0,0.0,206.75,0.4,0.26,0.66,0.85,0.35,0.69,0.0,0.0,Middleweight,Male,2.0,0.0,0.0,1.0,Hybrid,10,0.7
e64b96c07d7ce999,Li Jingliang,The Leech,6.0,170.0,Orthodox,19,9,0,0,2.28,631.61,0.67,48.17,0.94,0.39,71.5,0.46,0.4,0.54,0.68,0.42,0.35,0.44,0.39,Welterweight,Male,3.0,0.64,0.09,0.27,Striker,28,0.6785714285714286
ec0dcceace7d25a3,Liang Na,The Dragon Girl,5.5,125.0,Orthodox,19,8,0,0,2.0,437.0,0.25,25.75,0.25,0.0,159.5,0.65,0.6,0.35,0.46,0.55,0.6,0.41,0.0,Women's Flyweight,Female,0.0,1.0,0.0,0.0,Striker,27,0.7037037037037037
a8aba6fd8a463043,Jess Liaudin,The Joker,5.9,170.0,Orthodox,20,11,0,0,1.8,439.0,0.4,18.0,1.6,0.8,166.0,0.45,0.29,0.37,0.66,0.33,0.51,0.34,0.8,Welterweight,Male,0.0,0.5,0.5,0.0,Wrestler,31,0.6451612903225806
a390eb8a9b2df298,Chuck Liddell,The Iceman,6.2,205.0,Orthodox,21,8,0,0,1.96,533.43,0.65,26.87,0.26,0.0,49.29,0.41,0.34,0.52,0.58,0.35,0.48,0.47,0.0,Light Heavyweight,Male,6.0,0.65,0.0,0.35,Hybrid,29,0.7241379310344828
203c957eac95dd87,Hyun Gyu Lim,The Ace,6.3,170.0,Orthodox,13,7,1,0,2.14,551.14,0.57,45.29,0.57,0.14,53.0,0.5,0.44,0.62,0.76,0.36,0.4,0.42,0.14,Welterweight,Male,0.0,1.0,0.0,0.0,Hybrid,21,0.6190476190476191
75a6a390fd5dca46,Juliana Lima,Ju Thai,5.5,115.0,Orthodox,9,5,0,0,2.86,821.86,0.0,30.57,1.43,0.0,257.0,0.44,0.32,0.7,0.71,0.32,0.8,0.37,0.0,Women's Strawweight,Female,4.0,0.0,0.0,1.0,Striker,14,0.6428571428571429
e9213f53ddeca978,Dhiego Lima,No Nickname,6.2,170.0,Orthodox,17,9,0,0,2.09,519.55,0.36,31.45,1.27,0.55,165.09,0.49,0.41,0.41,0.65,0.45,0.4,0.42,0.55,Welterweight,Male,2.0,0.4,0.2,0.4,Striker,26,0.6538461538461539
0e041d43a47d2e4b,Matt Lindland,The Law,6.0,185.0,Southpaw,22,9,0,0,2.25,584.75,0.0,24.0,2.25,0.75,387.08,0.44,0.36,0.63,0.51,0.17,0.57,0.47,0.75,Middleweight,Male,4.0,0.33,0.11,0.44,Wrestler,31,0.7096774193548387
33e00249ef08d3a4,Jake Lindsey,The Librarian,5.11,155.0,Switch,12,7,0,0,2.0,458.67,0.33,29.33,0.33,0.0,62.33,0.49,0.3,0.72,0.83,0.45,0.5,0.33,0.0,Lightweight,Male,0.0,1.0,0.0,0.0,Hybrid,19,0.631578947368421
c268b2cfebccf652,John Lineker,Hands of Stone,5.3,135.0,Orthodox,31,9,0,0,2.56,706.25,0.38,62.0,0.94,0.12,76.38,0.42,0.34,0.7,0.63,0.39,0.44,0.49,0.12,Bantamweight,Male,5.0,0.44,0.0,0.56,Striker,40,0.775
305d73ede05e31ad,Austin Lingo,Lights Out,5.1,145.0,Orthodox,9,3,0,0,2.8,830.2,0.2,63.2,2.0,0.8,144.4,0.41,0.31,0.62,0.88,0.41,0.41,0.27,0.8,Featherweight,Male,3.0,0.0,0.0,1.0,Striker,12,0.75
53c943c873cffe90,Philipe Lins,Monstro,6.2,205.0,Orthodox,18,5,0,0,2.33,635.0,0.17,37.17,0.17,0.0,106.83,0.49,0.31,0.69,0.74,0.47,0.47,0.33,0.0,Light Heavyweight,Male,1.0,0.5,0.0,0.5,Hybrid,23,0.782608695652174
2c5f5749569eef66,Tainara Lisboa,Thai Panther,5.7,135.0,Orthodox,7,4,0,0,2.75,807.75,0.0,23.0,1.5,0.0,252.5,0.39,0.3,0.61,0.8,0.32,0.55,0.12,0.0,Women's Bantamweight,Female,1.0,0.0,0.0,1.0,Hybrid,11,0.6363636363636364
68c6cd5287b473a7,Dean Lister,The Boogeyman,6.1,185.0,Orthodox,13,7,0,0,2.33,662.0,0.0,14.33,1.33,0.83,93.67,0.35,0.29,0.19,0.66,0.34,0.08,0.51,0.83,Middleweight,Male,2.0,0.0,0.5,0.5,Wrestler,20,0.65
93b2b7caa457cbea,James Llontop,Goku,6.0,155.0,Orthodox,14,5,0,0,2.33,691.0,0.0,65.0,1.0,0.33,55.0,0.4,0.26,0.52,0.8,0.37,0.65,0.67,0.33,Catch Weight,Male,0.0,0.0,1.0,0.0,Striker,19,0.7368421052631579
02f2a9702ba3d167,Artem Lobov,The Russian Hammer,5.9,145.0,Southpaw,13,15,1,0,3.29,985.71,0.14,68.71,1.71,0.14,138.71,0.45,0.34,0.57,0.85,0.42,0.39,0.54,0.14,Featherweight,Male,5.0,0.0,0.0,1.0,Striker,29,0.4482758620689655
22e47b53e4ceb27c,David Loiseau,The Crow,6.0,185.0,Orthodox,23,11,0,0,2.44,696.33,0.44,22.89,0.67,0.11,140.89,0.5,0.46,0.53,0.41,0.37,0.65,0.49,0.11,Middleweight,Male,0.0,1.0,0.0,0.0,Striker,34,0.6764705882352942
db1f2ed63b54b9a7,Hector Lombard,No Nickname,5.9,185.0,Southpaw,34,10,1,0,2.42,651.0,0.42,41.0,0.58,0.42,73.5,0.46,0.39,0.62,0.56,0.41,0.69,0.35,0.42,Welterweight,Male,1.0,0.75,0.0,0.25,Striker,45,0.7555555555555555
4e30e4250cb08b61,Loma Lookboonmee,No Nickname,5.1,115.0,Orthodox,10,4,0,0,2.9,844.4,0.0,50.4,2.2,0.7,213.7,0.53,0.42,0.68,0.76,0.46,0.75,0.32,0.7,Women's Strawweight,Female,8.0,0.0,0.11,0.89,Striker,14,0.7142857142857143
1497e735d9f2560a,Ange Loosa,The Last Ninja,5.1,170.0,Orthodox,10,5,0,0,2.83,800.5,0.17,68.83,2.17,0.0,156.5,0.46,0.35,0.67,0.86,0.44,0.69,0.43,0.0,Welterweight,Male,1.0,0.0,0.0,1.0,Striker,15,0.6666666666666666
f166e93d04a8c274,Diego Lopes,No Nickname,5.11,145.0,Orthodox,27,7,0,0,2.38,633.12,0.38,36.75,0.38,0.88,39.12,0.42,0.48,0.54,0.55,0.37,0.58,0.55,0.88,Featherweight,Male,0.0,0.67,0.33,0.0,Wrestler,34,0.7941176470588235
2fc7e9701642ca38,Matthew Lopez,No Nickname,5.7,135.0,Southpaw,10,4,0,0,2.5,678.0,0.17,34.67,1.17,0.67,60.17,0.47,0.38,0.7,0.86,0.44,0.35,0.38,0.67,Bantamweight,Male,0.0,1.0,0.0,0.0,Striker,14,0.7142857142857143
773f7feacf96153e,Benito Lopez,Golden Boy,5.1,135.0,Switch,10,2,0,0,2.0,570.75,0.0,39.0,0.25,0.25,68.5,0.54,0.33,0.76,0.64,0.48,0.36,0.45,0.25,Bantamweight,Male,1.0,0.0,0.5,0.5,Hybrid,12,0.8333333333333334
93b62c5f2ba18e51,Gustavo Lopez,No Nickname,5.5,135.0,Orthodox,12,6,1,0,2.5,647.5,0.0,26.75,1.25,0.5,47.75,0.42,0.33,0.78,0.56,0.4,0.33,0.34,0.5,Bantamweight,Male,0.0,0.0,1.0,0.0,Hybrid,19,0.631578947368421
b788862dd1c11eac,Brendan Loughnane,No Nickname,5.1,145.0,Switch,17,3,0,0,3.0,900.0,0.0,54.0,1.0,0.0,231.0,0.33,0.23,0.9,0.64,0.31,0.58,1.0,0.0,Lightweight,Male,1.0,0.0,0.0,1.0,Striker,20,0.85
eea0274e153256a0,Ian Loveland,The Barn Owl,5.8,145.0,Orthodox,18,10,0,0,3.0,900.0,0.67,40.67,1.0,0.33,183.0,0.4,0.36,0.77,0.5,0.38,0.57,0.54,0.33,Featherweight,Male,1.0,0.0,0.0,1.0,Striker,28,0.6428571428571429
28f62d866c59c709,Waylon Lowe,No Nickname,5.7,145.0,Southpaw,16,7,0,0,2.5,688.0,0.0,22.5,1.25,0.25,170.0,0.39,0.3,0.62,0.4,0.34,0.38,0.5,0.25,Lightweight,Male,1.0,0.0,0.5,0.5,Hybrid,23,0.6956521739130435
1b35af4d1529adf6,Stephanie Luciano,Rondinha,5.6,115.0,Orthodox,7,2,1,0,3.0,856.67,0.33,69.33,2.0,0.67,168.0,0.46,0.35,0.67,0.78,0.44,0.76,0.85,0.67,Women's Strawweight,Female,2.0,0.0,0.33,0.67,Striker,10,0.7
abcf2cc6efc42031,Iasmin Lucindo,No Nickname,5.3,115.0,Orthodox,18,6,0,0,2.86,846.0,0.0,40.0,1.43,0.0,112.86,0.37,0.27,0.7,0.56,0.34,0.7,0.43,0.0,Women's Strawweight,Female,2.0,0.0,0.0,1.0,Hybrid,24,0.75
84ac950d4c1722dd,Duane Ludwig,Bang,5.1,170.0,Orthodox,21,14,0,0,1.67,384.89,0.11,28.78,0.22,0.11,52.11,0.38,0.31,0.35,0.4,0.33,0.37,0.19,0.11,Welterweight,Male,2.0,0.4,0.2,0.4,Hybrid,35,0.6
e26882820f9e8df5,Mike Lullo,No Nickname,5.8,145.0,Orthodox,8,3,0,0,3.0,763.0,1.0,47.0,2.0,0.0,300.5,0.5,0.26,0.6,0.86,0.48,0.4,0.0,0.0,Featherweight,Male,0.0,1.0,0.0,0.0,Striker,11,0.7272727272727273
faf317c665546a36,Santiago Luna,BorderBoy,5.9,135.0,Orthodox,7,0,0,0,1.0,168.0,2.0,15.0,0.0,0.0,47.0,0.37,0.34,1.0,1.0,0.27,1.0,0.75,0.0,Bantamweight,Male,0.0,1.0,0.0,0.0,Striker,7,1.0
ce632027bf2a871b,Dalcha Lungiambula,Champion,5.8,185.0,Orthodox,11,6,0,0,2.43,600.14,0.14,31.86,1.14,0.14,153.0,0.47,0.38,0.72,0.63,0.37,0.68,0.39,0.14,Middleweight,Male,2.0,0.25,0.25,0.5,Striker,17,0.6470588235294118
6d4b63c767106d3a,Vicente Luque,The Silent Assassin,5.11,170.0,Orthodox,23,12,1,0,2.21,581.38,0.5,51.04,0.96,0.46,117.54,0.5,0.42,0.63,0.8,0.46,0.59,0.49,0.46,Welterweight,Male,4.0,0.56,0.22,0.22,Striker,36,0.6388888888888888
7832f2f62f04178f,Tucker Lutz,Top Gun,5.8,145.0,Orthodox,12,4,0,0,2.75,792.5,0.0,47.5,0.25,0.0,64.25,0.5,0.36,0.77,0.8,0.45,0.89,0.19,0.0,Featherweight,Male,1.0,0.0,0.0,1.0,Striker,16,0.75
91acd6910b802a9e,Chris Lytle,Lights Out,5.11,170.0,Orthodox,31,18,5,0,2.4,647.95,0.1,36.15,0.5,1.5,85.45,0.42,0.29,0.66,0.52,0.35,0.48,0.32,1.5,Welterweight,Male,2.0,0.25,0.5,0.25,Wrestler,54,0.5740740740740741
98a6b2361045898f,Dong Hyun Ma,Maestro,5.11,155.0,Orthodox,16,11,3,0,2.38,620.25,0.12,27.5,1.0,0.0,144.75,0.41,0.3,0.7,0.69,0.34,0.37,0.18,0.0,Lightweight,Male,2.0,0.0,0.0,1.0,Hybrid,30,0.5333333333333333
ed74afc8b5b47a61,William Macario,Patolino,5.11,170.0,Orthodox,9,3,0,0,2.25,609.25,0.25,58.25,1.5,0.25,80.75,0.47,0.44,0.66,0.7,0.4,0.6,0.64,0.25,Welterweight,Male,1.0,0.5,0.25,0.25,Striker,12,0.75
2be6596a9db33bf5,Jason MacDonald,The Athlete,6.3,185.0,Orthodox,25,16,0,0,1.64,358.86,0.07,9.43,0.64,0.79,138.43,0.51,0.28,0.52,0.56,0.22,0.64,0.42,0.79,Middleweight,Male,0.0,0.5,0.5,0.0,Wrestler,41,0.6097560975609756
cbd5d3cdd862e90e,Rory MacDonald,Red King,6.0,170.0,Orthodox,19,4,0,0,2.92,821.69,0.15,47.31,0.69,0.31,117.54,0.42,0.38,0.6,0.56,0.35,0.53,0.46,0.31,Welterweight,Male,5.0,0.33,0.11,0.56,Hybrid,23,0.8260869565217391
35e1f9984ed64206,Ryan MacDonald,Main Event,5.11,135.0,Switch,10,2,0,0,2.0,591.5,0.0,49.5,0.0,0.0,6.5,0.47,0.3,0.64,0.9,0.48,0.0,0.0,0.0,Bantamweight,Male,1.0,0.0,0.0,1.0,Hybrid,12,0.8333333333333334
89839250eb25c9c1,Caio Machado,Bigfoot,6.4,250.0,Southpaw,8,4,1,0,3.0,900.0,0.0,67.0,0.0,0.0,6.67,0.47,0.34,0.77,0.8,0.47,0.56,0.33,0.0,Light Heavyweight,Male,1.0,0.0,0.0,1.0,Hybrid,13,0.6153846153846154
442c9011034ae1fd,Ian Machado Garry,The Future,6.3,170.0,Orthodox,16,1,0,0,3.0,885.27,0.27,59.82,0.73,0.36,129.73,0.49,0.38,0.7,0.86,0.47,0.6,0.29,0.36,Welterweight,Male,4.0,0.33,0.0,0.67,Striker,17,0.9411764705882353
f7a7f7118d4b01b6,Lyoto Machida,The Dragon,6.1,185.0,Southpaw,24,8,0,0,2.62,714.38,0.58,30.42,0.67,0.42,117.67,0.5,0.41,0.71,0.68,0.49,0.5,0.55,0.42,Middleweight,Male,9.0,0.42,0.11,0.47,Striker,32,0.75
cd7bafbeee1f29a0,War Machine,No Nickname,5.11,170.0,Orthodox,14,5,0,0,2.0,388.5,0.0,15.0,0.5,0.0,216.5,0.55,0.3,0.5,0.5,0.42,0.0,0.34,0.0,Welterweight,Male,0.0,1.0,0.0,0.0,Hybrid,19,0.7368421052631579
e25bcbcdaf6537a1,Reza Madadi,Mad Dog,5.11,155.0,Orthodox,14,6,0,0,2.86,771.0,0.0,35.0,2.0,0.57,162.0,0.52,0.35,0.59,0.56,0.27,0.61,0.47,0.57,Lightweight,Male,1.0,0.0,0.67,0.33,Wrestler,20,0.7
68c7ad953455c73f,Don Madge,Magic Man,6.0,155.0,Southpaw,9,3,1,0,2.5,607.0,0.0,13.0,2.0,0.0,401.0,0.38,0.3,0.93,0.34,0.34,0.19,0.36,0.0,Lightweight,Male,1.0,0.0,0.0,1.0,Hybrid,13,0.6923076923076923
7691a80e6ca3e55b,Jon Madsen,No Nickname,6.0,240.0,Orthodox,8,2,0,0,2.4,681.6,0.0,25.4,1.6,0.0,169.0,0.46,0.41,0.64,0.38,0.26,0.41,0.37,0.0,Heavyweight,Male,3.0,0.4,0.0,0.6,Hybrid,10,0.8
da0995f19b749cfa,Mark Madsen,The Olympian,5.8,155.0,Orthodox,12,2,0,0,2.33,629.83,0.0,37.83,1.67,0.0,111.33,0.5,0.42,0.5,0.66,0.31,0.72,0.48,0.0,Lightweight,Male,1.0,0.5,0.0,0.5,Striker,14,0.8571428571428571
8bbc0cfc01bc1ba1,Leonardo Mafra,Macarrao,5.1,155.0,Orthodox,13,4,0,0,2.25,530.75,0.0,40.25,1.25,0.25,102.75,0.5,0.38,0.62,0.88,0.47,0.74,0.43,0.25,Lightweight,Male,1.0,0.0,0.0,1.0,Striker,17,0.7647058823529411
88a9bc81271ccd89,Vinny Magalhaes,Pezao,6.3,205.0,Orthodox,14,9,0,0,2.0,465.2,0.2,16.6,0.8,0.0,55.4,0.37,0.27,0.49,0.41,0.38,0.2,0.34,0.0,Light Heavyweight,Male,0.0,1.0,0.0,0.0,Hybrid,23,0.6086956521739131
0c5c66ddd1886b83,Caio Magalhaes,Hellboy,6.1,185.0,Orthodox,10,3,0,0,2.0,488.0,0.29,18.14,1.0,1.0,102.57,0.46,0.4,0.48,0.31,0.33,0.67,0.51,1.0,Middleweight,Male,0.0,0.67,0.33,0.0,Wrestler,13,0.7692307692307693
bd878a638e0e3be3,Angela Magana,Your Majesty,5.1,115.0,Orthodox,11,9,0,0,2.67,744.0,0.0,32.0,1.0,1.33,40.33,0.47,0.3,0.72,0.85,0.44,0.94,0.57,1.33,Women's Strawweight,Female,0.0,0.0,1.0,0.0,Wrestler,20,0.55
84b3e7d38f2d2ec5,Neil Magny,The Haitian Sensation,6.3,170.0,Orthodox,31,14,0,0,2.61,732.64,0.28,37.86,1.53,0.22,188.89,0.47,0.41,0.7,0.71,0.41,0.55,0.48,0.22,Welterweight,Male,12.0,0.33,0.17,0.5,Striker,45,0.6888888888888889
369e1ce458ef50a6,Ruslan Magomedov,Leopard,6.3,242.0,Orthodox,14,1,0,0,3.0,900.0,0.33,36.33,1.0,0.0,190.67,0.36,0.24,0.75,0.62,0.28,0.78,0.21,0.0,Heavyweight,Male,1.0,0.0,0.0,1.0,Hybrid,15,0.9333333333333333
36b8f265bcd1b7a4,Abus Magomedov,No Nickname,6.2,185.0,Orthodox,28,7,1,0,2.43,639.86,0.29,31.29,1.57,0.43,159.57,0.54,0.46,0.6,0.46,0.51,0.36,0.35,0.43,Middleweight,Male,1.0,0.25,0.5,0.25,Striker,36,0.7777777777777778
06734ca9d88dec3a,Shara Magomedov,Bullet,6.2,185.0,Orthodox,16,1,0,0,2.83,823.17,0.33,82.17,0.0,0.0,21.0,0.64,0.5,0.84,0.87,0.63,0.8,0.23,0.0,Middleweight,Male,4.0,0.33,0.0,0.67,Striker,17,0.9411764705882353
87aa9fb63d6b51a1,Zabit Magomedsharipov,No Nickname,6.1,145.0,Orthodox,18,1,0,0,2.67,776.33,0.0,55.0,4.17,0.33,209.17,0.45,0.36,0.6,0.82,0.4,0.31,0.56,0.33,Featherweight,Male,2.0,0.0,0.5,0.5,Striker,19,0.9473684210526315
1a7745388839e52b,John Maguire,The One,5.9,155.0,Southpaw,24,9,0,0,2.8,836.0,0.0,21.4,2.0,1.0,241.0,0.46,0.39,0.57,0.76,0.39,0.71,0.55,1.0,Welterweight,Male,1.0,0.0,0.0,1.0,Wrestler,33,0.7272727272727273
8c1ca54b5089d199,Maheshate,No Nickname,6.0,155.0,Orthodox,10,5,0,0,2.5,688.5,1.17,71.33,0.5,0.0,55.5,0.48,0.42,0.61,0.7,0.48,0.41,0.53,0.0,Lightweight,Male,2.0,0.5,0.0,0.5,Striker,15,0.6666666666666666
427b5953ac8e3a27,Demian Maia,No Nickname,6.1,170.0,Southpaw,28,11,0,0,2.7,744.85,0.09,25.48,1.64,0.73,255.55,0.49,0.46,0.5,0.54,0.36,0.34,0.68,0.73,Welterweight,Male,13.0,0.04,0.44,0.52,Wrestler,39,0.717948717948718
8e1f36476ef02a6a,Jennifer Maia,No Nickname,5.4,125.0,Orthodox,21,10,1,0,3.0,897.42,0.0,64.5,0.67,0.08,186.58,0.42,0.31,0.69,0.89,0.4,0.71,0.44,0.08,Women's Flyweight,Female,5.0,0.0,0.0,1.0,Striker,32,0.65625
c21a036b4e012f1c,John Makdessi,The Bull,5.8,155.0,Orthodox,18,9,0,0,2.55,728.15,0.4,62.65,0.3,0.05,26.45,0.43,0.34,0.53,0.7,0.4,0.4,0.13,0.05,Lightweight,Male,10.0,0.27,0.07,0.67,Hybrid,27,0.6666666666666666
275aca31f61ba28c,Islam Makhachev,No Nickname,5.1,170.0,Southpaw,27,1,0,0,2.5,660.89,0.17,23.61,1.39,0.67,200.78,0.5,0.4,0.73,0.55,0.42,0.58,0.55,0.67,Welterweight,Male,3.0,0.25,0.5,0.25,Wrestler,28,0.9642857142857143
57ab4d7c0bc09a30,Zach Makovsky,Fun Size,5.4,125.0,Southpaw,20,8,0,0,3.0,900.0,0.0,31.71,3.0,0.14,286.0,0.46,0.37,0.72,0.89,0.36,0.66,0.6,0.14,Flyweight,Male,3.0,0.0,0.0,1.0,Wrestler,28,0.7142857142857143
7f1bf0c255ec8756,Azat Maksum,Qazaq,5.7,125.0,Southpaw,15,2,0,0,3.0,900.0,0.0,62.25,1.25,0.75,45.5,0.44,0.32,0.66,0.92,0.43,0.48,0.19,0.75,Flyweight,Male,2.0,0.0,0.0,1.0,Striker,17,0.8823529411764706
1fb80f46d3c105d9,Fabio Maldonado,Caipira de Aco,6.1,205.0,Orthodox,23,11,0,0,2.64,739.0,0.0,66.18,1.18,0.09,130.55,0.5,0.44,0.67,0.47,0.43,0.61,0.33,0.09,Light Heavyweight,Male,5.0,0.17,0.0,0.83,Striker,34,0.6764705882352942
b60c980f79b87ce8,Bea Malecki,No Nickname,5.9,135.0,Orthodox,4,1,0,0,2.0,537.67,0.33,54.67,0.0,0.67,28.67,0.34,0.26,0.63,0.86,0.34,0.3,0.17,0.67,Women's Bantamweight,Female,0.0,0.5,0.5,0.0,Hybrid,5,0.8
d4270315cbcf2569,Jacob Malkoun,Mamba,5.9,185.0,Orthodox,8,3,0,0,2.29,601.71,0.14,23.14,1.29,0.0,71.71,0.48,0.41,0.61,0.76,0.44,0.48,0.6,0.0,Middleweight,Male,0.0,0.5,0.0,0.0,Hybrid,11,0.7272727272727273
dd6103dd7127db1d,Mike Malott,Proper,6.1,170.0,Orthodox,13,2,1,0,2.14,550.43,0.29,33.29,1.29,0.29,84.71,0.5,0.37,0.64,0.65,0.49,0.29,0.24,0.29,Welterweight,Male,1.0,0.25,0.5,0.25,Hybrid,16,0.8125
725a834930c2b5bf,Troy Mandaloniz,Rude Boy,5.9,170.0,Orthodox,3,2,0,0,2.0,580.0,1.0,34.0,2.0,0.0,131.5,0.62,0.56,0.78,0.88,0.57,0.7,0.72,0.0,Welterweight,Male,0.0,1.0,0.0,0.0,Striker,5,0.6
6e9f40c706f91f32,Nate Maness,Mayhem,5.1,125.0,Orthodox,16,3,0,0,2.14,570.0,0.14,39.86,1.0,0.43,219.71,0.58,0.51,0.75,0.66,0.44,0.61,0.62,0.43,Flyweight,Male,1.0,0.67,0.0,0.33,Striker,19,0.8421052631578947
a0602dd050bebefc,Jon Manley,No Nickname,6.1,170.0,Orthodox,9,4,0,0,3.0,900.0,0.0,65.0,4.0,0.0,306.0,0.54,0.45,0.79,1.0,0.48,0.67,0.56,0.0,Welterweight,Male,1.0,0.0,0.0,1.0,Striker,13,0.6923076923076923
b6203e0492a9336c,Marnic Mann,The Sawed-Off Savage,5.0,115.0,Southpaw,6,3,0,0,3.0,900.0,0.0,44.0,0.5,0.0,112.0,0.48,0.43,0.42,0.84,0.48,0.39,0.5,0.0,Women's Strawweight,Female,1.0,0.0,0.0,1.0,Striker,9,0.6666666666666666
1e1dbd1cc5a7469e,Jimi Manuwa,Poster Boy,6.1,205.0,Orthodox,17,6,0,0,1.83,421.67,0.42,27.5,0.75,0.0,116.92,0.5,0.34,0.58,0.92,0.42,0.63,0.22,0.0,Light Heavyweight,Male,2.0,0.75,0.0,0.25,Hybrid,23,0.7391304347826086
ff4c3ab594c7fac3,Cristiano Marcello,No Nickname,5.9,155.0,Orthodox,13,6,0,0,2.75,793.25,0.25,51.25,0.5,0.25,143.25,0.36,0.3,0.74,0.5,0.34,0.65,0.26,0.25,Lightweight,Male,3.0,0.25,0.0,0.75,Hybrid,19,0.6842105263157895
b35ba64b6a2bbcb3,Jose Maria,No Chance,5.5,125.0,Orthodox,37,7,0,0,2.5,581.0,0.0,37.0,2.5,0.5,185.0,0.52,0.45,0.66,0.8,0.37,0.86,1.0,0.5,Flyweight,Male,0.0,1.0,0.0,0.0,Striker,44,0.8409090909090909
bd21a1e3d41c97ee,Ronny Markes,No Nickname,6.1,185.0,Orthodox,17,5,0,0,2.6,690.4,0.6,31.4,1.6,0.4,303.0,0.57,0.45,0.92,0.72,0.42,0.69,0.71,0.4,Middleweight,Male,2.0,0.5,0.0,0.5,Striker,22,0.7727272727272727
4a57ebb14315b251,Randa Markos,Quiet Storm,5.4,115.0,Orthodox,11,12,1,0,2.56,756.56,0.0,39.39,1.44,0.5,184.33,0.46,0.4,0.7,0.64,0.35,0.64,0.67,0.5,Women's Strawweight,Female,8.0,0.0,0.18,0.73,Wrestler,24,0.4583333333333333
c7be22a47a58365a,Christina Marks,No Nickname,5.7,125.0,Orthodox,8,9,0,0,1.0,120.0,0.0,6.0,0.0,1.0,25.0,0.35,0.23,0.67,1.0,0.3,0.43,0.0,1.0,Women's Flyweight,Female,0.0,0.0,1.0,0.0,Hybrid,17,0.47058823529411764
a8e6a69796280f17,Nate Marquardt,The Great,6.0,185.0,Orthodox,35,19,2,0,2.16,574.2,0.4,24.6,1.16,0.52,154.12,0.5,0.38,0.65,0.65,0.43,0.55,0.46,0.52,Middleweight,Male,6.0,0.43,0.14,0.43,Wrestler,56,0.625
d0e1b42d41dab603,Julian Marquez,The Cuban Missile Crisis,6.2,185.0,Orthodox,9,6,0,0,1.88,462.62,0.5,42.62,0.62,0.88,97.88,0.5,0.45,0.75,0.37,0.43,0.63,0.36,0.88,Middleweight,Male,0.0,0.75,0.25,0.0,Striker,15,0.6
5d495dec23d7c68e,Francis Marshall,Fire,5.9,145.0,Orthodox,8,3,0,0,2.4,672.4,0.0,39.6,0.8,0.0,87.6,0.47,0.4,0.56,0.92,0.49,0.3,0.3,0.0,Lightweight,Male,1.0,0.5,0.0,0.5,Hybrid,11,0.7272727272727273
6a92caba39b64752,Terry Martin,No Nickname,5.8,185.0,Orthodox,23,11,0,0,2.0,440.0,0.17,22.17,1.5,0.0,217.33,0.64,0.53,0.62,0.61,0.31,0.66,0.71,0.0,Middleweight,Male,0.0,1.0,0.0,0.0,Striker,34,0.6764705882352942
5331b25a60417ffb,Anthony Rocco Martin,No Nickname,6.0,170.0,Orthodox,17,6,0,0,2.73,762.93,0.0,35.4,0.73,0.4,161.27,0.39,0.29,0.68,0.75,0.35,0.72,0.4,0.4,Welterweight,Male,6.0,0.0,0.14,0.86,Hybrid,23,0.7391304347826086
19b7738321cfae42,Mallory Martin,No Nickname,5.4,115.0,Orthodox,7,5,0,0,2.0,466.75,0.0,29.0,0.5,0.25,103.75,0.49,0.36,0.94,0.12,0.46,0.39,0.21,0.25,Women's Strawweight,Female,0.0,0.0,1.0,0.0,Hybrid,12,0.5833333333333334
8a9c6c4301f6d088,Danny Martinez,The Gremlin,5.6,125.0,Orthodox,21,8,0,0,3.0,900.0,0.5,48.75,3.25,0.0,221.5,0.34,0.29,0.55,0.75,0.3,0.56,0.62,0.0,Flyweight,Male,1.0,0.0,0.0,1.0,Striker,29,0.7241379310344828
f2477cf43c4975cc,Jonathan Martinez,Dragon,5.8,135.0,Southpaw,19,6,0,0,2.8,798.6,0.27,56.8,0.73,0.2,75.07,0.49,0.35,0.65,0.89,0.46,0.62,0.28,0.2,Bantamweight,Male,3.0,0.4,0.0,0.6,Striker,25,0.76
c0386644627a7ee5,Mana Martinez,ManaBoi,5.1,135.0,Orthodox,10,4,0,0,3.0,900.0,1.5,82.25,2.5,0.0,212.0,0.52,0.42,0.68,0.87,0.51,0.42,0.72,0.0,Bantamweight,Male,4.0,0.0,0.0,1.0,Striker,14,0.7142857142857143
3e708ce33b6b18e6,Victor Martinez,The Brick,5.8,155.0,Orthodox,13,6,0,0,1.0,188.5,0.0,20.0,0.0,0.0,1.0,0.38,0.29,0.32,0.72,0.38,0.0,0.4,0.0,Lightweight,Male,0.0,1.0,0.0,0.0,Hybrid,19,0.6842105263157895
3f4c3bc822bea45d,Melissa Martinez,Super Mely,5.2,115.0,Southpaw,8,2,0,0,3.0,852.0,0.33,51.33,1.0,0.0,82.33,0.46,0.32,0.78,0.72,0.42,0.31,0.33,0.0,Women's Strawweight,Female,2.0,0.0,0.0,1.0,Hybrid,10,0.8
9a97acbfd5a08bfa,David Martinez,Doctor,5.5,135.0,Orthodox,13,1,0,0,2.0,589.0,0.5,38.0,0.0,0.0,50.5,0.48,0.45,0.45,0.84,0.44,0.5,0.36,0.0,Bantamweight,Male,0.0,1.0,0.0,0.0,Hybrid,14,0.9285714285714286
7dcf06c1967801c1,Adriano Martins,No Nickname,5.1,155.0,Southpaw,28,9,0,0,2.0,492.14,0.29,15.57,0.14,0.29,37.57,0.44,0.36,0.32,0.69,0.44,0.05,0.25,0.29,Lightweight,Male,0.0,0.67,0.33,0.0,Hybrid,37,0.7567567567567568
7413b80dbb0f8f9f,Lucas Martins,Mineiro,6.0,145.0,Southpaw,19,3,0,0,2.29,528.43,0.57,32.0,0.57,0.29,65.43,0.42,0.34,0.88,0.69,0.4,0.22,0.44,0.29,Featherweight,Male,0.0,0.75,0.25,0.0,Hybrid,22,0.8636363636363636
5b2d7906aa894274,Mike Massenzio,The Master of Disaster,6.2,185.0,Southpaw,13,9,0,0,2.0,469.86,0.14,20.86,1.14,1.14,120.71,0.37,0.24,0.39,0.37,0.21,0.45,0.55,1.14,Middleweight,Male,1.0,0.0,0.67,0.33,Wrestler,22,0.5909090909090909
47b9e0e7703a4868,Jorge Masvidal,Gamebred,5.11,170.0,Orthodox,35,17,0,0,2.82,800.82,0.41,43.5,0.68,0.14,77.55,0.47,0.37,0.65,0.72,0.44,0.56,0.42,0.14,Welterweight,Male,5.0,0.38,0.0,0.62,Striker,52,0.6730769230769231
3a524c6700addc24,Tateki Matsuda,Tech,5.7,125.0,Orthodox,13,8,0,0,3.0,900.0,0.5,49.5,1.0,0.5,129.0,0.32,0.26,0.64,0.56,0.29,0.45,0.82,0.5,Flyweight,Male,1.0,0.0,0.0,1.0,Wrestler,21,0.6190476190476191
a845f0735bc67405,Jake Matthews,The Celtic Kid,5.11,170.0,Orthodox,22,8,0,0,2.48,680.04,0.26,35.26,1.13,0.57,149.13,0.43,0.37,0.57,0.66,0.35,0.64,0.46,0.57,Welterweight,Male,7.0,0.12,0.47,0.41,Striker,30,0.7333333333333333
36e78278a77006d4,Connor Matthews,The Controller,5.8,145.0,Switch,7,4,0,0,1.67,324.67,0.33,28.0,0.33,0.0,16.0,0.42,0.28,0.46,0.63,0.4,0.33,0.46,0.0,Featherweight,Male,0.0,1.0,0.0,0.0,Hybrid,11,0.6363636363636364
ccdd90bd1fc7dab6,Vladimir Matyushenko,The Janitor,6.0,205.0,Orthodox,27,8,0,0,2.0,493.67,0.17,15.75,1.42,0.08,167.92,0.43,0.4,0.46,0.44,0.3,0.37,0.52,0.08,Light Heavyweight,Male,3.0,0.57,0.0,0.43,Hybrid,35,0.7714285714285715
f29a6350c69f4a33,Miranda Maverick,Fear The,5.3,125.0,Southpaw,17,6,0,0,2.75,797.17,0.0,36.25,2.08,0.5,305.42,0.43,0.34,0.7,0.67,0.38,0.64,0.34,0.5,Women's Flyweight,Female,6.0,0.0,0.14,0.86,Wrestler,23,0.7391304347826086
12585614e0ed2626,Nick Maximov,No Nickname,6.0,185.0,Southpaw,8,2,0,0,2.5,694.0,0.0,39.25,2.25,0.5,173.0,0.46,0.4,0.6,0.62,0.36,0.57,0.72,0.5,Middleweight,Male,1.0,0.0,0.5,0.5,Striker,10,0.8
1a9480fc288e55d7,Don'Tale Mayes,Lord Kong,6.6,260.0,Orthodox,11,9,0,0,2.67,749.25,0.08,35.0,0.67,0.08,102.75,0.42,0.29,0.68,0.75,0.4,0.48,0.06,0.08,Heavyweight,Male,2.0,0.25,0.25,0.5,Hybrid,20,0.55
7d96bc577e5178b2,Gray Maynard,No Nickname,5.9,155.0,Orthodox,13,7,1,0,2.8,772.05,0.6,32.5,2.2,0.65,200.8,0.43,0.38,0.7,0.43,0.36,0.67,0.64,0.65,Featherweight,Male,11.0,0.31,0.0,0.69,Wrestler,21,0.6190476190476191
016a8d958883167c,Gina Mazany,Danger,5.6,125.0,Southpaw,7,6,0,0,2.0,492.12,0.25,30.5,1.25,0.12,116.88,0.43,0.34,0.57,0.52,0.34,0.75,0.5,0.12,Women's Flyweight,Female,0.0,1.0,0.0,0.0,Hybrid,13,0.5384615384615384
70d2329a92864fdb,Sabina Mazo,Colombian Queen,5.7,125.0,Orthodox,9,4,0,0,2.86,789.29,0.29,84.14,1.29,0.43,208.14,0.44,0.33,0.69,0.84,0.41,0.54,0.29,0.43,Women's Flyweight,Female,3.0,0.0,0.5,0.5,Striker,13,0.6923076923076923
701e057d63c124d9,Ian McCall,Uncle Creepy,5.5,125.0,Orthodox,13,5,1,0,3.0,900.0,0.0,51.67,1.17,0.5,116.83,0.36,0.24,0.58,0.66,0.3,0.53,0.3,0.5,Flyweight,Male,2.0,0.0,0.0,1.0,Hybrid,19,0.6842105263157895
51018a31ddf31eb2,Molly McCann,Meatball,5.4,115.0,Orthodox,14,8,0,0,2.21,612.29,0.14,52.86,2.14,0.64,173.29,0.46,0.38,0.68,0.71,0.43,0.52,0.47,0.64,Women's Strawweight,Female,6.0,0.18,0.27,0.55,Striker,22,0.6363636363636364
008dc37cca279def,Sean McCorkle,No Nickname,6.7,265.0,Orthodox,17,7,0,0,1.33,282.67,0.0,9.33,1.0,1.33,196.0,0.39,0.36,0.33,0.33,0.13,0.25,0.7,1.33,Heavyweight,Male,0.0,0.0,1.0,0.0,Wrestler,24,0.7083333333333334
baed16f18348908e,Kris McCray,Savage,6.0,170.0,Orthodox,8,5,0,0,2.0,520.67,0.0,23.0,1.0,0.33,160.0,0.46,0.3,0.5,0.79,0.37,0.48,0.31,0.33,Welterweight,Male,0.0,1.0,0.0,0.0,Hybrid,13,0.6153846153846154
eff47295daf721a6,Tamdan McCrory,The Barncat,6.4,185.0,Switch,14,5,0,0,2.0,518.89,0.11,14.78,1.22,1.11,181.11,0.46,0.4,0.61,0.53,0.35,0.34,0.47,1.11,Middleweight,Male,1.0,0.5,0.25,0.25,Wrestler,19,0.7368421052631579
75f871836d41f90f,Justin McCully,The Insane One,6.1,225.0,Orthodox,11,5,2,0,2.5,704.25,0.25,18.5,1.0,0.0,308.25,0.34,0.28,0.17,0.65,0.35,0.55,0.12,0.0,Heavyweight,Male,2.0,0.0,0.0,1.0,Hybrid,18,0.6111111111111112
5cafbc97dba2e797,Robert McDaniel,Bubba,6.3,185.0,Southpaw,28,10,0,0,2.33,647.33,0.0,23.0,0.67,1.33,270.33,0.49,0.46,0.51,0.79,0.39,0.92,0.66,1.33,Middleweight,Male,0.0,0.0,1.0,0.0,Wrestler,38,0.7368421052631579
d0314416a7f26527,Michael McDonald,Mayday,5.9,135.0,Orthodox,17,4,0,0,2.11,534.22,0.44,20.67,0.78,0.56,59.78,0.38,0.34,0.48,0.58,0.34,0.19,0.5,0.56,Bantamweight,Male,2.0,0.4,0.2,0.4,Hybrid,21,0.8095238095238095
1fd4fbdcc67de844,Drew McFedries,The Massacre,6.0,185.0,Southpaw,12,7,0,0,1.11,140.44,0.67,12.0,0.22,0.11,6.89,0.55,0.56,0.44,0.32,0.42,0.5,0.57,0.11,Middleweight,Male,0.0,1.0,0.0,0.0,Hybrid,19,0.631578947368421
d90b630e0561818b,Gan McGee,The Giant,6.1,265.0,Orthodox,13,5,0,0,1.25,319.25,0.0,10.75,0.5,0.0,134.0,0.36,0.33,0.5,0.62,0.3,0.25,0.26,0.0,Heavyweight,Male,0.0,1.0,0.0,0.0,Hybrid,18,0.7222222222222222
523fa774700d7d3f,Court McGee,The Crusher,5.11,170.0,Orthodox,23,14,0,0,2.62,758.29,0.17,55.17,1.58,0.42,148.29,0.41,0.33,0.55,0.79,0.38,0.45,0.38,0.42,Welterweight,Male,15.0,0.1,0.15,0.75,Striker,37,0.6216216216216216
c0ac37a4a1133da9,Marcus McGhee,The Maniac,5.8,135.0,Orthodox,10,2,0,0,2.2,574.2,0.2,38.8,0.2,0.0,51.4,0.35,0.29,0.52,0.64,0.34,0.56,0.18,0.0,Bantamweight,Male,0.0,1.0,0.0,0.0,Hybrid,12,0.8333333333333334
1f9c371c93dfd3a9,Ryan McGillivray,The Kid,5.11,170.0,Orthodox,12,0,1,0,3.0,900.0,0.0,33.0,5.0,0.0,561.0,0.47,0.38,0.9,1.0,0.41,0.89,0.45,0.0,Welterweight,Male,1.0,0.0,0.0,1.0,Striker,13,0.9230769230769231
f4c49976c75c5ab2,Conor McGregor,The Notorious,5.9,155.0,Southpaw,22,6,0,0,2.0,482.36,0.21,40.5,0.79,0.21,102.21,0.48,0.42,0.58,0.54,0.43,0.52,0.44,0.21,Welterweight,Male,1.0,0.6,0.2,0.2,Striker,28,0.7857142857142857
f748267c4ab6c127,Rhys McKee,Skeletor,6.2,170.0,Orthodox,14,7,1,0,2.33,651.83,0.5,51.17,0.0,0.0,81.33,0.38,0.26,0.64,0.56,0.3,0.48,0.44,0.0,Welterweight,Male,0.0,1.0,0.0,0.0,Hybrid,22,0.6363636363636364
3351aa64aa83c4d9,Cory McKenna,Poppins,5.3,115.0,Orthodox,8,4,0,0,2.5,676.83,0.0,38.83,1.17,0.83,167.17,0.47,0.39,0.6,0.85,0.44,0.68,0.6,0.83,Women's Strawweight,Female,1.0,0.0,0.5,0.5,Striker,12,0.6666666666666666
7be63795363029e8,Cody McKenzie,No Nickname,6.0,155.0,Switch,16,10,0,0,1.86,463.0,0.0,14.14,0.57,1.29,91.14,0.23,0.17,0.43,0.5,0.21,0.35,0.53,1.29,Featherweight,Male,0.0,0.0,1.0,0.0,Wrestler,26,0.6153846153846154
809bd1a871491508,Terrance McKinney,T. Wrecks,5.1,155.0,Switch,17,7,0,0,1.17,145.33,0.33,18.25,0.58,0.5,71.5,0.56,0.52,0.52,0.04,0.28,0.5,0.59,0.5,Lightweight,Male,0.0,0.5,0.5,0.0,Hybrid,24,0.7083333333333334
f215cfbd4ba3c270,Garreth McLellan,Soldier Boy,6.1,185.0,Southpaw,13,6,0,0,2.4,624.4,0.4,23.2,1.0,0.4,142.4,0.53,0.35,0.78,0.91,0.44,0.51,0.41,0.4,Middleweight,Male,1.0,0.5,0.0,0.5,Striker,19,0.6842105263157895
7be74a12d7352df2,Sara McMann,No Nickname,5.6,135.0,Orthodox,13,6,0,0,2.15,571.23,0.15,22.0,1.92,0.62,286.77,0.57,0.52,0.71,0.52,0.35,0.63,0.71,0.62,Women's Bantamweight,Female,4.0,0.1,0.5,0.4,Wrestler,19,0.6842105263157895
cac08b8685387ca5,James McSweeney,The Hammer,6.4,230.0,Switch,15,15,0,0,2.33,573.33,0.67,55.33,0.33,1.67,259.67,0.59,0.53,0.74,0.27,0.45,0.5,0.72,1.67,Heavyweight,Male,0.0,1.0,0.0,0.0,Wrestler,30,0.5
4b47e71384a9522f,Tim Means,The Dirty Bird,6.2,170.0,Orthodox,33,17,1,0,2.2,577.97,0.37,44.77,0.7,0.2,88.33,0.48,0.41,0.68,0.8,0.42,0.59,0.44,0.2,Welterweight,Male,7.0,0.41,0.18,0.41,Striker,51,0.6470588235294118
813550bc53b15fb0,Yancy Medeiros,No Nickname,5.1,155.0,Orthodox,15,8,0,0,1.93,490.33,0.4,40.47,0.27,0.2,39.33,0.38,0.3,0.56,0.65,0.37,0.49,0.15,0.2,Welterweight,Male,1.0,0.0,0.67,0.33,Hybrid,23,0.6521739130434783
2937cb502dda0808,Anistavio Medeiros,Gasparzinho,5.6,145.0,Orthodox,19,10,0,0,1.0,132.0,0.0,11.0,0.0,1.0,34.0,0.52,0.44,1.0,0.67,0.52,0.0,0.0,1.0,Featherweight,Male,0.0,0.0,1.0,0.0,Hybrid,29,0.6551724137931034
e2be0c1a9b886d92,MarQuel Mederos,No Nickname,5.1,155.0,Orthodox,11,1,0,0,3.0,900.0,0.33,69.67,0.33,0.0,85.0,0.55,0.48,0.77,0.66,0.53,0.75,0.52,0.0,Lightweight,Male,2.0,0.0,0.0,1.0,Striker,12,0.9166666666666666
681399317dbf4701,Uros Medic,The Doctor,6.1,170.0,Southpaw,11,3,0,0,1.44,268.89,0.33,19.89,0.89,0.22,88.67,0.5,0.36,0.65,0.62,0.49,0.62,0.36,0.22,Welterweight,Male,0.0,0.5,0.5,0.0,Hybrid,14,0.7857142857142857
b60391da771deefe,Todd Medina,El Tiburon,5.1,193.0,Southpaw,11,9,0,0,1.0,153.5,0.0,2.0,0.5,0.5,22.8,1.0,0.5,0.5,0.0,0.0,0.0,0.5,0.5,Open Weight,Male,0.0,0.0,1.0,0.0,Hybrid,20,0.55
103b06d8707895a9,Emil Meek,Valhalla,5.11,170.0,Switch,9,5,1,0,3.0,900.0,0.0,37.25,2.25,0.5,221.0,0.53,0.49,0.73,0.8,0.44,0.72,0.83,0.5,Welterweight,Male,1.0,0.0,0.0,1.0,Striker,15,0.6
6ac9bc2953c47345,Gerald Meerschaert,GM3,6.1,185.0,Southpaw,37,20,0,0,2.04,494.16,0.12,27.32,1.28,0.56,129.2,0.44,0.37,0.68,0.56,0.41,0.49,0.37,0.56,Middleweight,Male,0.0,0.25,0.75,0.0,Wrestler,57,0.6491228070175439
2aa49b3766a59bcd,Jordan Mein,Young Gun,6.0,170.0,Orthodox,31,12,0,0,2.33,617.0,0.22,29.56,1.78,0.33,250.44,0.37,0.27,0.61,0.82,0.32,0.32,0.52,0.33,Welterweight,Male,5.0,0.17,0.0,0.83,Wrestler,43,0.7209302325581395
aa5b4eff51bdc7d1,Gilbert Melendez,El Nino,5.9,145.0,Orthodox,22,8,0,0,3.14,916.14,0.0,52.43,1.0,0.0,90.29,0.35,0.29,0.67,0.63,0.34,0.56,0.48,0.0,Lightweight,Male,3.0,0.0,0.0,1.0,Hybrid,30,0.7333333333333333
672ef06fd9f41f7d,Marcelo Mello,No Nickname,5.7,170.0,Southpaw,1,0,0,0,1.0,83.0,0.0,7.0,1.0,0.0,127.992,0.53,0.5,1.0,0.0,1.0,0.0,0.5,0.0,Lightweight,Male,0.0,1.0,0.0,0.0,Striker,1,1.0
9b7dfb3b7d99926a,Vanessa Melo,No Nickname,5.5,135.0,Orthodox,11,8,0,0,3.0,900.0,0.0,59.0,0.5,0.0,136.25,0.34,0.25,0.59,0.81,0.32,0.5,0.21,0.0,Women's Bantamweight,Female,1.0,0.0,0.0,1.0,Hybrid,19,0.5789473684210527
b5b684eac99ae0a3,Chad Mendes,Money,5.6,145.0,Orthodox,18,5,0,0,2.0,498.5,0.57,29.14,1.43,0.14,100.43,0.53,0.44,0.57,0.73,0.49,0.43,0.58,0.14,Featherweight,Male,3.0,0.7,0.0,0.3,Striker,23,0.782608695652174
a495f599e787614f,Alonzo Menifield,Atomic,6.0,205.0,Orthodox,17,5,1,0,2.0,513.71,0.35,35.53,0.47,0.06,73.41,0.55,0.47,0.7,0.6,0.47,0.52,0.46,0.06,Light Heavyweight,Male,6.0,0.36,0.09,0.55,Striker,23,0.7391304347826086
5755960ebd0b16f6,Ivan Menjivar,The Pride of El Salvador,5.6,145.0,Orthodox,25,12,0,0,2.11,583.67,0.22,24.11,0.78,0.67,80.56,0.42,0.35,0.52,0.47,0.26,0.58,0.54,0.67,Bantamweight,Male,3.0,0.17,0.33,0.5,Wrestler,37,0.6756756756756757
275cafc9de131c83,Dave Menne,The Warrior,5.1,170.0,Orthodox,45,17,2,0,2.5,657.67,0.0,23.83,0.33,2.0,181.33,0.34,0.19,0.7,0.72,0.26,0.47,0.28,2.0,Middleweight,Male,2.0,0.0,0.0,1.0,Wrestler,64,0.703125
eff9074bc066f0f2,Bia Mesquita,No Nickname,5.4,135.0,Orthodox,6,0,0,0,2.0,434.0,0.0,36.0,2.0,1.0,293.0,0.57,0.56,0.0,1.0,0.18,0.0,0.65,1.0,Women's Bantamweight,Female,0.0,0.0,1.0,0.0,Wrestler,6,1.0
3623bd267a2eef2e,Yaotzin Meza,No Nickname,5.9,145.0,Orthodox,21,11,0,0,2.57,726.29,0.0,18.43,0.43,0.71,94.86,0.37,0.22,0.68,0.75,0.34,0.55,0.29,0.71,Featherweight,Male,1.0,0.0,0.0,1.0,Wrestler,32,0.65625
946f341df6472ee0,Guy Mezger,No Nickname,6.1,200.0,Orthodox,30,14,2,0,1.2,290.2,0.2,13.6,0.2,0.8,108.876,0.49,0.43,0.6,0.78,0.27,0.7,0.42,0.8,Lightweight,Male,1.0,0.5,0.25,0.25,Wrestler,46,0.6521739130434783
f782f953bfe7b5f2,Jonathan Micallef,The Captain,6.0,170.0,Southpaw,8,1,0,0,3.0,900.0,1.0,85.0,0.0,0.0,9.0,0.44,0.34,0.82,0.71,0.44,1.0,0.0,0.0,Welterweight,Male,1.0,0.0,0.0,1.0,Striker,9,0.8888888888888888
79325a3c1a5c3bf4,Andreas Michailidis,The Spartan,6.0,170.0,Orthodox,13,6,0,0,2.25,604.5,0.0,29.25,0.75,0.0,101.5,0.46,0.39,0.62,0.72,0.36,0.55,0.69,0.0,Middleweight,Male,1.0,0.0,0.0,1.0,Hybrid,19,0.6842105263157895
49f4b511932f71e9,David Michaud,BullDawg,5.9,155.0,Orthodox,11,3,0,0,3.0,831.67,0.0,51.67,2.0,0.0,222.0,0.42,0.38,0.71,0.41,0.36,0.59,0.61,0.0,Lightweight,Male,2.0,0.0,0.0,1.0,Striker,14,0.7857142857142857
d6285cba1d1052e0,Bojan Mihajlovic,No Nickname,5.11,205.0,Orthodox,10,6,0,0,2.0,423.67,0.33,40.33,0.67,0.33,221.67,0.51,0.29,0.96,0.52,0.41,0.4,0.39,0.33,Light Heavyweight,Male,0.0,1.0,0.0,0.0,Striker,16,0.625
cedfdf8d423d500c,Pat Miletich,The Croatian Sensation,5.1,170.0,Orthodox,29,7,2,0,2.1,521.8,0.1,14.7,1.0,0.5,157.67,0.49,0.32,0.65,0.59,0.36,0.61,0.46,0.5,Welterweight,Male,3.0,0.25,0.38,0.38,Wrestler,38,0.7631578947368421
f1928a52590c5532,Curtis Millender,Curtious,6.2,170.0,Orthodox,17,5,0,0,2.4,682.4,0.0,41.4,0.8,0.0,109.4,0.33,0.26,0.53,0.59,0.33,0.3,0.3,0.0,Welterweight,Male,3.0,0.0,0.0,1.0,Hybrid,22,0.7727272727272727
18aecaf50f52e4c3,Phillip Miller,No Nickname,5.11,185.0,Orthodox,16,0,0,0,2.5,745.0,0.0,20.0,3.0,0.5,486.0,0.52,0.44,0.84,0.5,0.28,0.32,0.51,0.5,Middleweight,Male,1.0,0.0,0.5,0.5,Wrestler,16,1.0
b2f88c04c4dd43ce,Jason Miller,Mayhem,6.1,185.0,Orthodox,23,10,0,0,3.0,871.33,0.0,24.0,2.0,0.33,330.33,0.38,0.3,0.83,0.78,0.3,0.79,0.77,0.33,Middleweight,Male,1.0,0.0,0.0,1.0,Wrestler,33,0.696969696969697
d0c29452d3272603,Dan Miller,No Nickname,6.1,185.0,Orthodox,14,8,0,0,2.46,679.77,0.23,28.69,0.85,1.0,164.85,0.41,0.37,0.66,0.7,0.34,0.52,0.38,1.0,Welterweight,Male,3.0,0.12,0.5,0.38,Wrestler,22,0.6363636363636364
d1941565abf50b16,Jim Miller,A-10,5.8,155.0,Southpaw,38,19,0,0,2.24,586.26,0.15,32.59,1.48,0.91,189.2,0.43,0.33,0.65,0.74,0.37,0.51,0.56,0.91,Lightweight,Male,14.0,0.23,0.37,0.4,Wrestler,57,0.6666666666666666
282fa667ff9c51ed,Cole Miller,Magrinho,6.1,145.0,Orthodox,21,11,0,0,2.25,604.95,0.25,38.0,0.95,1.2,157.95,0.35,0.29,0.6,0.68,0.29,0.39,0.44,1.2,Featherweight,Male,6.0,0.07,0.5,0.43,Wrestler,32,0.65625
aa0c573da7119292,Juliana Miller,Killer,5.7,125.0,Orthodox,5,3,0,0,2.5,714.5,0.0,44.25,1.75,0.0,262.0,0.6,0.51,0.85,0.98,0.58,0.56,0.68,0.0,Women's Flyweight,Female,2.0,0.33,0.0,0.67,Striker,8,0.625
6cadfd8f1d9e7685,Che Mills,Beautiful,6.1,170.0,Orthodox,16,10,0,0,1.75,382.0,0.0,10.75,0.5,0.0,43.0,0.38,0.26,0.39,0.53,0.3,0.51,0.35,0.0,Welterweight,Male,0.0,1.0,0.0,0.0,Hybrid,26,0.6153846153846154
72ffecf712673af1,Adam Milstead,The Prototype,6.3,205.0,Orthodox,8,4,0,0,2.0,494.75,0.5,33.25,0.0,0.0,72.25,0.66,0.63,0.62,0.75,0.61,0.64,0.5,0.0,Heavyweight,Male,0.0,1.0,0.0,0.0,Striker,12,0.6666666666666666
4b1d46a1b5c0fd11,Alberto Mina,Soldier of God,6.0,170.0,Orthodox,13,1,0,0,2.25,608.5,0.25,38.25,0.75,0.25,106.5,0.44,0.37,0.51,0.62,0.41,0.51,0.63,0.25,Welterweight,Male,1.0,0.5,0.0,0.5,Striker,14,0.9285714285714286
34e516ab361afb1c,Darrick Minner,No Nickname,5.7,145.0,Orthodox,26,14,0,0,2.0,474.17,0.17,16.33,0.67,1.33,107.33,0.61,0.45,0.78,0.55,0.45,0.6,0.61,1.33,Featherweight,Male,0.0,0.5,0.5,0.0,Wrestler,40,0.65
ce6065baef021cf3,Ikuhisa Minowa,Minowaman,5.9,181.0,Orthodox,60,42,8,0,3.0,714.0,0.0,3.0,3.0,0.0,447.0,0.15,0.16,0.0,0.0,0.12,0.0,1.0,0.0,Middleweight,Male,0.0,1.0,0.0,0.0,Wrestler,110,0.5454545454545454
40d8b74488743800,Carlton Minus,Clutch,5.1,170.0,Orthodox,10,3,0,0,3.0,900.0,0.5,73.0,1.0,0.5,83.0,0.42,0.35,0.57,0.91,0.42,0.44,0.28,0.5,Catch Weight,Male,1.0,0.0,0.0,1.0,Striker,13,0.7692307692307693
d28dee5c705991df,Stipe Miocic,No Nickname,6.4,240.0,Orthodox,20,5,0,0,2.58,681.16,0.42,51.89,1.11,0.0,160.63,0.52,0.47,0.64,0.74,0.46,0.53,0.68,0.0,Heavyweight,Male,3.0,0.75,0.0,0.25,Striker,25,0.8
1ff9589f9065a9ed,Frank Mir,No Nickname,6.3,264.0,Southpaw,18,11,0,0,1.59,345.93,0.37,18.04,0.74,0.74,129.22,0.53,0.33,0.56,0.64,0.37,0.47,0.31,0.74,Heavyweight,Male,4.0,0.37,0.37,0.21,Hybrid,29,0.6206896551724138
df2bf09c99594848,Mario Miranda,No Nickname,6.3,185.0,Orthodox,14,7,0,0,2.25,659.0,0.25,22.75,2.5,0.0,230.0,0.43,0.26,0.68,0.64,0.27,0.5,0.52,0.0,Middleweight,Male,1.0,0.0,0.0,1.0,Striker,21,0.6666666666666666
4bcb6eb12b4ad4aa,Vitor Miranda,Lex Luthor,6.1,185.0,Orthodox,12,5,0,0,2.43,675.14,0.0,40.0,1.57,0.14,164.43,0.49,0.42,0.57,0.85,0.39,0.83,0.5,0.14,Middleweight,Male,3.0,0.5,0.0,0.5,Striker,17,0.7058823529411765
d9c6f19f958643e9,Bryce Mitchell,Thug Nasty,5.1,135.0,Southpaw,18,4,0,0,2.5,694.83,0.17,25.42,2.0,1.17,331.33,0.54,0.45,0.68,0.66,0.45,0.34,0.57,1.17,Bantamweight,Male,5.0,0.11,0.33,0.56,Wrestler,22,0.8181818181818182
ba280572acfba13f,Matt Mitrione,No Nickname,6.3,265.0,Switch,12,5,0,0,1.64,377.57,0.36,17.71,0.29,0.0,32.14,0.46,0.41,0.5,0.67,0.41,0.42,0.3,0.0,Heavyweight,Male,1.0,0.83,0.0,0.17,Hybrid,17,0.7058823529411765
2cfba6c837c03ed0,Patchy Mix,No Love,5.11,135.0,Southpaw,20,3,0,0,3.0,900.0,0.0,84.0,0.0,1.5,62.0,0.48,0.42,0.64,0.77,0.45,0.9,0.4,1.5,Bantamweight,Male,1.0,0.0,0.0,1.0,Wrestler,23,0.8695652173913043
48e093ea1f43a053,Takeya Mizugaki,No Nickname,5.7,135.0,Orthodox,21,11,2,0,2.5,692.43,0.21,45.79,1.21,0.14,185.71,0.41,0.34,0.62,0.69,0.36,0.44,0.25,0.14,Bantamweight,Male,8.0,0.1,0.1,0.8,Hybrid,34,0.6176470588235294
43a59ce3bb40449e,Mizuki,No Nickname,5.3,115.0,Orthodox,15,6,0,0,3.0,900.0,0.0,65.25,0.75,0.25,189.0,0.5,0.42,0.62,0.9,0.42,0.84,0.38,0.25,Women's Strawweight,Female,1.0,0.0,0.0,1.0,Striker,21,0.7142857142857143
4498b382c65a7faa,Roxanne Modafferi,The Happy Warrior,5.7,125.0,Orthodox,25,21,0,0,3.08,917.67,0.17,77.33,2.17,0.25,277.42,0.44,0.41,0.66,0.78,0.4,0.6,0.53,0.25,Women's Flyweight,Female,9.0,0.1,0.0,0.9,Striker,46,0.5434782608695652
04c15b52c3cc1cab,Nate Mohr,No Nickname,5.9,155.0,Orthodox,9,7,0,0,2.0,498.5,0.0,31.5,0.25,0.0,30.25,0.51,0.45,0.57,0.45,0.42,0.67,0.48,0.0,Lightweight,Male,1.0,0.0,0.0,1.0,Hybrid,16,0.5625
b6452706b373eea1,Renato Moicano,No Nickname,5.11,155.0,Orthodox,20,7,1,0,2.16,567.79,0.21,38.63,0.63,0.11,83.79,0.5,0.4,0.57,0.85,0.45,0.3,0.38,0.11,Lightweight,Male,3.0,0.38,0.25,0.38,Hybrid,28,0.7142857142857143
d945aae53e3e54e6,Thiago Moises,No Nickname,5.9,155.0,Orthodox,19,9,0,0,2.47,667.33,0.2,34.6,1.07,0.67,155.13,0.51,0.4,0.58,0.83,0.47,0.54,0.42,0.67,Lightweight,Male,3.0,0.29,0.29,0.43,Striker,28,0.6785714285714286
75353550928a7921,Muhammad Mokaev,The Punisher,5.7,125.0,Orthodox,13,0,0,0,2.71,754.14,0.14,20.14,3.71,0.86,332.29,0.49,0.38,0.68,0.49,0.43,0.45,0.74,0.86,Flyweight,Male,2.0,0.0,0.6,0.4,Wrestler,13,1.0
192520689012c7e4,Suman Mokhtarian,No Nickname,5.8,145.0,Orthodox,8,5,0,0,2.0,517.0,0.0,28.0,0.0,0.0,43.0,0.47,0.38,0.71,0.92,0.46,0.62,0.5,0.0,Featherweight,Male,0.0,1.0,0.0,0.0,Hybrid,13,0.6153846153846154
008ea710276c9606,Jeff Molina,El Jefe,5.6,125.0,Orthodox,11,2,0,0,2.67,715.33,0.33,73.0,1.0,0.0,113.33,0.52,0.47,0.91,0.96,0.5,0.4,0.59,0.0,Flyweight,Male,1.0,0.5,0.0,0.5,Striker,13,0.8461538461538461
cbfd1d34356a004c,Jeff Monson,The Snowman,5.9,247.0,Orthodox,60,26,1,0,2.57,731.0,0.14,16.57,1.14,0.43,234.57,0.47,0.37,0.87,0.68,0.15,0.56,0.49,0.43,Heavyweight,Male,2.0,0.25,0.25,0.5,Wrestler,87,0.6896551724137931
bffeb123b21c9aad,Darrell Montague,Mongoose,5.6,125.0,Southpaw,13,5,0,0,1.67,416.33,0.33,18.33,0.33,0.67,23.33,0.36,0.32,0.34,0.77,0.31,0.11,0.3,0.67,Flyweight,Male,0.0,1.0,0.0,0.0,Hybrid,18,0.7222222222222222
ca80d72da81d7224,Michelle Montague,The Wild One,5.9,135.0,Southpaw,7,0,0,0,3.0,900.0,0.0,41.0,5.0,0.0,643.0,0.46,0.44,0.67,0.5,0.33,1.0,0.55,0.0,Women's Bantamweight,Female,1.0,0.0,0.0,1.0,Striker,7,1.0
94508d80e1f885fc,Augusto Montano,Dodger,6.1,170.0,Orthodox,15,3,0,0,2.33,683.0,0.0,37.67,2.33,0.0,225.33,0.47,0.33,0.5,0.69,0.36,0.37,0.5,0.0,Welterweight,Male,1.0,0.67,0.0,0.33,Striker,18,0.8333333333333334
8163cd7de0342652,Erick Montano,Perry,6.0,170.0,Orthodox,7,5,0,0,2.33,524.0,0.0,25.33,1.0,0.33,105.0,0.44,0.4,0.7,0.48,0.43,0.36,0.83,0.33,Welterweight,Male,1.0,0.33,0.33,0.33,Striker,12,0.5833333333333334
1de9ad94de18eeaf,Nicco Montano,No Nickname,5.5,135.0,Southpaw,5,3,0,0,4.0,1200.0,0.0,112.0,3.0,0.5,371.0,0.44,0.3,0.78,0.88,0.42,0.56,0.74,0.5,Women's Flyweight,Female,1.0,0.0,0.0,1.0,Striker,8,0.625
6e92eb1242b46636,Steve Montgomery,The Creepy Weasel,6.4,185.0,Southpaw,9,5,0,0,2.0,531.5,0.5,43.5,0.0,0.0,17.5,0.46,0.39,0.93,0.38,0.38,0.61,0.84,0.0,Middleweight,Male,0.0,1.0,0.0,0.0,Striker,14,0.6428571428571429
c06a9b48d4132c8e,James Moontasri,Moon Walker,5.1,170.0,Switch,9,5,0,0,2.17,593.5,0.33,34.5,0.0,0.17,99.0,0.49,0.38,0.66,0.78,0.45,0.51,0.22,0.17,Welterweight,Male,1.0,0.33,0.33,0.33,Hybrid,14,0.6428571428571429
1bcaac2d99b90fce,Sergio Moraes,The Panther,6.0,170.0,Orthodox,14,6,1,0,2.64,748.79,0.29,35.57,1.0,0.36,131.21,0.46,0.42,0.61,0.72,0.39,0.18,0.43,0.36,Welterweight,Male,4.0,0.12,0.38,0.5,Hybrid,21,0.6666666666666666
fea79f9bc8c68769,Marlon Moraes,Magic,5.6,135.0,Orthodox,23,10,1,0,1.91,469.91,0.55,33.0,0.64,0.0,42.18,0.41,0.34,0.69,0.54,0.37,0.33,0.47,0.0,Bantamweight,Male,1.0,0.83,0.0,0.17,Hybrid,34,0.6764705882352942
92437c6775b3f7d1,John Moraga,No Nickname,5.6,125.0,Orthodox,19,7,0,0,2.64,721.36,0.29,32.29,1.21,0.71,149.57,0.45,0.34,0.55,0.78,0.36,0.44,0.5,0.71,Flyweight,Male,4.0,0.33,0.22,0.44,Striker,26,0.7307692307692307
544d7460b3e44393,Albert Morales,The Warrior,5.9,135.0,Orthodox,7,4,1,0,2.67,741.67,0.17,45.17,0.5,0.67,83.33,0.34,0.29,0.67,0.59,0.32,0.26,0.47,0.67,Bantamweight,Male,2.0,0.0,0.33,0.67,Hybrid,12,0.5833333333333334
2fe9032955c2e013,Joseph Morales,Bopo,5.6,125.0,Switch,14,2,0,0,1.8,473.6,0.2,13.8,1.6,0.2,109.0,0.39,0.26,0.64,0.67,0.33,0.35,0.36,0.2,Flyweight,Male,1.0,0.0,0.5,0.5,Hybrid,16,0.875
37098a6e6c27fb66,Vince Morales,Vandetta,5.7,135.0,Orthodox,16,10,0,0,2.73,799.0,0.09,41.64,0.82,0.27,67.55,0.4,0.31,0.69,0.64,0.39,0.52,0.28,0.27,Bantamweight,Male,3.0,0.0,0.0,1.0,Hybrid,26,0.6153846153846154
a0e6753c42698f13,Omar Morales,Venezuelan Fighter,5.11,155.0,Orthodox,11,4,0,0,2.71,785.14,0.29,35.86,0.14,0.0,41.86,0.4,0.29,0.59,0.85,0.39,0.44,0.14,0.0,Featherweight,Male,0.0,1.0,0.0,0.0,Hybrid,15,0.7333333333333333
c32aeb1a59e6272d,Michael Morales,No Nickname,6.0,170.0,Orthodox,18,0,0,0,1.86,488.57,0.43,35.29,0.14,0.0,52.71,0.43,0.36,0.5,0.79,0.4,0.27,0.4,0.0,Welterweight,Male,1.0,0.67,0.0,0.33,Hybrid,18,1.0
539ed332b3078821,Sarah Moras,Cheesecake,5.7,135.0,Orthodox,6,8,0,0,2.67,751.0,0.22,33.22,0.67,0.44,143.11,0.47,0.42,0.5,0.8,0.42,0.49,0.48,0.44,Women's Bantamweight,Female,4.0,0.0,0.2,0.8,Striker,14,0.42857142857142855
80779d7441af1b52,Christian Morecraft,No Nickname,6.6,260.0,Orthodox,8,3,0,0,1.75,414.5,0.75,21.0,1.0,0.5,124.0,0.42,0.38,0.62,0.2,0.33,0.29,0.68,0.5,Heavyweight,Male,0.0,1.0,0.0,0.0,Hybrid,11,0.7272727272727273
df85d6ec3493d120,Joe Moreira,No Nickname,5.11,195.0,Southpaw,2,2,0,0,1.5,540.0,0.0,9.5,1.5,0.0,171.72,0.6,0.62,0.5,0.21,0.26,0.14,0.44,0.0,Lightweight,Male,1.0,0.0,0.0,1.0,Hybrid,4,0.5
9147679e1a4ad4a3,Richardson Moreira,Rick Monstro,6.2,185.0,Orthodox,7,4,0,0,2.0,460.0,0.0,12.0,0.0,0.0,30.5,0.52,0.35,0.75,0.5,0.14,0.62,0.0,0.0,Middleweight,Male,1.0,0.0,0.0,1.0,Hybrid,11,0.6363636363636364
acb36c908d415c4a,Vinicius Moreira,Mamute,6.4,205.0,Orthodox,9,5,0,0,1.25,213.0,0.25,13.75,0.25,0.25,62.25,0.6,0.26,0.68,0.64,0.52,0.65,0.15,0.25,Light Heavyweight,Male,0.0,0.0,1.0,0.0,Hybrid,14,0.6428571428571429
792be9a24df82ed6,Brandon Moreno,The Assassin Baby,5.7,125.0,Orthodox,23,8,2,0,3.42,997.47,0.32,63.11,1.84,0.26,176.58,0.44,0.36,0.73,0.72,0.39,0.41,0.6,0.26,Flyweight,Male,8.0,0.27,0.0,0.73,Striker,33,0.696969696969697
cdb96af67d096b1e,Alex Morono,The Great White,5.11,170.0,Orthodox,24,12,0,0,2.48,703.78,0.17,58.61,0.65,0.09,63.22,0.42,0.33,0.65,0.68,0.4,0.46,0.41,0.09,Welterweight,Male,5.0,0.38,0.0,0.62,Hybrid,36,0.6666666666666666
b4192a975027aab6,Maryna Moroz,Iron Lady,5.7,125.0,Orthodox,11,6,0,0,2.58,749.67,0.08,55.17,0.5,0.42,142.75,0.42,0.34,0.66,0.54,0.36,0.56,0.5,0.42,Women's Flyweight,Female,4.0,0.0,0.2,0.8,Striker,17,0.6470588235294118
2f6a993c7f547c13,Sergey Morozov,No Nickname,5.6,135.0,Orthodox,19,5,0,0,2.6,744.6,0.2,33.0,1.6,0.0,118.0,0.34,0.23,0.59,0.86,0.32,0.68,0.29,0.0,Bantamweight,Male,1.0,0.0,0.0,1.0,Hybrid,24,0.7916666666666666
be9d259be012e8a4,Scott Morris,No Nickname,5.1,210.0,Orthodox,2,1,0,0,1.0,25.0,0.0,0.5,0.5,0.5,22.8,1.0,0.5,0.0,0.0,0.0,0.5,0.0,0.5,Open Weight,Male,0.0,0.0,1.0,0.0,Hybrid,3,0.6666666666666666
37f560436d745c18,Nikolas Motta,Iron,5.9,155.0,Orthodox,15,6,0,0,1.86,438.29,0.43,29.86,0.0,0.0,4.29,0.4,0.34,0.75,0.8,0.37,0.13,0.22,0.0,Lightweight,Male,0.0,1.0,0.0,0.0,Hybrid,21,0.7142857142857143
de594b35c45c2e9a,Eduarda Moura,Ronda,5.6,125.0,Orthodox,12,1,0,0,2.75,783.5,0.0,47.75,1.25,0.75,140.0,0.5,0.42,0.59,0.41,0.4,0.64,0.5,0.75,Women's Flyweight,Female,1.0,0.5,0.0,0.5,Wrestler,13,0.9230769230769231
232c582f29f8f65e,Gegard Mousasi,No Nickname,6.2,185.0,Orthodox,42,6,2,0,2.25,600.58,0.17,30.5,0.92,0.17,116.5,0.48,0.4,0.61,0.85,0.45,0.29,0.41,0.17,Middleweight,Male,3.0,0.5,0.0,0.5,Striker,50,0.84
9c27f3217891f3f0,Kris Moutinho,No Nickname,5.7,135.0,Southpaw,14,7,0,0,1.67,385.67,0.0,34.67,0.0,0.0,3.33,0.39,0.31,0.51,0.9,0.37,0.67,0.0,0.0,Bantamweight,Male,0.0,1.0,0.0,0.0,Hybrid,21,0.6666666666666666
882d62561063a927,Jamie Moyle,No Nickname,5.1,115.0,Orthodox,4,3,0,0,3.0,900.0,0.0,60.0,0.33,0.33,246.67,0.38,0.28,0.74,0.95,0.33,0.66,0.74,0.33,Women's Strawweight,Female,1.0,0.0,0.0,1.0,Striker,7,0.5714285714285714
f923e012414c883e,Lauren Mueller,Princess Tiger,5.5,125.0,Orthodox,5,3,0,0,2.5,735.0,0.0,46.5,1.0,0.0,126.5,0.41,0.3,0.62,0.81,0.37,0.89,0.33,0.0,Women's Flyweight,Female,1.0,0.0,0.0,1.0,Hybrid,8,0.625
b1b0729d27936f2f,Belal Muhammad,Remember the Name,5.11,170.0,Orthodox,24,4,0,0,3.19,921.81,0.1,67.43,0.67,0.14,81.95,0.45,0.37,0.62,0.68,0.44,0.62,0.29,0.14,Welterweight,Male,7.0,0.11,0.11,0.78,Striker,28,0.8571428571428571
8d5350fa18b79e9a,James Mulheron,No Nickname,5.1,243.0,Orthodox,11,2,0,0,3.0,900.0,0.0,52.0,3.0,0.0,205.0,0.57,0.55,0.64,0.71,0.52,0.67,0.91,0.0,Heavyweight,Male,1.0,0.0,0.0,1.0,Striker,13,0.8461538461538461
af9f42e6894047fc,Jamie Mullarkey,No Nickname,6.0,155.0,Orthodox,18,8,0,0,2.25,594.0,0.25,38.25,0.92,0.08,86.25,0.45,0.36,0.64,0.9,0.42,0.35,0.43,0.08,Lightweight,Male,4.0,0.33,0.0,0.67,Hybrid,26,0.6923076923076923
bd532e9a2b93870c,Melissa Mullins,No Mess,5.7,135.0,Orthodox,7,2,0,0,2.5,666.5,0.5,46.5,1.5,0.0,105.25,0.55,0.48,0.73,0.92,0.49,0.56,0.53,0.0,Women's Bantamweight,Female,0.0,1.0,0.0,0.0,Striker,9,0.7777777777777778
6bd02119599741a4,Pedro Munhoz,The Young Punisher,5.6,135.0,Orthodox,20,10,0,0,2.45,687.82,0.23,65.82,0.41,0.32,34.68,0.45,0.3,0.47,0.74,0.44,0.51,0.35,0.32,Bantamweight,Male,8.0,0.17,0.17,0.67,Hybrid,30,0.6666666666666666
886264a0c9f4ea5e,Andre Muniz,Sergipano,6.1,185.0,Southpaw,24,8,0,0,1.9,533.1,0.0,18.2,0.8,0.6,106.8,0.47,0.37,0.7,0.76,0.43,0.3,0.39,0.6,Middleweight,Male,0.0,0.0,1.0,0.0,Wrestler,32,0.75
179f1948dc234f1f,Mark Munoz,The Filipino Wrecking Machine,6.0,185.0,Orthodox,14,6,0,0,2.0,522.07,0.2,24.4,2.07,1.0,190.0,0.44,0.32,0.72,0.6,0.3,0.48,0.56,1.0,Middleweight,Male,5.0,0.22,0.22,0.56,Wrestler,20,0.7
f8f1ec513bcfef43,Alexander Munoz,No Nickname,5.9,155.0,Switch,7,2,0,0,3.0,900.0,0.33,53.67,2.67,0.0,143.0,0.37,0.32,0.56,0.87,0.34,0.72,0.24,0.0,Lightweight,Male,1.0,0.0,0.0,1.0,Striker,9,0.7777777777777778
f6bcbd91b114ff58,Johnny Munoz,Kid Kvenbo,5.9,135.0,Orthodox,12,4,0,0,2.5,687.17,0.17,20.17,1.33,1.17,109.17,0.32,0.24,0.72,0.46,0.27,0.37,0.38,1.17,Bantamweight,Male,1.0,0.33,0.33,0.33,Wrestler,16,0.75
ea7e5bc78d9de658,Makhmud Muradov,No Nickname,6.2,185.0,Orthodox,26,8,0,0,2.57,678.29,0.43,40.14,2.57,0.57,109.71,0.55,0.37,0.56,0.47,0.53,0.16,0.2,0.57,Middleweight,Male,2.0,0.25,0.25,0.5,Striker,34,0.7647058823529411
e0b0cf71e0d69dd0,Kanako Murata,No Nickname,5.1,115.0,Orthodox,12,3,0,0,2.67,800.0,0.0,33.0,1.67,0.33,218.67,0.48,0.42,0.73,0.43,0.42,0.74,0.52,0.33,Women's Strawweight,Female,0.0,1.0,0.0,0.0,Striker,15,0.8
62918a2118de08b2,Tom Murphy,No Nickname,6.2,227.0,Southpaw,8,0,0,0,3.0,719.0,0.0,30.0,6.0,2.0,490.0,0.71,0.71,0.0,0.0,0.0,0.57,0.84,2.0,Heavyweight,Male,0.0,1.0,0.0,0.0,Wrestler,8,1.0
729d4bd5a6cd0a97,Lauren Murphy,Lucky,5.5,125.0,Orthodox,16,7,0,0,3.0,876.8,0.07,67.47,0.8,0.2,143.4,0.38,0.32,0.69,0.77,0.32,0.59,0.56,0.2,Women's Flyweight,Female,6.0,0.22,0.11,0.67,Striker,23,0.6956521739130435
396fe87b84ac2e1c,Lerone Murphy,The Miracle,5.9,145.0,Orthodox,17,0,1,0,2.9,827.3,0.2,42.2,1.7,0.5,139.3,0.45,0.36,0.69,0.65,0.39,0.67,0.65,0.5,Featherweight,Male,4.0,0.2,0.0,0.8,Striker,18,0.9444444444444444
231cae8b77fbbcc1,Khalid Murtazaliev,No Nickname,6.0,185.0,Orthodox,14,2,0,0,2.0,600.0,0.0,48.0,5.0,0.0,358.0,0.69,0.62,0.92,1.0,0.67,1.0,0.69,0.0,Middleweight,Male,0.0,1.0,0.0,0.0,Striker,16,0.875
e90a2f22417af68e,Azamat Murzakanov,The Professional,5.1,205.0,Southpaw,15,0,0,0,2.17,519.33,0.33,33.67,0.17,0.0,55.5,0.51,0.33,0.7,0.52,0.5,0.52,0.3,0.0,Light Heavyweight,Male,0.0,1.0,0.0,0.0,Hybrid,15,1.0
8b5f9ea38184ded3,Nicholas Musoke,Nico,6.0,170.0,Orthodox,13,5,0,0,2.67,777.33,0.33,48.33,0.83,0.0,149.5,0.44,0.4,0.68,0.71,0.4,0.72,0.37,0.0,Welterweight,Male,2.0,0.33,0.0,0.67,Striker,18,0.7222222222222222
31d7446b184e3305,Magomed Mustafaev,The Sniper,5.8,155.0,Orthodox,14,4,0,0,1.8,435.0,0.2,19.2,2.0,0.2,154.4,0.65,0.54,0.77,0.76,0.57,0.59,0.73,0.2,Lightweight,Male,0.0,1.0,0.0,0.0,Striker,18,0.7777777777777778
28c55b4087a6f136,Elvis Mutapcic,The King,6.0,185.0,Orthodox,15,6,1,0,2.67,769.0,0.33,50.0,0.0,0.33,20.33,0.45,0.37,0.75,0.75,0.39,0.72,0.53,0.33,Middleweight,Male,0.0,1.0,0.0,0.0,Striker,22,0.6818181818181818
8d11d9c13e2ccdf7,Muhammad Naimov,Hillman,5.9,145.0,Orthodox,13,3,0,0,2.57,645.57,0.14,29.0,1.29,0.29,135.29,0.43,0.32,0.69,0.78,0.4,0.67,0.22,0.29,Featherweight,Male,2.0,0.25,0.25,0.5,Hybrid,16,0.8125
65ddc8a9ac4e8531,Keita Nakamura,K-Taro,5.11,170.0,Southpaw,34,10,2,0,2.91,857.82,0.27,31.82,1.45,0.45,94.64,0.37,0.32,0.66,0.55,0.34,0.58,0.45,0.45,Welterweight,Male,3.0,0.0,0.25,0.75,Wrestler,46,0.7391304347826086
d8c811df0386d5e8,Rinya Nakamura,Hybred,5.7,135.0,Southpaw,10,1,0,0,2.2,559.0,0.4,25.4,1.4,0.6,301.6,0.52,0.44,0.68,0.68,0.54,0.31,0.5,0.6,Bantamweight,Male,3.0,0.25,0.0,0.75,Striker,11,0.9090909090909091
95eb112a85601a0a,Jutaro Nakao,No Nickname,5.9,170.0,Southpaw,25,19,4,0,2.5,607.5,0.5,6.0,0.0,0.0,126.5,0.6,0.54,0.16,1.0,0.57,0.16,0.5,0.0,Welterweight,Male,0.0,1.0,0.0,0.0,Hybrid,48,0.5208333333333334
a00ec21cfbba17b6,Yui Chul Nam,The Korean Bulldozer,5.9,145.0,Orthodox,18,8,1,0,3.0,900.0,0.0,35.67,1.67,0.33,363.33,0.51,0.45,0.83,0.95,0.28,0.67,0.75,0.33,Lightweight,Male,1.0,0.0,0.0,1.0,Striker,27,0.6666666666666666
6e00cfffd54653c4,Tyson Nam,No Nickname,5.7,125.0,Orthodox,21,14,1,0,2.25,566.0,0.38,33.75,0.25,0.12,24.62,0.39,0.33,0.55,0.84,0.36,0.2,0.25,0.12,Flyweight,Male,1.0,0.5,0.25,0.25,Hybrid,36,0.5833333333333334
47b63240018d5d86,Rose Namajunas,Thug,5.5,125.0,Orthodox,15,7,0,0,3.33,939.11,0.17,54.67,1.83,0.33,171.11,0.4,0.31,0.58,0.72,0.36,0.55,0.34,0.33,Women's Flyweight,Female,7.0,0.09,0.27,0.64,Striker,22,0.6818181818181818
776a58a67665a171,Nad Narimani,Smiler,5.8,145.0,Orthodox,12,4,0,0,2.75,820.5,0.0,42.25,0.25,0.0,81.25,0.41,0.36,0.56,0.8,0.37,0.76,0.61,0.0,Featherweight,Male,1.0,0.0,0.0,1.0,Striker,16,0.75
253076a23d03dcd0,Allan Nascimento,Puro Osso,5.8,125.0,Orthodox,21,6,0,0,2.4,677.8,0.0,21.0,1.2,1.2,158.0,0.48,0.35,0.66,0.51,0.4,0.65,0.5,1.2,Catch Weight,Male,0.0,0.0,1.0,0.0,Wrestler,27,0.7777777777777778
d31a5546c0e9b213,Rodrigo Nascimento,Ze Colmeia,6.2,246.0,Orthodox,11,3,0,0,2.5,638.5,0.0,40.12,0.62,0.12,127.12,0.51,0.38,0.76,0.94,0.47,0.68,0.45,0.12,Heavyweight,Male,1.0,0.0,0.5,0.5,Striker,14,0.7857142857142857
7dfb56f24fe5ddea,Bobby Nash,No Nickname,6.0,170.0,Orthodox,8,4,0,0,1.67,379.67,0.33,21.0,0.67,0.0,64.0,0.4,0.23,0.81,0.59,0.38,0.4,0.33,0.0,Welterweight,Male,0.0,1.0,0.0,0.0,Hybrid,12,0.6666666666666666
0dba4df5f34d5ff0,Rafael Natal,Sapo,6.0,185.0,Orthodox,21,9,1,0,2.59,746.94,0.35,36.59,2.06,0.41,182.65,0.49,0.4,0.59,0.82,0.42,0.56,0.48,0.41,Middleweight,Male,6.0,0.36,0.09,0.55,Striker,31,0.6774193548387096
6a96ad1bc34fb113,Ismail Naurdiev,No Nickname,5.1,185.0,Orthodox,24,8,0,0,2.71,783.71,0.14,26.0,1.43,0.14,258.0,0.37,0.3,0.65,0.55,0.36,0.51,0.39,0.14,Middleweight,Male,3.0,0.25,0.0,0.75,Hybrid,32,0.75
6aae253467e8f9ce,Tafon Nchukwi,Da Don,6.0,185.0,Orthodox,6,4,0,0,2.67,719.83,0.33,51.83,0.33,0.0,41.0,0.51,0.27,0.6,0.66,0.48,0.64,0.11,0.0,Light Heavyweight,Male,1.0,0.5,0.0,0.5,Hybrid,10,0.6
b997be68943010fc,Geoff Neal,Handz of Steel,5.11,170.0,Southpaw,16,7,0,0,2.38,628.23,0.38,55.69,0.31,0.15,79.77,0.52,0.47,0.7,0.73,0.5,0.4,0.29,0.15,Welterweight,Male,2.0,0.56,0.22,0.22,Striker,23,0.6956521739130435
d1a1314976c50bef,Josh Neer,The Dentist,5.11,170.0,Orthodox,36,16,1,0,2.2,599.87,0.07,33.2,0.6,0.87,125.93,0.48,0.38,0.64,0.73,0.35,0.51,0.33,0.87,Welterweight,Male,2.0,0.17,0.5,0.33,Wrestler,53,0.6792452830188679
8c57c7b8c3bab0eb,Nicolae Negumereanu,No Nickname,6.0,205.0,Orthodox,13,2,0,0,2.17,585.83,0.0,50.0,1.0,0.0,185.83,0.51,0.45,0.58,0.67,0.46,0.7,0.32,0.0,Light Heavyweight,Male,2.0,0.5,0.0,0.5,Striker,15,0.8666666666666667
13e62d766b709aa6,Steve Nelmark,The Sandman,6.0,240.0,Orthodox,2,1,0,0,1.0,254.0,0.0,7.5,1.0,0.5,133.23399999999998,0.9,0.9,1.0,0.0,0.75,1.0,0.42,0.5,Open Weight,Male,0.0,1.0,0.0,0.0,Striker,3,0.6666666666666666
2db7fa8db6bc9632,Shane Nelson,Sugar,5.9,155.0,Southpaw,16,7,0,0,2.5,686.0,0.25,15.75,1.0,1.25,140.5,0.33,0.28,0.61,0.4,0.24,0.3,0.5,1.25,Lightweight,Male,1.0,0.5,0.0,0.5,Wrestler,23,0.6956521739130435
3f7c14c7eca7195d,Roy Nelson,Big Country,6.0,263.0,Orthodox,22,14,0,0,2.37,639.63,0.37,38.95,0.47,0.0,81.47,0.46,0.41,0.58,0.6,0.43,0.38,0.42,0.0,Heavyweight,Male,6.0,0.5,0.0,0.5,Hybrid,36,0.6111111111111112
fd55393021a8c255,Gunnar Nelson,Gunni,5.11,170.0,Switch,19,6,1,0,2.25,620.19,0.25,29.38,0.94,0.44,144.88,0.59,0.51,0.63,0.51,0.49,0.59,0.63,0.44,Welterweight,Male,5.0,0.09,0.45,0.45,Striker,26,0.7307692307692307
31f8081c7600da93,Kyle Nelson,The Monster,5.11,155.0,Switch,17,6,1,0,2.36,623.73,0.09,40.27,0.64,0.09,114.55,0.48,0.28,0.68,0.82,0.45,0.64,0.21,0.09,Lightweight,Male,2.0,0.0,0.33,0.67,Hybrid,24,0.7083333333333334
fae67903c4fe636b,Antonio Braga Neto,No Nickname,6.3,185.0,Orthodox,9,3,0,0,2.33,586.33,0.33,30.67,1.33,0.33,175.33,0.5,0.49,0.62,0.67,0.39,1.0,0.3,0.33,Middleweight,Male,0.0,1.0,0.0,0.0,Striker,12,0.75
78f485f851891d68,Journey Newson,No Nickname,5.5,135.0,Orthodox,10,5,0,0,2.17,533.67,0.5,26.0,0.33,0.33,15.0,0.44,0.35,0.42,0.46,0.34,0.54,0.58,0.33,Bantamweight,Male,1.0,0.33,0.33,0.33,Hybrid,15,0.6666666666666666
952f6fa06f25a0ec,Carlos Newton,The Ronin,5.9,170.0,Orthodox,16,14,0,0,2.29,544.43,0.29,6.29,1.43,1.14,140.8,0.49,0.31,0.54,0.27,0.18,0.33,0.31,1.14,Welterweight,Male,0.0,0.0,1.0,0.0,Wrestler,30,0.5333333333333333
8d03ce87ca14e778,Francis Ngannou,The Predator,6.4,250.0,Orthodox,17,3,0,0,1.93,420.86,0.21,13.71,0.29,0.14,43.79,0.46,0.31,0.49,0.49,0.44,0.35,0.24,0.14,Heavyweight,Male,2.0,0.67,0.11,0.22,Hybrid,20,0.85
840d2c82ea68b9aa,Ben Nguyen,Ten,5.5,125.0,Switch,16,8,0,0,2.0,512.43,0.14,28.0,0.14,0.43,61.0,0.39,0.28,0.62,0.66,0.32,0.71,0.44,0.43,Flyweight,Male,1.0,0.0,0.5,0.5,Hybrid,24,0.6666666666666666
35673bf5204524ee,Bo Nickal,No Nickname,6.1,185.0,Southpaw,7,1,0,0,2.0,464.5,0.33,25.83,1.17,0.83,138.17,0.53,0.41,0.63,0.41,0.46,0.3,0.38,0.83,Middleweight,Male,1.0,0.4,0.4,0.2,Striker,8,0.875
330ec26453c44a59,Mike Nickels,No Nickname,6.4,205.0,Orthodox,9,5,0,0,1.0,162.0,0.0,12.0,2.0,0.5,97.5,0.4,0.32,0.36,0.5,0.25,0.28,0.34,0.5,Light Heavyweight,Male,0.0,0.0,1.0,0.0,Hybrid,14,0.6428571428571429
1a31ef98efce7a79,Matheus Nicolau,No Nickname,5.6,125.0,Orthodox,19,6,1,0,2.45,673.18,0.55,33.18,0.27,0.0,54.64,0.4,0.29,0.58,0.88,0.39,0.3,0.41,0.0,Flyweight,Male,2.0,0.5,0.0,0.5,Hybrid,26,0.7307692307692307
2bd98ab77a8daa75,Stewart Nicoll,Kakamora,5.5,125.0,Orthodox,8,2,0,0,2.0,529.5,0.0,24.0,1.0,0.5,53.0,0.46,0.45,0.34,0.5,0.46,0.0,0.0,0.5,Flyweight,Male,0.0,0.0,1.0,0.0,Hybrid,10,0.8
5fceb45939fc0c8a,Tom Niinimaki,Stoneface,5.9,145.0,Orthodox,22,8,1,0,1.75,455.0,0.0,17.25,0.75,2.0,84.25,0.38,0.34,0.22,0.75,0.34,0.52,0.5,2.0,Featherweight,Male,0.0,0.0,1.0,0.0,Wrestler,31,0.7096774193548387
22aa91e402d0fe1f,Ramsey Nijem,No Nickname,5.11,155.0,Orthodox,9,6,0,0,2.0,507.6,0.6,26.4,2.4,1.1,215.6,0.46,0.4,0.45,0.59,0.32,0.33,0.65,1.1,Lightweight,Male,4.0,0.5,0.1,0.4,Wrestler,15,0.6
2c1170b825f58e57,Guangyou Ning,Smasher,5.4,145.0,Southpaw,5,4,1,0,2.75,824.75,0.0,38.25,1.25,0.25,121.75,0.4,0.3,0.61,0.72,0.36,0.44,0.49,0.25,Bantamweight,Male,2.0,0.33,0.0,0.67,Hybrid,10,0.5
6bf5a7d3e081ade2,Anthony Njokuani,The Assassin,6.1,155.0,Orthodox,16,12,0,0,2.88,846.5,0.12,51.88,2.12,0.0,136.38,0.44,0.3,0.62,0.81,0.37,0.66,0.2,0.0,Lightweight,Male,3.0,0.25,0.0,0.75,Striker,28,0.5714285714285714
c68c68efaa5ca6ef,Chidi Njokuani,Bang Bang,6.3,170.0,Orthodox,25,11,0,0,1.89,461.67,0.44,42.44,0.44,0.11,120.56,0.63,0.49,0.73,0.87,0.58,0.59,0.42,0.11,Welterweight,Male,3.0,0.62,0.0,0.38,Striker,36,0.6944444444444444
ee9d73f4fee9cbdd,Antonio Rodrigo Nogueira,Minotauro,6.3,240.0,Orthodox,34,10,1,0,2.0,508.91,0.55,26.27,0.82,1.0,133.27,0.46,0.42,0.59,0.55,0.42,0.48,0.58,1.0,Heavyweight,Male,2.0,0.29,0.43,0.29,Wrestler,45,0.7555555555555555
73e09f837f3b5ecc,Rogerio Nogueira,Minotouro,6.2,205.0,Southpaw,23,10,0,0,2.15,566.54,0.23,23.23,0.77,0.38,57.0,0.35,0.32,0.47,0.49,0.31,0.38,0.34,0.38,Light Heavyweight,Male,1.0,0.75,0.0,0.25,Hybrid,33,0.696969696969697
7339d340aa2889cb,Kyle Noke,No Nickname,6.1,170.0,Southpaw,22,10,1,0,2.08,541.67,0.25,25.33,0.67,0.33,113.25,0.48,0.38,0.62,0.63,0.42,0.32,0.6,0.33,Welterweight,Male,4.0,0.25,0.25,0.5,Hybrid,33,0.6666666666666666
6c3b2525436cf5d4,Tom Nolan,Big Train,6.3,155.0,Southpaw,10,1,0,0,1.8,468.2,0.2,41.8,0.4,1.0,45.0,0.51,0.39,0.67,0.83,0.51,0.65,0.3,1.0,Lightweight,Male,2.0,0.0,0.33,0.67,Striker,11,0.9090909090909091
b7ffa72aa148599a,KJ Noons,King,5.1,155.0,Orthodox,13,9,0,0,2.17,537.67,0.0,25.17,0.67,0.17,18.0,0.39,0.28,0.28,0.67,0.38,0.48,0.0,0.17,Lightweight,Male,0.0,0.0,1.0,0.0,Hybrid,22,0.5909090909090909
ed9d8ee3a4239b1c,Sage Northcutt,Super,6.0,170.0,Orthodox,11,2,0,0,2.25,559.62,0.25,31.38,1.25,0.88,129.88,0.56,0.49,0.51,0.52,0.44,0.6,0.61,0.88,Welterweight,Male,3.0,0.14,0.43,0.43,Striker,13,0.8461538461538461
64360e618823a8e4,Phillipe Nover,The Filipino Assassin,5.9,145.0,Orthodox,11,8,1,0,2.71,780.43,0.0,23.29,0.86,0.57,79.86,0.36,0.26,0.66,0.71,0.29,0.76,0.27,0.57,Featherweight,Male,1.0,0.0,0.0,1.0,Hybrid,20,0.55
0a73acff6325c1e2,Shayilan Nuerdanbieke,Wolverine,5.8,145.0,Orthodox,39,12,0,0,2.5,635.5,0.33,18.17,2.17,0.17,277.33,0.56,0.36,0.86,0.65,0.51,0.58,0.47,0.17,Featherweight,Male,2.0,0.33,0.0,0.67,Wrestler,51,0.7647058823529411
3a24769a4855040a,Diego Nunes,The Gun,5.6,145.0,Orthodox,19,7,0,0,3.0,900.0,0.17,43.33,3.0,0.33,231.17,0.44,0.31,0.7,0.75,0.28,0.75,0.7,0.33,Featherweight,Male,1.0,0.0,0.0,1.0,Striker,26,0.7307692307692307
80fa8218c99f9c58,Amanda Nunes,The Lioness,5.8,135.0,Orthodox,23,5,0,0,2.61,681.33,0.11,48.0,1.78,0.5,179.67,0.47,0.43,0.55,0.55,0.42,0.33,0.41,0.5,Women's Bantamweight,Female,5.0,0.46,0.15,0.38,Striker,28,0.8214285714285714
d343df8ba11f4c4e,Nina Nunes,No Nickname,5.5,125.0,Orthodox,11,7,0,0,2.78,823.0,0.0,47.0,0.89,0.33,133.56,0.43,0.36,0.59,0.64,0.41,0.55,0.52,0.33,Women's Flyweight,Female,0.0,0.0,1.0,0.0,Striker,18,0.6111111111111112
efc67b07eed39794,Istela Nunes,No Nickname,5.4,115.0,Orthodox,6,6,0,0,2.4,631.4,0.2,37.2,1.4,0.2,168.0,0.45,0.35,0.66,0.52,0.43,0.59,0.14,0.2,Women's Strawweight,Female,1.0,0.0,0.5,0.5,Hybrid,12,0.5
68d35296f566792b,Josiane Nunes,Josi,5.2,135.0,Southpaw,10,4,0,0,2.33,676.67,0.5,63.67,0.33,0.0,99.5,0.43,0.36,0.73,0.93,0.42,0.34,0.28,0.0,Women's Featherweight,Female,3.0,0.25,0.0,0.75,Striker,14,0.7142857142857143
709fadb644ee3f51,Diyar Nurgozhay,No Nickname,6.2,205.0,Southpaw,10,2,0,0,1.5,276.5,0.5,17.5,0.5,0.5,16.0,0.55,0.35,0.55,0.88,0.56,0.0,0.0,0.5,Light Heavyweight,Male,0.0,0.0,1.0,0.0,Hybrid,12,0.8333333333333334
032cc3922d871c7f,Khabib Nurmagomedov,The Eagle,5.1,155.0,Orthodox,29,0,0,0,2.92,793.46,0.0,49.23,3.69,0.62,316.08,0.44,0.38,0.66,0.82,0.33,0.56,0.54,0.62,Lightweight,Male,3.0,0.12,0.5,0.38,Wrestler,29,1.0
0fd5f4b838e890cc,Said Nurmagomedov,No Nickname,5.8,135.0,Orthodox,18,5,0,0,2.18,568.09,0.09,22.64,0.36,0.64,118.45,0.44,0.34,0.55,0.6,0.39,0.49,0.44,0.64,Bantamweight,Male,2.0,0.2,0.4,0.4,Hybrid,23,0.782608695652174
029e1293e609fd74,Abubakar Nurmagomedov,No Nickname,5.11,170.0,Orthodox,17,4,1,0,2.5,717.5,0.0,31.75,0.25,0.5,122.5,0.36,0.25,0.56,0.95,0.34,0.58,0.33,0.5,Welterweight,Male,2.0,0.0,0.33,0.67,Hybrid,22,0.7727272727272727
2b6fc1c02736833d,Umar Nurmagomedov,No Nickname,5.8,135.0,Orthodox,18,1,0,0,2.88,836.75,0.12,42.38,2.88,0.12,203.25,0.45,0.39,0.55,0.72,0.42,0.33,0.45,0.12,Bantamweight,Male,2.0,0.25,0.25,0.5,Striker,19,0.9473684210526315
8667caa0451d245b,Kennedy Nzechukwu,African Savage,6.5,236.0,Southpaw,14,6,0,0,2.07,507.57,0.29,43.5,0.79,0.36,86.57,0.46,0.41,0.6,0.34,0.4,0.37,0.45,0.36,Heavyweight,Male,0.0,0.7,0.3,0.0,Hybrid,20,0.7
20bcc9966affb19c,Jake O'Brien,Irish,6.3,205.0,Orthodox,15,4,0,0,2.29,599.14,0.14,13.14,4.29,0.14,300.29,0.43,0.42,0.43,0.0,0.23,0.15,0.42,0.14,Light Heavyweight,Male,3.0,0.25,0.0,0.75,Wrestler,19,0.7894736842105263
b50a426a33da0012,Sean O'Malley,Suga,5.11,135.0,Switch,18,3,0,0,2.57,708.93,0.21,72.43,1.07,0.21,77.93,0.56,0.47,0.67,0.83,0.54,0.48,0.45,0.21,Bantamweight,Male,4.0,0.5,0.0,0.5,Striker,21,0.8571428571428571
56bc9ccb609df534,Chuck O'Neil,Cold Steel,6.2,170.0,Orthodox,17,9,0,0,3.0,900.0,0.0,66.0,0.0,0.0,34.0,0.27,0.16,0.54,0.69,0.25,0.9,0.0,0.0,Welterweight,Male,1.0,0.0,0.0,1.0,Hybrid,26,0.6538461538461539
04835018f90b118c,Casey O'Neill,King,5.6,125.0,Orthodox,10,2,0,0,2.57,708.57,0.0,75.86,0.57,0.57,98.86,0.5,0.43,0.86,0.79,0.45,0.79,0.57,0.57,Women's Flyweight,Female,1.0,0.0,0.67,0.33,Striker,12,0.8333333333333334
494b0bfdbac74502,Brendan O'Reilly,Badger,5.7,170.0,Orthodox,6,3,0,0,2.5,708.75,0.25,32.75,0.25,0.5,187.75,0.58,0.51,0.79,0.83,0.48,0.74,0.46,0.5,Welterweight,Male,0.0,1.0,0.0,0.0,Striker,9,0.6666666666666666
0845c81e37d3bcb3,Volkan Oezdemir,No Time,6.2,205.0,Orthodox,20,8,0,0,2.19,564.81,0.38,42.38,0.56,0.25,53.5,0.46,0.36,0.56,0.84,0.4,0.48,0.26,0.25,Light Heavyweight,Male,4.0,0.4,0.2,0.4,Hybrid,28,0.7142857142857143
7facc9c45d792985,Kaan Ofli,Genghis,5.7,145.0,Orthodox,13,4,1,0,2.0,490.67,0.33,21.0,0.0,1.0,72.33,0.39,0.33,0.5,0.56,0.34,0.42,0.33,1.0,Featherweight,Male,0.0,1.0,0.0,0.0,Hybrid,18,0.7222222222222222
cfc3e7bb44685289,Trey Ogden,Shamurai,5.11,155.0,Orthodox,18,7,0,0,3.0,884.43,0.0,48.86,0.86,0.43,77.86,0.49,0.36,0.69,0.84,0.48,0.54,0.66,0.43,Lightweight,Male,1.0,0.0,0.0,1.0,Striker,25,0.72
b6c4451cb13c9303,Andy Ogle,The Little Axe,5.8,145.0,Orthodox,9,6,0,0,2.67,728.0,0.33,28.67,0.67,0.17,246.5,0.54,0.48,0.84,0.67,0.51,0.6,0.7,0.17,Featherweight,Male,4.0,0.2,0.0,0.8,Striker,15,0.6
acff437707625fc7,Yushin Okami,Thunder,6.2,170.0,Southpaw,34,12,0,0,2.62,720.48,0.29,28.62,1.33,0.57,210.48,0.43,0.36,0.72,0.76,0.32,0.67,0.53,0.57,Welterweight,Male,7.0,0.5,0.0,0.5,Wrestler,46,0.7391304347826086
4bdedbdeedff7d1d,Bolaji Oki,The Zulu Warrior,5.1,155.0,Orthodox,10,3,0,0,2.25,628.0,0.25,65.75,0.75,0.5,82.5,0.41,0.39,0.76,0.6,0.38,0.31,0.25,0.5,Lightweight,Male,2.0,0.25,0.25,0.5,Hybrid,13,0.7692307692307693
98c23cb6da5b3352,Aleksei Oleinik,The Boa Constrictor,6.2,240.0,Orthodox,60,17,1,0,1.71,408.24,0.18,25.76,0.65,0.53,109.24,0.48,0.38,0.77,0.61,0.4,0.39,0.35,0.53,Heavyweight,Male,3.0,0.27,0.45,0.27,Wrestler,78,0.7692307692307693
0d65c432720accb9,Michal Oleksiejczuk,Hussar,6.0,185.0,Southpaw,21,9,0,0,1.59,362.82,0.0,24.94,0.59,0.06,23.24,0.37,0.28,0.61,0.31,0.37,0.34,0.11,0.06,Middleweight,Male,0.0,0.0,1.0,0.0,Hybrid,30,0.7
15b1b21cd743d652,Rafaello Oliveira,Tractor,5.8,155.0,Orthodox,17,8,0,0,2.38,632.5,0.12,25.38,1.75,1.12,232.75,0.42,0.34,0.44,0.52,0.34,0.26,0.32,1.12,Lightweight,Male,2.0,0.33,0.0,0.67,Wrestler,25,0.68
07225ba28ae309b6,Charles Oliveira,Do Bronxs,5.1,155.0,Orthodox,36,11,0,0,1.97,450.06,0.22,24.11,1.0,0.69,162.11,0.51,0.41,0.63,0.72,0.45,0.54,0.54,0.69,Lightweight,Male,2.0,0.31,0.56,0.12,Wrestler,47,0.7659574468085106
57b10fca4f9c9a7a,Alex Oliveira,Cowboy,5.11,170.0,Orthodox,22,12,1,0,2.23,573.77,0.27,26.68,1.32,0.36,188.82,0.56,0.47,0.65,0.73,0.47,0.56,0.62,0.36,Welterweight,Male,6.0,0.23,0.31,0.46,Striker,35,0.6285714285714286
37d752ec41ed84bb,Maria Oliveira,Spider-Girl,5.6,115.0,Orthodox,13,7,0,0,3.0,900.0,0.0,77.25,1.0,0.0,85.75,0.4,0.32,0.66,0.84,0.39,0.92,0.38,0.0,Women's Strawweight,Female,1.0,0.0,0.0,1.0,Striker,20,0.65
72ea1984c52019b5,Saimon Oliveira,No Nickname,5.4,135.0,Orthodox,18,7,0,0,2.0,537.75,0.25,29.0,0.25,1.0,45.0,0.52,0.46,0.68,0.67,0.46,0.6,0.45,1.0,Bantamweight,Male,0.0,1.0,0.0,0.0,Wrestler,25,0.72
18d01f7f8338ae72,Vinicius Oliveira,LokDog,5.9,135.0,Switch,23,3,0,0,3.0,895.25,0.25,49.0,1.25,0.0,48.75,0.42,0.34,0.66,0.85,0.42,0.31,0.2,0.0,Bantamweight,Male,0.0,1.0,0.0,0.0,Hybrid,26,0.8846153846153846
32c03df3c9760069,Wendell Oliveira Marques,The Machine,5.1,170.0,Orthodox,29,10,0,0,1.5,238.5,0.0,16.5,0.0,0.0,33.0,0.46,0.37,0.31,1.0,0.45,0.0,0.4,0.0,Welterweight,Male,0.0,1.0,0.0,0.0,Hybrid,39,0.7435897435897436
f2ad06f1007c481a,Alan Omer,No Nickname,5.1,145.0,Orthodox,20,5,0,0,3.0,800.5,0.5,29.5,1.5,0.5,258.5,0.34,0.3,0.47,0.4,0.26,0.36,0.86,0.5,Featherweight,Male,1.0,0.0,0.5,0.5,Wrestler,25,0.8
470fedbc8563ac47,Daniel Omielanczuk,No Nickname,6.0,247.0,Southpaw,19,8,1,0,2.67,715.33,0.11,43.0,0.89,0.22,279.11,0.56,0.43,0.71,0.89,0.42,0.75,0.65,0.22,Heavyweight,Male,4.0,0.2,0.0,0.8,Striker,28,0.6785714285714286
9f842be1a5337be6,Michihiro Omigawa,No Nickname,5.6,145.0,Orthodox,17,14,1,0,3.0,900.0,0.14,31.0,1.14,1.14,169.57,0.41,0.36,0.54,0.8,0.31,0.59,0.39,1.14,Featherweight,Male,1.0,0.0,0.0,1.0,Wrestler,32,0.53125
ffe9703408fb5964,David Onama,No Nickname,5.11,145.0,Orthodox,14,2,0,0,2.33,669.33,0.33,56.89,1.0,0.33,107.11,0.44,0.37,0.63,0.84,0.42,0.65,0.5,0.33,Featherweight,Male,1.0,0.33,0.33,0.33,Striker,16,0.875
def8166ff24bd237,Brian Ortega,T-City,5.8,145.0,Switch,16,5,0,0,3.0,828.57,0.29,67.5,1.43,0.43,97.14,0.45,0.36,0.78,0.82,0.43,0.67,0.43,0.43,Featherweight,Male,3.0,0.33,0.17,0.5,Striker,21,0.7619047619047619
2f732dd9210d301f,Tito Ortiz,The People's Champ,6.3,205.0,Orthodox,19,12,1,0,2.41,653.07,0.11,28.0,2.26,0.3,323.52,0.52,0.45,0.71,0.47,0.29,0.48,0.54,0.3,Light Heavyweight,Male,6.0,0.53,0.12,0.35,Wrestler,32,0.59375
f53c1f4ceeed8c08,Dustin Ortiz,No Nickname,5.5,125.0,Orthodox,19,8,0,0,2.64,747.64,0.21,34.57,2.86,0.64,222.14,0.46,0.36,0.7,0.59,0.32,0.64,0.71,0.64,Flyweight,Male,3.0,0.43,0.14,0.43,Wrestler,27,0.7037037037037037
6d68c1afe954f121,Ode Osbourne,The Jamaican Sensation,5.7,125.0,Southpaw,13,9,0,0,1.83,457.58,0.42,25.75,0.58,0.33,68.08,0.49,0.42,0.5,0.57,0.44,0.29,0.58,0.33,Flyweight,Male,1.0,0.67,0.17,0.17,Hybrid,22,0.5909090909090909
5b407acfe0ef9b76,Nick Osipczak,No Nickname,6.2,170.0,Orthodox,6,3,0,0,2.6,750.6,0.4,44.2,1.8,0.8,375.6,0.52,0.41,0.69,0.55,0.3,0.65,0.5,0.8,Welterweight,Male,2.0,0.25,0.25,0.5,Wrestler,9,0.6666666666666666
47cd337b86b1af92,Zak Ottow,The Barbarian,5.11,170.0,Orthodox,17,7,0,0,2.12,579.75,0.12,19.38,0.75,0.12,123.5,0.32,0.22,0.48,0.57,0.32,0.38,0.27,0.12,Welterweight,Male,1.0,0.0,0.0,1.0,Hybrid,24,0.7083333333333334
b4ad3a06ee4d660c,Alistair Overeem,The Demolition Man,6.4,265.0,Orthodox,47,19,0,0,2.2,554.45,0.65,32.8,0.65,0.1,100.95,0.57,0.51,0.77,0.6,0.45,0.69,0.58,0.1,Heavyweight,Male,0.0,1.0,0.0,0.0,Striker,66,0.7121212121212122
e18a19001a3f7c7d,Alptekin Ozkilic,The Turkish Delight,5.5,125.0,Orthodox,9,5,0,0,2.5,747.5,0.5,60.0,0.75,0.25,62.5,0.42,0.35,0.66,0.92,0.36,0.59,0.59,0.25,Flyweight,Male,1.0,0.5,0.0,0.5,Striker,14,0.6428571428571429
16b89be2f5c16fba,Larissa Pacheco,No Nickname,5.7,135.0,Orthodox,10,2,0,0,1.5,347.5,0.0,17.5,0.0,0.0,2.5,0.4,0.38,0.5,0.25,0.36,1.0,0.25,0.0,Women's Bantamweight,Female,0.0,1.0,0.0,0.0,Hybrid,12,0.8333333333333334
07797f10b9569cfc,Angel Pacheco,No Nickname,5.8,135.0,Orthodox,7,3,0,0,3.0,900.0,0.0,140.0,3.0,0.0,282.0,0.52,0.5,0.6,0.83,0.47,0.9,0.68,0.0,Bantamweight,Male,1.0,0.0,0.0,1.0,Striker,10,0.7
8f4eeaf7a0df7c1a,Teemu Packalen,Pacu,6.1,155.0,Orthodox,8,3,0,0,1.5,291.75,0.25,12.5,0.75,0.5,51.0,0.63,0.33,0.71,0.25,0.55,0.21,0.33,0.5,Lightweight,Male,0.0,0.0,1.0,0.0,Hybrid,11,0.7272727272727273
d2f43cfaf8ca3560,Fernando Padilla,El Valiente,6.1,145.0,Orthodox,16,6,0,0,1.5,366.0,0.25,38.25,0.0,0.25,14.0,0.48,0.38,0.84,0.99,0.47,0.22,0.15,0.25,Featherweight,Male,1.0,0.0,0.5,0.5,Hybrid,22,0.7272727272727273
06626b6287e1ae1e,Chris Padilla,Taco,5.9,155.0,Orthodox,16,6,0,0,2.0,574.25,0.0,42.5,0.0,0.0,53.5,0.48,0.37,0.66,0.78,0.46,0.59,0.19,0.0,Lightweight,Male,0.0,1.0,0.0,0.0,Hybrid,22,0.7272727272727273
c96e2ae6021144a1,Damacio Page,The Angel of Death,5.6,135.0,Orthodox,19,10,0,0,1.67,380.67,0.0,16.33,0.33,1.33,31.67,0.5,0.4,0.67,0.93,0.46,0.83,0.58,1.33,Bantamweight,Male,0.0,0.0,1.0,0.0,Wrestler,29,0.6551724137931034
55f80a8aeffcdb33,Dustin Pague,The Disciple,5.9,135.0,Orthodox,12,11,0,0,2.17,583.5,0.33,24.17,0.83,1.5,229.17,0.64,0.58,0.68,0.9,0.61,0.75,0.65,1.5,Bantamweight,Male,1.0,0.5,0.25,0.25,Wrestler,23,0.5217391304347826
82b4e942781b1046,Raulian Paiva,No Nickname,5.8,135.0,Orthodox,21,5,0,0,2.29,662.86,0.29,49.71,0.86,0.14,85.86,0.44,0.36,0.63,0.77,0.42,0.35,0.36,0.14,Bantamweight,Male,2.0,0.33,0.0,0.67,Hybrid,26,0.8076923076923077
320edfb0332b7073,Fredson Paixao,No Nickname,5.6,145.0,Orthodox,10,5,0,0,1.0,51.0,1.0,3.0,0.0,0.0,1.0,0.42,0.33,0.0,1.0,0.33,0.0,1.0,0.0,Featherweight,Male,0.0,1.0,0.0,0.0,Hybrid,15,0.6666666666666666
4304992c2acc187b,Bart Palaszewski,Bartimus,5.9,145.0,Orthodox,36,17,0,0,2.0,557.0,0.5,27.75,0.75,0.25,91.25,0.34,0.2,0.55,0.81,0.33,0.4,0.37,0.25,Featherweight,Male,1.0,0.0,0.0,1.0,Hybrid,53,0.6792452830188679
a6c20202c701e5ca,Sasha Palatnikov,No Nickname,6.1,170.0,Switch,6,4,0,0,2.0,415.33,0.33,37.67,1.0,0.33,80.33,0.51,0.44,0.52,0.53,0.44,0.49,0.25,0.33,Welterweight,Male,0.0,0.0,1.0,0.0,Hybrid,10,0.6
60029bcf496bd707,Soa Palelei,The Hulk,6.4,265.0,Orthodox,22,5,0,0,2.14,513.86,0.0,20.29,1.29,0.0,264.43,0.58,0.46,0.65,0.56,0.36,0.32,0.53,0.0,Heavyweight,Male,1.0,0.75,0.0,0.25,Striker,27,0.8148148148148148
8ddf9c51c5fdea75,Rousimar Palhares,Toquinho,5.8,170.0,Orthodox,19,8,0,0,1.67,382.0,0.08,12.92,1.17,1.08,151.83,0.35,0.22,0.46,0.36,0.26,0.17,0.26,1.08,Welterweight,Male,2.0,0.12,0.62,0.25,Wrestler,27,0.7037037037037037
a0f0004aadf10b71,Alexandre Pantoja,The Cannibal,5.5,125.0,Orthodox,30,5,0,1,2.67,715.94,0.17,50.78,2.22,0.78,226.72,0.51,0.44,0.73,0.66,0.5,0.55,0.48,0.78,Flyweight,Male,6.0,0.14,0.43,0.43,Wrestler,35,0.8571428571428571
edad57b3dddf2168,Jared Papazian,The Jackhammer,5.8,135.0,Southpaw,20,13,0,0,2.33,667.0,0.33,37.0,2.33,1.33,203.33,0.44,0.39,0.81,0.61,0.42,0.59,0.28,1.33,Flyweight,Male,1.0,0.0,0.0,1.0,Wrestler,33,0.6060606060606061
b5da8f7d05e85a55,Josh Parisian,No Nickname,6.4,265.0,Orthodox,15,8,0,0,2.29,608.43,0.0,47.71,1.71,0.29,172.14,0.55,0.48,0.87,0.7,0.49,0.65,0.29,0.29,Heavyweight,Male,3.0,0.2,0.2,0.6,Striker,23,0.6521739130434783
349aaa3da11eb587,Karo Parisyan,The Heat,5.1,170.0,Orthodox,24,11,0,0,2.46,695.92,0.08,29.46,4.08,0.77,268.92,0.43,0.39,0.73,0.51,0.31,0.5,0.59,0.77,Welterweight,Male,6.0,0.22,0.11,0.67,Wrestler,35,0.6857142857142857
285ae0b4a68221f4,JunYong Park,The Iron Turtle,5.1,185.0,Orthodox,19,6,0,0,2.54,737.38,0.0,50.69,2.77,0.31,230.38,0.51,0.46,0.75,0.7,0.53,0.42,0.56,0.31,Middleweight,Male,4.0,0.14,0.29,0.57,Striker,25,0.76
b671bdf981ad527d,HyunSung Park,Peace of Mind,5.7,125.0,Orthodox,10,2,0,0,2.2,515.4,0.6,23.6,0.4,0.2,86.8,0.38,0.26,0.61,0.64,0.36,0.41,0.27,0.2,Flyweight,Male,0.0,0.5,0.5,0.0,Hybrid,12,0.8333333333333334
14ff46596ad80609,Norman Parke,Stormin',5.11,155.0,Southpaw,23,6,1,0,2.89,857.89,0.0,46.56,2.0,0.0,231.89,0.36,0.31,0.63,0.55,0.3,0.65,0.29,0.0,Lightweight,Male,5.0,0.17,0.0,0.83,Striker,30,0.7666666666666667
0d5cc0170c1a7e71,Mick Parkin,No Nickname,6.4,265.0,Orthodox,10,1,0,0,2.6,760.6,0.2,57.0,0.8,0.0,121.6,0.48,0.39,0.51,0.98,0.48,0.67,0.36,0.0,Heavyweight,Male,2.0,0.33,0.0,0.67,Striker,11,0.9090909090909091
9fe7af8b3fbe00a0,Preston Parsons,Pressure,5.11,170.0,Orthodox,11,6,0,0,2.33,650.0,0.17,36.0,1.5,1.67,186.33,0.49,0.4,0.7,0.91,0.46,0.4,0.55,1.67,Welterweight,Male,1.0,0.5,0.0,0.5,Wrestler,17,0.6470588235294118
3eb4dc9a7d4ac906,Ramona Pascual,No Nickname,5.7,135.0,Southpaw,6,5,0,0,2.33,662.0,0.0,76.33,1.0,0.0,98.67,0.68,0.46,0.86,0.96,0.7,0.82,0.2,0.0,Women's Bantamweight,Female,1.0,0.0,0.0,1.0,Striker,11,0.5454545454545454
56116a79e4deed06,Claude Patrick,The Prince,5.11,170.0,Orthodox,14,2,0,0,2.75,777.0,0.0,11.5,0.75,0.25,234.0,0.52,0.45,0.6,0.7,0.44,0.63,0.5,0.25,Welterweight,Male,1.0,0.0,0.0,1.0,Striker,16,0.875
cd7763bcadb5d4c8,Alan Patrick,Nuguette,5.11,155.0,Southpaw,15,4,0,0,2.5,688.2,0.1,23.0,2.1,0.2,243.2,0.46,0.39,0.5,0.73,0.41,0.49,0.41,0.2,Lightweight,Male,3.0,0.25,0.0,0.75,Striker,19,0.7894736842105263
8b6e5dc2ba1edbe7,Sam Patterson,No Nickname,6.3,170.0,Orthodox,14,2,1,0,1.0,147.8,0.0,13.0,0.4,0.2,13.6,0.44,0.43,0.23,0.45,0.4,0.0,0.16,0.2,Welterweight,Male,0.0,0.67,0.33,0.0,Hybrid,17,0.8235294117647058
56f7d7ee06be4aab,Zac Pauga,The High Chief,6.2,205.0,Orthodox,7,3,0,0,2.25,588.5,0.25,31.75,0.0,0.0,24.25,0.46,0.38,0.59,0.58,0.44,0.6,0.25,0.0,Light Heavyweight,Male,1.0,0.5,0.0,0.5,Hybrid,10,0.7
f14cf73e51b29254,Sergei Pavlovich,No Nickname,6.3,257.0,Southpaw,20,3,0,0,1.55,342.45,0.27,25.09,0.18,0.0,36.55,0.48,0.39,0.52,0.64,0.47,0.16,0.18,0.0,Heavyweight,Male,3.0,0.5,0.0,0.5,Hybrid,23,0.8695652173913043
9310418684bc896f,Pawel Pawlak,No Nickname,6.0,170.0,Orthodox,12,3,0,0,3.0,900.0,0.0,25.0,1.0,0.0,69.33,0.35,0.24,0.6,0.93,0.26,0.43,0.25,0.0,Welterweight,Male,1.0,0.0,0.0,1.0,Hybrid,15,0.8
d0a5ef38a7778ac2,Estevan Payan,El Terrible,5.1,145.0,Orthodox,16,12,0,0,2.33,533.33,0.33,25.67,0.33,0.33,81.67,0.47,0.36,0.76,0.41,0.34,0.55,0.52,0.33,Featherweight,Male,0.0,1.0,0.0,0.0,Striker,28,0.5714285714285714
87c0b1c696ddfb43,Jonathan Pearce,JSP,6.0,145.0,Switch,14,7,0,0,2.11,578.0,0.0,25.11,2.78,0.78,204.22,0.45,0.38,0.63,0.72,0.4,0.55,0.27,0.78,Featherweight,Male,2.0,0.17,0.5,0.33,Wrestler,21,0.6666666666666666
4f732e58ed907eff,Ross Pearson,The Real Deal,5.8,155.0,Orthodox,20,16,0,0,2.54,698.65,0.31,47.88,0.81,0.04,92.08,0.41,0.31,0.69,0.75,0.37,0.6,0.27,0.04,Lightweight,Male,13.0,0.28,0.0,0.72,Hybrid,36,0.5555555555555556
49e96ff8ab781589,Tyson Pedro,No Nickname,6.3,205.0,Orthodox,10,5,0,0,1.73,430.91,0.55,20.64,0.0,0.27,32.82,0.58,0.49,0.75,0.7,0.55,0.56,0.38,0.27,Light Heavyweight,Male,1.0,0.67,0.17,0.17,Striker,15,0.6666666666666666
0bc697c5936a2d0a,Trevor Peek,No Nickname,5.9,145.0,Switch,9,3,0,0,2.6,779.8,0.0,43.4,4.4,0.4,265.0,0.49,0.41,0.78,0.95,0.44,0.7,0.42,0.4,Lightweight,Male,3.0,0.0,0.0,1.0,Striker,12,0.75
38ed5a2299230227,Filip Pejic,No Nickname,5.8,135.0,Orthodox,12,2,2,0,1.0,136.0,0.0,2.0,2.0,1.0,102.0,0.66,0.5,0.0,1.0,1.0,0.0,0.5,1.0,Bantamweight,Male,0.0,0.0,1.0,0.0,Striker,16,0.75
aa1952ec0b3dd8e1,Kurt Pellegrino,Batman,5.8,155.0,Orthodox,16,7,0,0,2.33,619.75,0.25,25.08,2.08,0.58,289.25,0.47,0.43,0.64,0.32,0.23,0.38,0.68,0.58,Lightweight,Male,3.0,0.12,0.5,0.38,Wrestler,23,0.6956521739130435
3253b16d38ae087d,Julianna Pena,The Venezuelan Vixen,5.6,135.0,Orthodox,13,6,0,0,2.75,794.33,0.33,41.75,1.92,0.33,318.42,0.49,0.4,0.69,0.64,0.28,0.63,0.7,0.33,Women's Bantamweight,Female,2.0,0.33,0.33,0.33,Striker,19,0.6842105263157895
2844b047183a1adb,Luis Pena,Violent Bob Ross,6.3,155.0,Southpaw,9,3,0,0,2.75,769.88,0.12,41.25,0.62,0.62,205.5,0.46,0.36,0.58,0.71,0.44,0.4,0.53,0.62,Lightweight,Male,3.0,0.0,0.4,0.6,Wrestler,12,0.75
99c7610aa74995d3,Cathal Pendred,The Punisher,6.1,170.0,Orthodox,17,4,1,0,2.5,731.67,0.17,34.5,1.33,0.17,106.67,0.47,0.34,0.62,0.69,0.44,0.75,0.33,0.17,Welterweight,Male,3.0,0.2,0.2,0.6,Striker,22,0.7727272727272727
73c7cfa551289285,BJ Penn,The Prodigy,5.9,155.0,Orthodox,16,14,2,0,2.85,791.74,0.19,45.63,1.04,0.48,138.52,0.52,0.44,0.74,0.5,0.4,0.62,0.53,0.48,Welterweight,Male,6.0,0.35,0.29,0.35,Striker,32,0.5
c742287ed86a09bc,Jessica Penne,No Nickname,5.5,115.0,Orthodox,14,9,0,0,2.56,727.11,0.0,62.33,1.11,0.11,136.67,0.5,0.39,0.66,0.77,0.45,0.59,0.27,0.11,Women's Strawweight,Female,5.0,0.14,0.14,0.71,Striker,23,0.6086956521739131
879b8df81523d91b,Nick Penner,The Quiet Assassin,6.4,205.0,Southpaw,11,3,0,0,1.0,287.0,0.5,12.0,0.5,0.0,34.5,0.46,0.38,0.95,0.5,0.36,0.94,0.6,0.0,Light Heavyweight,Male,0.0,1.0,0.0,0.0,Striker,14,0.7857142857142857
fc169c387b4b465d,Raquel Pennington,Rocky,5.7,135.0,Orthodox,16,10,0,0,3.11,917.89,0.0,56.11,1.16,0.37,225.37,0.45,0.35,0.69,0.79,0.33,0.74,0.26,0.37,Women's Bantamweight,Female,8.0,0.0,0.2,0.8,Striker,26,0.6153846153846154
31ef8b67e13495b3,Tecia Pennington,Tiny Tornado,5.1,115.0,Orthodox,15,7,0,0,2.84,839.63,0.05,67.74,1.0,0.11,168.42,0.47,0.36,0.69,0.85,0.44,0.63,0.5,0.11,Women's Strawweight,Female,11.0,0.08,0.08,0.85,Striker,22,0.6818181818181818
fa37628269132d1a,Godofredo Pepey,No Nickname,5.7,145.0,Orthodox,13,6,0,0,1.73,444.18,0.09,20.36,0.18,0.64,89.45,0.45,0.39,0.54,0.43,0.34,0.47,0.48,0.64,Featherweight,Male,2.0,0.38,0.38,0.25,Wrestler,19,0.6842105263157895
960d6cae8879ba2b,Robert Peralta,Problems,5.8,145.0,Orthodox,18,8,0,0,2.5,652.0,0.38,34.5,0.62,0.12,60.12,0.45,0.33,0.57,0.78,0.4,0.51,0.28,0.12,Featherweight,Male,1.0,0.5,0.0,0.5,Hybrid,26,0.6923076923076923
d50382dc0565a9e1,Viviane Pereira,Sucuri,5.1,115.0,Orthodox,13,2,0,0,3.0,900.0,0.0,52.75,0.25,0.25,56.5,0.39,0.35,0.49,0.77,0.36,0.46,0.47,0.25,Women's Strawweight,Female,2.0,0.0,0.0,1.0,Hybrid,15,0.8666666666666667
595db60957de51d3,Michel Pereira,Demolidor,6.1,185.0,Orthodox,31,14,0,0,2.43,624.36,0.14,47.36,0.57,0.5,59.36,0.51,0.39,0.57,0.52,0.49,0.58,0.45,0.5,Middleweight,Male,4.0,0.12,0.38,0.5,Striker,45,0.6888888888888889
e5549c82bfb5582d,Alex Pereira,Poatan,6.4,205.0,Orthodox,13,3,0,1,2.58,663.58,0.5,52.5,0.42,0.17,120.75,0.58,0.46,0.76,0.81,0.55,0.58,0.47,0.17,Light Heavyweight,Male,2.0,0.71,0.0,0.29,Striker,16,0.8125
af62f99eb7606308,Erik Perez,Goyito,5.8,135.0,Orthodox,17,6,0,0,2.22,601.89,0.22,29.33,2.0,0.44,181.0,0.4,0.31,0.71,0.6,0.32,0.44,0.49,0.44,Bantamweight,Male,3.0,0.2,0.2,0.6,Wrestler,23,0.7391304347826086
80daefbed11ce998,Alejandro Perez,Turbo,5.6,135.0,Orthodox,23,9,1,0,2.31,640.92,0.15,33.46,0.62,0.54,45.85,0.37,0.28,0.62,0.6,0.37,0.46,0.42,0.54,Bantamweight,Male,4.0,0.25,0.25,0.5,Hybrid,33,0.696969696969697
96c336b463e0662c,Frankie Perez,No Nickname,5.11,155.0,Orthodox,10,4,0,0,2.5,642.0,0.0,12.5,2.5,0.75,240.0,0.33,0.26,0.44,0.52,0.26,0.62,0.62,0.75,Lightweight,Male,2.0,0.0,0.0,1.0,Wrestler,14,0.7142857142857143
ab2b4ff41d6ebe0f,Alex Perez,No Nickname,5.6,125.0,Orthodox,25,9,0,0,1.85,441.77,0.08,29.15,0.77,0.08,75.46,0.43,0.37,0.48,0.85,0.4,0.52,0.26,0.08,Flyweight,Male,2.0,0.4,0.2,0.4,Hybrid,34,0.7352941176470589
2ac4628c08ec5125,Markus Perez,Maluko,6.1,185.0,Orthodox,12,5,0,0,2.29,633.86,0.14,29.0,0.86,0.71,154.0,0.54,0.4,0.82,0.69,0.35,0.63,0.44,0.71,Middleweight,Male,1.0,0.25,0.5,0.25,Striker,17,0.7058823529411765
06e4245d16fc5315,Ailin Perez,Fiona,5.5,135.0,Switch,12,2,0,0,2.5,737.67,0.17,25.0,1.5,0.33,118.33,0.49,0.42,0.59,0.5,0.35,0.84,0.76,0.33,Women's Bantamweight,Female,1.0,0.0,0.5,0.5,Striker,14,0.8571428571428571
d0fd0d9ee560dae7,Brando Pericic,The Balkan Bear,6.5,245.0,Orthodox,5,1,0,0,1.0,115.0,0.0,29.0,0.0,0.0,29.0,0.59,0.55,0.67,1.0,0.55,0.67,0.55,0.0,Heavyweight,Male,0.0,1.0,0.0,0.0,Striker,6,0.8333333333333334
4b4753d19489297f,Anthony Perosh,The Hippo,6.3,205.0,Orthodox,15,10,0,0,1.5,332.83,0.25,14.75,0.5,0.08,53.42,0.57,0.5,0.33,0.67,0.46,0.36,0.4,0.08,Light Heavyweight,Male,0.0,0.8,0.2,0.0,Hybrid,25,0.6
c1a5d3843596df92,Thiago Perpetuo,Bodao,5.1,170.0,Orthodox,9,4,1,0,1.67,319.0,0.67,30.33,1.0,0.67,162.33,0.69,0.64,0.57,0.9,0.76,0.49,0.64,0.67,Middleweight,Male,0.0,0.67,0.33,0.0,Striker,14,0.6428571428571429
575360be653ad6a6,Hernani Perpetuo,No Nickname,6.0,170.0,Orthodox,18,5,0,0,3.0,900.0,0.0,53.0,0.5,0.5,38.0,0.31,0.23,0.44,0.76,0.31,0.22,0.25,0.5,Welterweight,Male,1.0,0.0,0.0,1.0,Hybrid,23,0.782608695652174
f2b6fdb20675b11c,Mike Perry,Platinum,5.1,170.0,Orthodox,14,8,0,0,2.4,667.87,0.2,54.87,0.27,0.0,56.47,0.47,0.36,0.56,0.79,0.43,0.56,0.37,0.0,Welterweight,Male,4.0,0.2,0.0,0.8,Hybrid,22,0.6363636363636364
202b0467521c9d6f,Viktor Pesta,No Nickname,6.3,240.0,Orthodox,10,4,0,0,2.4,601.0,0.2,22.4,2.0,0.0,220.4,0.44,0.38,0.61,0.65,0.36,0.27,0.61,0.0,Heavyweight,Male,2.0,0.33,0.0,0.67,Hybrid,14,0.7142857142857143
764d39074a352e33,Thomas Petersen,The Train,6.1,264.0,Southpaw,10,4,0,0,2.6,703.6,0.0,38.2,2.0,0.2,193.4,0.48,0.36,0.6,0.4,0.41,0.6,0.12,0.2,Heavyweight,Male,2.0,0.0,0.0,1.0,Hybrid,14,0.7142857142857143
b93c06d09d1c4ac0,Steven Peterson,Ocho,5.1,145.0,Orthodox,19,11,0,0,2.88,836.38,0.12,77.75,1.38,0.62,114.0,0.44,0.36,0.73,0.84,0.44,0.65,0.3,0.62,Featherweight,Male,2.0,0.0,0.0,1.0,Striker,30,0.6333333333333333
71171fc96445bf65,Vitor Petrino,No Nickname,6.2,265.0,Orthodox,13,2,0,0,2.38,601.38,0.5,25.88,2.25,0.62,219.38,0.46,0.38,0.62,0.74,0.42,0.34,0.59,0.62,Heavyweight,Male,2.0,0.43,0.29,0.29,Wrestler,15,0.8666666666666667
5f61780fe5e9b6d0,Andre Petroski,No Nickname,6.0,185.0,Switch,13,6,0,0,2.42,643.33,0.17,28.17,1.67,0.25,151.5,0.47,0.37,0.77,0.47,0.45,0.45,0.4,0.25,Middleweight,Male,3.0,0.5,0.0,0.5,Striker,19,0.6842105263157895
369ea36e450ae62a,Armen Petrosyan,Superman,6.3,185.0,Orthodox,9,5,0,0,2.43,721.0,0.0,71.0,0.14,0.0,43.0,0.52,0.27,0.68,0.87,0.5,0.38,0.2,0.0,Middleweight,Male,3.0,0.0,0.0,1.0,Hybrid,14,0.6428571428571429
38c5817ade8a8014,Ivana Petrovic,No Nickname,5.8,125.0,Southpaw,7,3,0,0,3.0,847.25,0.0,31.75,1.75,0.25,328.5,0.44,0.31,0.74,0.75,0.36,0.34,0.32,0.25,Women's Flyweight,Female,1.0,0.0,0.5,0.5,Striker,10,0.7
93b9496275bbbf80,Seth Petruzelli,The Silverback,6.0,205.0,Orthodox,14,8,0,0,2.0,487.5,0.25,17.5,1.0,0.75,115.5,0.44,0.34,0.7,0.46,0.36,0.19,0.42,0.75,Light Heavyweight,Male,0.0,0.5,0.5,0.0,Wrestler,22,0.6363636363636364
cbb682f5fcc44bfc,Anthony Pettis,Showtime,5.1,155.0,Orthodox,24,10,0,0,2.55,695.5,0.2,44.2,1.45,0.4,183.75,0.51,0.43,0.6,0.79,0.47,0.53,0.58,0.4,Welterweight,Male,8.0,0.15,0.23,0.62,Striker,34,0.7058823529411765
de75d1c45a39e221,Sergio Pettis,No Nickname,5.6,125.0,Orthodox,18,5,0,0,3.07,905.21,0.07,51.07,1.07,0.21,141.86,0.37,0.31,0.55,0.84,0.36,0.58,0.56,0.21,Flyweight,Male,5.0,0.17,0.0,0.83,Striker,23,0.782608695652174
e86bc32f5997a8f7,Forrest Petz,The Meat Cleaver,5.9,170.0,Orthodox,26,10,0,0,2.43,695.0,0.71,24.0,1.71,0.29,166.71,0.27,0.2,0.52,0.64,0.2,0.53,0.19,0.29,Welterweight,Male,3.0,0.0,0.0,1.0,Hybrid,36,0.7222222222222222
80dbeb1dd5b53e64,Nam Phan,No Nickname,5.6,135.0,Orthodox,21,17,0,0,3.0,900.0,0.12,86.5,1.62,0.25,99.25,0.35,0.3,0.61,0.76,0.33,0.36,0.1,0.25,Featherweight,Male,3.0,0.0,0.0,1.0,Hybrid,38,0.5526315789473685
05560764359161e4,Constantinos Philippou,No Nickname,5.11,185.0,Orthodox,13,5,0,0,2.4,670.0,0.2,24.7,1.1,0.0,188.9,0.35,0.23,0.65,0.72,0.27,0.61,0.36,0.0,Middleweight,Male,3.0,0.25,0.0,0.75,Hybrid,18,0.7222222222222222
34c2b3656f88f7ef,Aaron Phillips,The Dragon,5.9,135.0,Southpaw,12,5,0,0,2.75,787.25,0.0,37.5,1.5,0.25,235.75,0.49,0.33,0.73,0.52,0.39,0.56,0.49,0.25,Bantamweight,Male,2.0,0.0,0.0,1.0,Striker,17,0.7058823529411765
dcbf01d605681ad1,Elizabeth Phillips,No Nickname,5.6,135.0,Orthodox,6,6,0,0,3.0,900.0,0.0,32.25,1.25,0.75,220.25,0.36,0.28,0.51,0.75,0.3,0.61,0.12,0.75,Women's Bantamweight,Female,1.0,0.0,0.0,1.0,Wrestler,12,0.5
e9ac7bfb65c25497,John Phillips,The Welsh Wrecking Machine,5.11,185.0,Southpaw,22,11,0,0,2.17,545.33,0.17,24.0,0.5,0.33,112.17,0.46,0.38,0.51,0.62,0.36,0.17,0.31,0.33,Middleweight,Male,0.0,0.0,1.0,0.0,Hybrid,33,0.6666666666666666
60425d07ef4b91a7,Kyler Phillips,The Matrix,5.8,135.0,Orthodox,12,4,0,0,2.89,816.89,0.22,57.67,1.78,0.33,135.22,0.39,0.3,0.67,0.76,0.36,0.46,0.65,0.33,Bantamweight,Male,3.0,0.2,0.2,0.6,Striker,16,0.75
c77a953488e5607d,Vinc Pichel,From Hell,5.1,155.0,Orthodox,14,5,0,0,2.58,749.83,0.0,38.67,1.83,0.25,146.58,0.41,0.31,0.74,0.75,0.31,0.73,0.55,0.25,Lightweight,Male,4.0,0.2,0.0,0.8,Striker,19,0.7368421052631579
c945adc22c2bfe8f,Brad Pickett,One Punch,5.6,135.0,Orthodox,25,14,0,0,2.36,651.07,0.64,48.29,1.36,0.5,100.0,0.42,0.38,0.55,0.74,0.39,0.53,0.51,0.5,Bantamweight,Male,5.0,0.25,0.33,0.42,Striker,39,0.6410256410256411
830f60497fab345a,Jamie Pickett,The Night Wolf,6.2,185.0,Orthodox,13,11,0,0,2.22,625.44,0.11,26.78,0.78,0.0,70.22,0.49,0.33,0.8,0.67,0.39,0.64,0.0,0.0,Middleweight,Male,2.0,0.0,0.0,1.0,Hybrid,24,0.5416666666666666
1cf7ccf64a5bf24e,Oskar Piechota,Imadlo,6.0,185.0,Southpaw,11,3,1,0,1.83,493.67,0.5,27.17,0.33,0.83,81.67,0.54,0.49,0.75,0.69,0.43,0.7,0.71,0.83,Middleweight,Male,1.0,0.5,0.0,0.5,Striker,15,0.7333333333333333
236a37d96d476164,Mike Pierce,No Nickname,5.8,170.0,Orthodox,17,7,0,0,2.64,718.21,0.21,32.86,2.29,0.29,335.64,0.46,0.38,0.62,0.78,0.29,0.6,0.54,0.29,Welterweight,Male,5.0,0.25,0.12,0.62,Striker,24,0.7083333333333334
0d506315895efffc,Sean Pierson,The Punisher,6.0,170.0,Southpaw,14,6,0,0,2.67,777.0,0.0,36.17,0.5,0.17,102.0,0.3,0.26,0.49,0.75,0.26,0.59,0.61,0.17,Welterweight,Male,2.0,0.0,0.0,1.0,Hybrid,20,0.7
4bf6b225ff6099c4,Domingo Pilarte,Son of Fire,6.0,135.0,Southpaw,8,3,0,0,2.33,612.67,0.0,9.0,0.67,0.0,162.0,0.35,0.24,0.72,0.33,0.29,0.33,0.5,0.0,Bantamweight,Male,1.0,0.0,0.0,1.0,Hybrid,11,0.7272727272727273
7826923b47f8d72a,Paddy Pimblett,The Baddy,5.1,155.0,Orthodox,23,3,0,0,2.0,535.57,0.14,31.14,1.0,0.71,57.14,0.51,0.37,0.55,0.95,0.48,0.35,0.52,0.71,Lightweight,Male,1.0,0.25,0.5,0.25,Striker,26,0.8846153846153846
361d49960a196976,Daniel Pineda,The Pit,5.7,145.0,Orthodox,28,17,0,0,2.14,542.36,0.07,22.14,1.14,0.5,147.57,0.47,0.39,0.68,0.76,0.41,0.62,0.45,0.5,Featherweight,Male,1.0,0.0,0.67,0.33,Wrestler,45,0.6222222222222222
31bbd39c0a075d4e,Pingyuan Liu,No Nickname,5.6,135.0,Orthodox,13,7,0,0,3.0,883.5,0.5,34.0,0.75,0.5,170.25,0.41,0.34,0.7,0.76,0.32,0.38,0.79,0.5,Bantamweight,Male,1.0,0.5,0.0,0.5,Striker,20,0.65
a3a542074109b347,Luana Pinheiro,No Nickname,5.2,115.0,Orthodox,11,5,0,0,2.57,748.71,0.29,49.43,2.14,0.29,146.86,0.39,0.32,0.52,0.51,0.34,0.75,0.53,0.29,Women's Strawweight,Female,2.0,0.25,0.25,0.5,Striker,16,0.6875
c549573c0df4d676,Maki Pitolo,Coconut Bombz,5.1,185.0,Orthodox,13,9,0,0,2.17,587.0,0.0,40.0,0.33,1.0,97.0,0.42,0.4,0.75,0.75,0.37,0.22,0.31,1.0,Middleweight,Male,1.0,0.25,0.5,0.25,Wrestler,22,0.5909090909090909
029eaff01e6bb8f0,Dustin Poirier,The Diamond,5.9,155.0,Southpaw,30,10,0,0,2.53,652.88,0.47,57.34,0.78,0.88,121.88,0.49,0.44,0.64,0.75,0.45,0.58,0.54,0.88,Lightweight,Male,5.0,0.59,0.18,0.23,Striker,40,0.75
53278852bcd91e11,Igor Pokrajac,The Duke,6.0,205.0,Orthodox,28,13,0,0,2.15,558.54,0.23,24.46,0.69,0.23,118.62,0.49,0.42,0.65,0.47,0.37,0.6,0.4,0.23,Light Heavyweight,Male,2.0,0.25,0.25,0.5,Hybrid,41,0.6829268292682927
abb68e3c7ca128f2,Julia Polastri,Psycho,5.2,115.0,Orthodox,14,5,0,0,3.0,869.0,0.0,94.0,0.75,0.25,133.0,0.56,0.46,0.76,0.87,0.53,0.76,0.41,0.25,Women's Strawweight,Female,1.0,0.5,0.0,0.5,Striker,19,0.7368421052631579
6d1bffff14897645,Santiago Ponzinibbio,Argentine Dagger,6.0,170.0,Orthodox,31,9,0,0,2.5,680.0,0.45,59.2,0.5,0.0,35.9,0.43,0.35,0.6,0.81,0.43,0.48,0.41,0.0,Welterweight,Male,7.0,0.5,0.0,0.5,Hybrid,40,0.775
d3fa5c5955397532,Grigory Popov,No Nickname,5.7,135.0,Switch,13,3,0,0,2.5,743.5,0.0,42.5,3.0,0.0,181.5,0.42,0.25,0.57,0.81,0.44,0.38,0.16,0.0,Bantamweight,Male,1.0,0.0,0.0,1.0,Striker,16,0.8125
ac40f7e3cbecdda4,Parker Porter,No Nickname,6.0,265.0,Orthodox,14,9,0,0,1.75,440.38,0.0,43.25,0.38,0.0,72.25,0.41,0.31,0.38,0.7,0.35,0.39,0.2,0.0,Heavyweight,Male,2.0,0.0,0.0,1.0,Hybrid,23,0.6086956521739131
8fc9ae9c7527dfcb,Callan Potter,The Rockstar,6.0,170.0,Orthodox,18,9,0,0,1.67,364.33,0.67,24.67,1.0,0.0,175.33,0.5,0.44,0.83,0.33,0.45,0.8,0.92,0.0,Welterweight,Male,1.0,0.67,0.0,0.33,Striker,27,0.6666666666666666
7e208569469c8bc8,Ruan Potts,Fangzz,6.2,247.0,Orthodox,11,6,0,0,1.67,398.33,0.0,22.33,2.0,1.0,152.0,0.49,0.24,0.5,0.61,0.41,0.33,0.49,1.0,Heavyweight,Male,0.0,1.0,0.0,0.0,Wrestler,17,0.6470588235294118
065eb44700e641a4,Devin Powell,No Nickname,6.0,155.0,Orthodox,9,4,0,0,2.5,703.0,0.25,44.25,1.75,0.5,299.75,0.49,0.36,0.81,0.78,0.4,0.63,0.75,0.5,Lightweight,Male,3.0,0.25,0.0,0.75,Striker,13,0.6923076923076923
6370c1c1e12723d5,Marcin Prachnio,No Nickname,6.3,205.0,Orthodox,17,9,0,0,2.18,585.55,0.18,38.0,0.36,0.0,37.18,0.5,0.33,0.68,0.85,0.47,0.58,0.25,0.0,Light Heavyweight,Male,1.0,0.67,0.0,0.33,Hybrid,26,0.6538461538461539
3920d0cc288f9b0d,Francisco Prado,No Nickname,5.1,170.0,Orthodox,12,4,0,0,2.6,769.0,0.0,49.4,0.6,0.2,64.8,0.42,0.28,0.63,0.8,0.39,0.63,0.31,0.2,Lightweight,Male,1.0,0.0,0.0,1.0,Hybrid,16,0.75
f5ff7bcdcfeba3ad,Trevor Prangley,No Nickname,6.1,185.0,Orthodox,34,11,2,0,2.75,766.25,0.0,27.75,3.5,1.0,396.0,0.56,0.34,0.95,0.5,0.25,0.56,0.55,1.0,Middleweight,Male,1.0,0.0,0.5,0.5,Wrestler,47,0.723404255319149
e51fcd9cd84c0b93,Michel Prazeres,Tractor,5.6,170.0,Orthodox,26,4,0,0,2.64,734.29,0.14,34.43,2.5,0.79,235.64,0.5,0.43,0.5,0.69,0.42,0.58,0.72,0.79,Welterweight,Male,6.0,0.0,0.33,0.67,Wrestler,30,0.8666666666666667
873626e5547b5235,Kyle Prepolec,Killshot,5.1,155.0,Southpaw,18,10,0,0,2.75,732.75,0.0,49.5,0.75,0.0,88.25,0.43,0.34,0.77,0.52,0.42,0.48,0.21,0.0,Lightweight,Male,1.0,0.5,0.0,0.5,Hybrid,28,0.6428571428571429
d8da10db80131bec,Niko Price,The Hybrid,6.0,170.0,Orthodox,16,9,0,0,2.05,529.05,0.16,44.16,0.89,0.58,89.95,0.45,0.37,0.58,0.75,0.4,0.6,0.45,0.58,Welterweight,Male,2.0,0.33,0.33,0.33,Striker,25,0.64
009341ed974bad72,Jiri Prochazka,No Nickname,6.3,205.0,Orthodox,32,5,1,0,2.62,664.12,0.5,62.12,0.88,0.38,98.0,0.53,0.48,0.67,0.87,0.48,0.82,0.48,0.38,Light Heavyweight,Male,0.0,1.0,0.0,0.0,Striker,38,0.8421052631578947
a36556bb1565e32d,Joe Proctor,No Nickname,5.1,155.0,Orthodox,11,5,0,0,1.88,490.62,0.38,26.25,0.12,1.12,56.5,0.38,0.3,0.64,0.82,0.34,0.58,0.5,1.12,Lightweight,Male,0.0,0.5,0.5,0.0,Wrestler,16,0.6875
3cf66c62d9069f43,Lucie Pudilova,No Nickname,5.8,125.0,Orthodox,14,10,0,0,2.82,820.36,0.0,47.73,0.82,0.36,160.91,0.39,0.32,0.68,0.68,0.3,0.67,0.41,0.36,Women's Bantamweight,Female,1.0,0.0,0.0,1.0,Striker,24,0.5833333333333334
d747eb273a40a920,Claudio Puelles,Prince of Peru,5.1,155.0,Southpaw,13,5,0,0,2.56,698.89,0.11,21.56,1.33,0.78,257.22,0.52,0.41,0.6,0.73,0.4,0.25,0.57,0.78,Lightweight,Male,4.0,0.33,0.0,0.67,Wrestler,18,0.7222222222222222
85d0fafb8b75d634,Juan Manuel Puig,Fenix,5.9,145.0,Orthodox,11,4,0,0,1.0,79.5,0.5,11.5,0.0,0.0,3.0,0.46,0.39,0.5,0.31,0.38,0.0,0.39,0.0,Featherweight,Male,0.0,1.0,0.0,0.0,Hybrid,15,0.7333333333333333
44260175069b6276,Jens Pulver,Little Evil,5.7,145.0,Southpaw,27,19,1,0,2.89,779.56,0.11,25.33,0.44,0.44,297.67,0.33,0.29,0.59,0.43,0.22,0.66,0.34,0.44,Lightweight,Male,4.0,0.33,0.0,0.67,Wrestler,47,0.574468085106383
a8c9d16fe2a14d72,CM Punk,No Nickname,6.1,170.0,Orthodox,0,1,0,0,2.0,517.0,0.0,19.5,1.0,1.0,150.5,0.42,0.39,0.27,0.2,0.08,0.32,0.64,1.0,Welterweight,Male,0.0,0.0,1.0,0.0,Wrestler,1,0.0
c1085e1701b13eca,Joe Pyfer,Bodybagz,6.2,185.0,Orthodox,15,3,0,0,2.14,535.14,0.29,27.71,0.57,0.43,43.43,0.51,0.4,0.73,0.7,0.49,0.29,0.43,0.43,Middleweight,Male,0.0,0.67,0.33,0.0,Hybrid,18,0.8333333333333334
f5990c11974d8e9c,Mike Pyle,Quicksand,6.0,170.0,Orthodox,27,14,1,0,1.95,474.11,0.37,21.95,0.84,0.47,128.95,0.41,0.39,0.48,0.72,0.32,0.46,0.55,0.47,Welterweight,Male,2.0,0.67,0.17,0.17,Wrestler,42,0.6428571428571429
aa171d55d4b5208f,Billy Quarantillo,No Nickname,5.1,145.0,Orthodox,18,7,0,0,2.55,668.91,0.18,76.64,1.09,1.0,152.0,0.55,0.49,0.77,0.91,0.52,0.75,0.34,1.0,Featherweight,Male,2.0,0.33,0.33,0.33,Striker,25,0.72
52cae54377b433b7,Nate Quarry,Rock,6.0,185.0,Open Stance,12,4,0,0,1.7,360.3,0.9,30.8,0.1,0.0,74.4,0.44,0.33,0.59,0.55,0.33,0.4,0.41,0.0,Middleweight,Male,2.0,0.75,0.0,0.25,Hybrid,16,0.75
876f478f796495f7,Josh Quinlan,Bushido,6.0,170.0,Orthodox,6,3,0,0,2.5,651.75,0.25,70.0,0.5,0.0,16.75,0.37,0.3,0.77,0.64,0.37,0.38,0.44,0.0,Catch Weight,Male,2.0,0.33,0.0,0.67,Hybrid,9,0.6666666666666666
267f4a6568abe245,Landon Quinones,The Lone Wolf,5.9,155.0,Southpaw,7,3,1,0,3.0,900.0,0.0,104.0,0.0,0.0,147.0,0.41,0.28,0.74,0.86,0.4,0.9,0.0,0.0,Lightweight,Male,1.0,0.0,0.0,1.0,Striker,11,0.6363636363636364
36549928f90f1d36,Jose Quinonez,Teco,5.8,135.0,Southpaw,9,5,0,0,2.33,630.78,0.44,36.11,1.78,0.44,134.44,0.41,0.31,0.49,0.64,0.32,0.54,0.52,0.44,Bantamweight,Male,3.0,0.0,0.25,0.75,Striker,14,0.6428571428571429
7debc13b36343605,Cristian Quinonez,Problema,5.8,135.0,Orthodox,18,5,0,0,1.67,354.67,0.0,20.67,0.67,0.67,20.67,0.41,0.36,0.57,0.64,0.41,0.27,0.33,0.67,Bantamweight,Male,0.0,0.0,1.0,0.0,Hybrid,23,0.782608695652174
01b39decaf0abf6a,Benji Radach,Razor,5.1,185.0,Orthodox,21,7,0,0,1.67,394.33,0.67,14.33,0.0,0.0,210.33,0.59,0.61,0.31,0.0,0.58,0.46,0.47,0.0,Welterweight,Male,1.0,0.0,0.0,1.0,Striker,28,0.75
feedf3053472fe56,Charles Radtke,Chuck Buffalo,5.9,170.0,Orthodox,11,5,0,0,1.83,453.33,0.17,19.67,0.5,0.33,121.83,0.44,0.35,0.61,0.56,0.36,0.36,0.16,0.33,Welterweight,Male,0.0,0.5,0.5,0.0,Hybrid,16,0.6875
8c169fbe1ac33637,Loik Radzhabov,The Tajik Tank,5.11,155.0,Orthodox,18,6,1,0,2.75,726.25,0.25,36.75,1.75,0.75,196.25,0.48,0.4,0.85,0.59,0.47,0.64,0.5,0.75,Lightweight,Male,1.0,0.0,0.0,1.0,Wrestler,25,0.72
01afe0916a40c7c5,Shavkat Rakhmonov,Nomad,6.1,170.0,Orthodox,19,0,0,0,2.29,644.43,0.14,26.86,0.71,0.43,232.29,0.55,0.49,0.77,0.45,0.47,0.57,0.49,0.43,Welterweight,Male,1.0,0.25,0.5,0.25,Striker,19,1.0
333b9e5c723ac873,Aleksandar Rakic,Rocket,6.4,205.0,Orthodox,14,6,0,0,2.36,641.0,0.18,30.09,0.36,0.09,61.27,0.48,0.35,0.37,0.69,0.42,0.43,0.36,0.09,Light Heavyweight,Male,0.0,1.0,0.0,0.0,Hybrid,20,0.7
ffdeb4fbea09ce75,Jessica Rakoczy,The Ragin',5.7,115.0,Orthodox,1,5,0,0,2.0,599.5,0.0,21.0,1.0,1.0,27.5,0.55,0.59,0.69,0.32,0.64,0.56,0.5,1.0,Women's Strawweight,Female,1.0,0.0,0.0,1.0,Striker,6,0.16666666666666666
641ca2c2ed91b93c,Zygimantas Ramaska,No Nickname,5.11,145.0,Orthodox,9,3,0,0,2.0,374.0,0.0,14.0,4.0,1.0,190.0,0.7,0.72,0.0,1.0,0.86,0.0,0.62,1.0,Featherweight,Male,0.0,0.0,1.0,0.0,Striker,12,0.75
e99eb0ef25885de5,Mitch Ramirez,No Nickname,5.11,155.0,Orthodox,8,3,0,0,2.5,581.5,0.5,31.5,0.5,1.0,141.5,0.47,0.34,0.73,0.76,0.44,0.5,0.5,1.0,Lightweight,Male,0.0,1.0,0.0,0.0,Striker,11,0.7272727272727273
1ae8f3c723aacff4,Ricardo Ramos,No Nickname,5.9,145.0,Orthodox,17,8,0,0,2.07,549.47,0.27,35.73,1.33,0.47,79.93,0.51,0.36,0.67,0.66,0.47,0.56,0.36,0.47,Featherweight,Male,6.0,0.23,0.31,0.46,Striker,25,0.68
0052de90691d4a93,Davi Ramos,Tasmanian Devil,5.6,155.0,Orthodox,10,4,0,0,2.43,660.29,0.0,36.0,0.86,0.29,101.0,0.45,0.41,0.52,0.66,0.31,0.55,0.62,0.29,Lightweight,Male,2.0,0.0,0.5,0.5,Hybrid,14,0.7142857142857143
30b577b112bef42d,Vernon Ramos Ho,No Nickname,5.6,170.0,Orthodox,3,1,0,0,1.0,30.0,1.0,4.0,0.0,0.0,1.0,0.44,0.44,0.0,0.0,0.38,0.0,1.0,0.0,Welterweight,Male,0.0,1.0,0.0,0.0,Hybrid,4,0.75
6859f67468ba8489,Kevin Randleman,The Monster,5.1,205.0,Orthodox,17,16,0,0,3.14,870.14,0.0,13.86,3.0,0.71,522.4,0.41,0.34,0.19,0.14,0.13,0.32,0.41,0.71,Light Heavyweight,Male,4.0,0.0,0.0,1.0,Wrestler,33,0.5151515151515151
0be6776db31d98ec,Mitch Raposo,No Nickname,5.5,125.0,Switch,10,3,0,0,3.0,900.0,0.0,26.33,4.33,0.0,198.0,0.35,0.26,0.3,0.84,0.34,0.83,0.33,0.0,Flyweight,Male,1.0,0.0,0.0,1.0,Striker,13,0.7692307692307693
907e60fd13407e1e,Bec Rawlings,Rowdy,5.6,125.0,Orthodox,7,8,0,0,2.57,723.71,0.0,61.29,0.86,0.43,192.14,0.44,0.38,0.64,0.45,0.35,0.65,0.7,0.43,Women's Strawweight,Female,4.0,0.0,0.2,0.8,Striker,15,0.4666666666666667
31a13532e724ca2b,Stevie Ray,Braveheart,5.1,155.0,Southpaw,23,9,0,0,2.36,656.27,0.27,34.27,0.73,0.18,95.73,0.5,0.4,0.58,0.76,0.49,0.47,0.46,0.18,Lightweight,Male,3.0,0.5,0.0,0.5,Striker,32,0.71875
eae431e70064e046,Abdul Razak Alhassan,No Nickname,5.1,185.0,Orthodox,12,7,0,0,1.71,376.93,0.21,25.93,1.57,0.21,126.14,0.5,0.38,0.6,0.57,0.4,0.61,0.44,0.21,Middleweight,Male,3.0,0.4,0.0,0.6,Striker,19,0.631578947368421
849c5d9979df5357,Mateusz Rebecki,No Nickname,5.7,155.0,Southpaw,20,4,0,0,2.57,733.57,0.57,62.86,2.29,0.29,196.86,0.49,0.42,0.6,0.89,0.41,0.44,0.64,0.29,Catch Weight,Male,3.0,0.2,0.2,0.6,Striker,24,0.8333333333333334
ac7c765882f2c68c,Elise Reed,No Nickname,5.3,115.0,Orthodox,8,5,0,0,2.44,650.33,0.11,33.78,1.33,0.0,198.56,0.47,0.38,0.58,0.74,0.39,0.62,0.45,0.0,Women's Strawweight,Female,1.0,0.67,0.0,0.33,Striker,13,0.6153846153846154
23dec7c47cb418f8,Zach Reese,Savage,6.4,185.0,Switch,10,2,0,0,1.71,366.0,0.0,27.14,1.71,0.29,114.14,0.66,0.43,0.66,0.9,0.65,0.28,0.38,0.29,Catch Weight,Male,2.0,0.4,0.2,0.4,Striker,12,0.8333333333333334
5aedf14771ca82d2,Wilson Reis,No Nickname,5.4,125.0,Southpaw,23,10,0,0,2.46,685.31,0.15,24.08,2.23,0.46,163.62,0.37,0.29,0.44,0.76,0.33,0.42,0.46,0.46,Flyweight,Male,4.0,0.17,0.17,0.67,Wrestler,33,0.696969696969697
132f860d02953f4c,Goran Reljic,No Nickname,6.3,205.0,Southpaw,15,8,0,0,2.75,798.75,0.25,22.5,1.5,1.0,234.5,0.37,0.26,0.71,0.61,0.36,0.19,0.37,1.0,Light Heavyweight,Male,0.0,1.0,0.0,0.0,Wrestler,23,0.6521739130434783
60193e707634e560,Montse Rendon,Monster,5.8,135.0,Orthodox,7,1,0,0,3.0,900.0,0.0,54.0,0.0,0.67,53.33,0.4,0.27,0.76,0.45,0.39,0.56,0.0,0.67,Women's Bantamweight,Female,2.0,0.0,0.0,1.0,Hybrid,8,0.875
c7d297714d9ab1a4,Marion Reneau,The Belizean Bruiser,5.6,135.0,Orthodox,9,8,1,0,2.77,786.46,0.08,44.46,0.85,0.46,169.0,0.37,0.28,0.71,0.76,0.29,0.81,0.29,0.46,Women's Bantamweight,Female,3.0,0.5,0.0,0.5,Striker,18,0.5
edd02825c29028fe,Marco Polo Reyes,No Nickname,5.11,155.0,Orthodox,8,7,0,0,1.62,329.88,0.25,33.38,0.38,0.0,44.88,0.39,0.28,0.63,0.63,0.35,0.5,0.19,0.0,Lightweight,Male,1.0,0.67,0.0,0.33,Hybrid,15,0.5333333333333333
2e19380f34871c6a,Dominick Reyes,The Devastator,6.4,205.0,Southpaw,15,5,0,0,1.79,440.57,0.43,34.57,0.29,0.0,42.29,0.48,0.41,0.54,0.55,0.45,0.48,0.37,0.0,Light Heavyweight,Male,0.0,1.0,0.0,0.0,Hybrid,20,0.75
dc07493a87dc0a6e,Alex Reyes,The Executioner,5.11,155.0,Orthodox,13,5,0,0,1.67,399.0,0.33,39.33,0.67,0.0,92.0,0.51,0.33,0.74,0.97,0.45,0.78,0.5,0.0,Lightweight,Male,0.0,1.0,0.0,0.0,Striker,18,0.7222222222222222
319fa1bd3176bded,Johnny Rhodes,No Nickname,6.0,210.0,Orthodox,2,1,0,0,1.0,329.0,0.33,9.33,0.33,0.33,209.916,0.51,0.48,0.33,0.83,0.65,0.5,0.34,0.33,Open Weight,Male,0.0,0.5,0.5,0.0,Striker,3,0.6666666666666666
beecb672a279223e,Amanda Ribas,No Nickname,5.4,115.0,Orthodox,13,7,0,0,2.69,742.69,0.0,45.69,0.92,0.46,179.15,0.43,0.38,0.63,0.77,0.37,0.63,0.52,0.46,Women's Strawweight,Female,3.0,0.33,0.17,0.5,Striker,20,0.65
972c456ff38b2015,Claudio Ribeiro,No Nickname,6.1,185.0,Orthodox,11,5,0,0,2.0,394.75,0.25,17.5,0.25,0.0,104.5,0.5,0.35,0.77,0.62,0.45,0.75,0.0,0.0,Middleweight,Male,0.0,1.0,0.0,0.0,Hybrid,16,0.6875
323d4ca260dfa0ba,Esteban Ribovics,El Gringo,5.1,155.0,Orthodox,15,2,0,0,2.67,756.17,0.17,81.17,2.33,0.17,142.33,0.41,0.35,0.8,0.81,0.39,0.56,0.17,0.17,Lightweight,Male,1.0,0.0,0.0,1.0,Striker,17,0.8823529411764706
3c921b1a30fdcbdd,Mike Ricci,The Martian,6.0,155.0,Southpaw,11,5,0,0,3.0,900.0,0.0,26.0,2.0,0.0,201.67,0.41,0.35,0.46,0.67,0.38,0.67,0.51,0.0,Lightweight,Male,2.0,0.0,0.0,1.0,Striker,16,0.6875
d25240135aee03e5,Tabatha Ricci,Baby Shark,5.1,115.0,Orthodox,12,3,0,0,2.7,769.3,0.0,53.0,1.1,0.0,80.7,0.34,0.27,0.62,0.69,0.31,0.65,0.55,0.0,Women's Strawweight,Female,4.0,0.0,0.0,1.0,Hybrid,15,0.8
37ed1ab2f8b819f4,Brad Riddell,Quake,5.7,155.0,Orthodox,10,4,0,0,2.43,655.0,0.14,49.71,0.57,0.29,72.57,0.48,0.42,0.65,0.7,0.46,0.67,0.47,0.29,Lightweight,Male,3.0,0.17,0.33,0.5,Striker,14,0.7142857142857143
d023ae89a2a4a41e,Matthew Riddle,Deep Waters,6.1,170.0,Southpaw,8,3,0,0,2.92,834.5,0.08,46.67,2.83,0.5,387.42,0.52,0.39,0.77,0.84,0.28,0.72,0.67,0.5,Welterweight,Male,7.0,0.0,0.0,0.88,Striker,11,0.7272727272727273
d512d9f204059f57,Joe Riggs,Diesel,6.0,185.0,Southpaw,44,17,0,0,1.58,333.75,0.08,13.92,1.0,0.17,109.08,0.46,0.37,0.42,0.4,0.32,0.54,0.28,0.17,Middleweight,Male,1.0,0.33,0.33,0.17,Hybrid,61,0.7213114754098361
f2c8ebbeafd45f2b,Aaron Riley,No Nickname,5.8,155.0,Southpaw,30,14,1,0,2.22,635.78,0.0,38.0,1.22,0.11,127.22,0.37,0.2,0.76,0.75,0.28,0.52,0.47,0.11,Lightweight,Male,4.0,0.0,0.0,1.0,Hybrid,45,0.6666666666666666
c07efc18b231f170,Jordan Rinaldi,All Day,5.1,145.0,Orthodox,14,7,0,0,2.2,621.4,0.0,19.2,0.6,0.4,93.2,0.35,0.28,0.41,0.63,0.27,0.39,0.56,0.4,Featherweight,Male,0.0,1.0,0.0,0.0,Hybrid,21,0.6666666666666666
b13da0b1a3aed3e7,Nick Ring,The Promise,6.0,185.0,Southpaw,14,4,0,0,3.0,885.5,0.0,58.17,1.5,0.5,182.67,0.43,0.33,0.71,0.75,0.37,0.72,0.42,0.5,Middleweight,Male,4.0,0.0,0.2,0.8,Striker,18,0.7777777777777778
af90b10c785ced3e,Mike Rio,The Wolverine,5.1,155.0,Orthodox,10,5,0,0,1.75,436.75,0.0,12.25,1.25,0.5,107.75,0.41,0.29,0.76,0.46,0.3,0.73,0.12,0.5,Lightweight,Male,0.0,0.0,1.0,0.0,Hybrid,15,0.6666666666666666
09f579be4520394a,Diego Rivas,Pitbull,5.8,145.0,Orthodox,10,2,0,0,2.75,755.75,0.0,18.5,1.25,1.5,254.0,0.43,0.32,0.56,0.94,0.34,0.81,0.75,1.5,Featherweight,Male,2.0,0.0,0.0,1.0,Wrestler,12,0.8333333333333334
cb46dface0e28a2c,Jorge Rivera,El Conquistador,6.1,185.0,Orthodox,20,9,0,0,2.0,462.6,0.4,25.2,0.53,0.13,151.4,0.47,0.33,0.49,0.63,0.34,0.43,0.38,0.13,Middleweight,Male,4.0,0.5,0.0,0.5,Hybrid,29,0.6896551724137931
7ea4a9f07df33a45,Francisco Rivera,Cisco,5.8,135.0,Orthodox,11,7,0,0,2.18,556.27,0.36,31.27,1.18,0.45,85.55,0.39,0.31,0.62,0.67,0.34,0.51,0.63,0.45,Bantamweight,Male,2.0,0.25,0.25,0.5,Hybrid,18,0.6111111111111112
9c907996820d2d69,Jimmie Rivera,El Terror,5.4,135.0,Orthodox,23,5,0,0,2.64,747.45,0.45,49.73,0.55,0.09,40.64,0.44,0.33,0.61,0.82,0.42,0.59,0.37,0.09,Featherweight,Male,5.0,0.17,0.0,0.83,Hybrid,28,0.8214285714285714
06a80a685ea98573,Irwin Rivera,The Beast,5.6,135.0,Southpaw,10,6,0,0,3.0,900.0,0.0,50.33,1.0,0.0,27.67,0.44,0.38,0.55,0.77,0.42,0.29,0.58,0.0,Bantamweight,Male,1.0,0.0,0.0,1.0,Hybrid,16,0.625
b44f39a5c6596953,Pedro Rizzo,The Rock,6.1,241.0,Orthodox,20,11,0,0,2.5,695.64,0.57,20.43,0.14,0.0,83.0,0.37,0.24,0.5,0.85,0.35,0.46,0.24,0.0,Heavyweight,Male,2.0,0.78,0.0,0.22,Hybrid,31,0.6451612903225806
37d5b176d438d2a5,Karl Roberson,Baby K,6.1,205.0,Southpaw,9,6,0,0,1.9,496.4,0.1,23.5,0.6,0.3,107.5,0.56,0.47,0.59,0.7,0.39,0.57,0.42,0.3,Middleweight,Male,2.0,0.0,0.5,0.5,Striker,15,0.6
a54a35a670d8e852,Andre Roberts,The Chief,6.2,345.0,Orthodox,14,2,1,0,1.0,107.0,0.5,6.0,0.0,0.0,28.0,0.58,0.6,0.0,0.0,0.56,0.19,0.5,0.0,Heavyweight,Male,0.0,1.0,0.0,0.0,Hybrid,17,0.8235294117647058
d1e6a6536ee62517,Tyrone Roberts,Native Warrior,5.9,185.0,Orthodox,43,12,1,0,3.0,900.0,0.0,16.0,1.0,0.0,288.0,0.26,0.21,0.6,1.0,0.27,0.31,0.0,0.0,Middleweight,Male,1.0,0.0,0.0,1.0,Hybrid,56,0.7678571428571429
22edaf53ad59a967,Daniel Roberts,Ninja,5.1,170.0,Southpaw,15,7,0,0,2.14,574.14,0.14,18.43,1.14,1.0,127.0,0.33,0.26,0.46,0.41,0.29,0.23,0.38,1.0,Welterweight,Male,2.0,0.0,0.33,0.67,Wrestler,22,0.6818181818181818
b2a2da86546ddb19,Buddy Roberts,No Nickname,6.2,185.0,Orthodox,12,3,0,0,2.5,692.5,0.0,25.0,0.0,0.5,4.5,0.36,0.32,0.66,0.54,0.34,0.93,0.5,0.5,Middleweight,Male,1.0,0.0,0.0,1.0,Hybrid,15,0.8
a6cba6bb66c1a8c9,Danny Roberts,Hot Chocolate,6.1,170.0,Southpaw,18,8,0,0,2.07,545.36,0.43,30.07,0.36,0.43,109.36,0.39,0.29,0.66,0.72,0.33,0.63,0.44,0.43,Welterweight,Male,3.0,0.5,0.2,0.3,Hybrid,26,0.6923076923076923
37c5366d18ed6c05,Roosevelt Roberts,The Predator,6.2,155.0,Orthodox,12,6,0,0,2.1,565.5,0.1,32.3,0.9,0.5,165.8,0.48,0.45,0.53,0.74,0.38,0.55,0.61,0.5,Lightweight,Male,2.0,0.2,0.4,0.4,Striker,18,0.6666666666666666
6e0273f9478be71e,Kenny Robertson,No Nickname,5.1,170.0,Orthodox,15,5,0,0,2.22,585.89,0.11,36.11,0.67,0.44,157.78,0.43,0.34,0.54,0.75,0.32,0.55,0.59,0.44,Welterweight,Male,2.0,0.25,0.25,0.5,Striker,20,0.75
38c7f72747f4f712,Gillian Robertson,The Savage,5.5,115.0,Orthodox,16,8,0,0,2.21,604.74,0.0,30.84,1.16,0.42,198.16,0.5,0.47,0.54,0.61,0.36,0.53,0.53,0.42,Women's Strawweight,Female,3.0,0.22,0.44,0.33,Striker,24,0.6666666666666666
cbe79765d44bd172,Alvin Robinson,No Nickname,5.9,155.0,Southpaw,15,9,0,0,2.0,546.25,0.0,14.25,0.75,0.75,167.25,0.42,0.4,0.5,0.12,0.29,0.25,0.27,0.75,Lightweight,Male,1.0,0.0,0.0,1.0,Wrestler,24,0.625
d403b1a6f278c95e,Vagner Rocha,Ceara,5.1,155.0,Orthodox,14,4,0,0,2.0,483.25,0.0,30.5,0.0,0.25,25.0,0.46,0.34,0.77,0.76,0.45,0.5,0.08,0.25,Lightweight,Male,1.0,0.0,0.0,1.0,Hybrid,18,0.7777777777777778
e0d3d9b564f95635,Lucas Rocha,Fenomeno,5.3,125.0,Orthodox,18,2,0,0,2.5,666.0,0.0,66.0,1.5,0.0,42.5,0.45,0.38,0.78,0.9,0.45,0.62,0.34,0.0,Flyweight,Male,1.0,0.0,0.0,1.0,Striker,20,0.9
c75b99887c8c3f5a,Keith Rockel,Rock,6.0,185.0,Orthodox,12,4,1,0,1.5,291.5,0.0,5.5,1.5,1.5,257.5,0.8,0.75,0.5,0.5,0.5,0.0,0.75,1.5,Middleweight,Male,0.0,0.0,1.0,0.0,Wrestler,17,0.7058823529411765
00e11b5c8b7bfeeb,Luke Rockhold,No Nickname,6.3,185.0,Southpaw,16,6,0,0,2.0,463.55,0.36,26.55,0.55,0.27,86.91,0.56,0.35,0.68,0.82,0.53,0.63,0.63,0.27,Middleweight,Male,0.0,0.6,0.4,0.0,Striker,22,0.7272727272727273
d1c65d2cf2925ddd,Gregory Rodrigues,Robocop,6.3,185.0,Orthodox,18,6,0,0,2.25,572.58,0.25,39.92,0.42,0.17,42.83,0.5,0.43,0.62,0.89,0.46,0.55,0.17,0.17,Middleweight,Male,0.0,1.0,0.0,0.0,Hybrid,24,0.75
102a8fdf8cbf7467,Kleydson Rodrigues,KR,5.5,135.0,Orthodox,8,4,0,0,2.0,528.5,0.0,29.0,0.0,0.0,80.0,0.52,0.37,0.6,0.71,0.49,0.42,0.44,0.0,Flyweight,Male,1.0,0.0,0.0,1.0,Hybrid,12,0.6666666666666666
50cc91ce2982785d,Ricco Rodriguez,Suave,6.4,265.0,Orthodox,53,25,0,0,2.71,711.86,0.0,25.43,2.43,0.86,339.29,0.58,0.54,0.69,0.67,0.34,0.75,0.48,0.86,Heavyweight,Male,0.0,1.0,0.0,0.0,Wrestler,78,0.6794871794871795
cbf5e6f231b55443,Yair Rodriguez,El Pantera,5.11,145.0,Orthodox,21,6,0,0,2.88,793.75,0.19,60.19,0.88,0.62,92.81,0.51,0.37,0.69,0.76,0.47,0.61,0.48,0.62,Featherweight,Male,6.0,0.2,0.2,0.6,Striker,27,0.7777777777777778
18b602842a24f7c5,Mike Rodriguez,Slo Mike,6.4,205.0,Southpaw,11,7,0,0,2.12,554.12,0.25,46.5,0.88,0.25,145.12,0.62,0.43,0.84,0.67,0.56,0.5,0.57,0.25,Light Heavyweight,Male,1.0,0.0,0.5,0.5,Striker,18,0.6111111111111112
cd2c4d30c6e13b47,Marina Rodriguez,No Nickname,5.6,115.0,Orthodox,17,6,2,0,3.07,866.47,0.13,55.33,0.73,0.2,171.13,0.45,0.39,0.67,0.68,0.36,0.62,0.5,0.2,Women's Strawweight,Female,5.0,0.44,0.0,0.56,Striker,25,0.68
8a1f3b5c526cd6e6,Daniel Rodriguez,D-Rod,6.1,170.0,Southpaw,20,5,0,0,2.5,696.43,0.36,70.79,0.79,0.0,59.64,0.46,0.37,0.66,0.84,0.46,0.32,0.27,0.0,Welterweight,Male,3.0,0.5,0.0,0.5,Hybrid,25,0.8
f2900678e98f6d6a,Ronaldo Rodriguez,Lazy Boy,5.6,125.0,Orthodox,17,3,0,0,2.67,799.67,0.33,49.67,0.33,0.33,244.0,0.51,0.46,0.71,0.94,0.4,0.49,0.78,0.33,Flyweight,Male,2.0,0.0,0.33,0.67,Striker,20,0.85
e375cb5caf4717b6,Piera Rodriguez,La Fiera,5.3,115.0,Orthodox,11,2,0,0,2.67,776.17,0.0,41.83,2.67,0.0,139.33,0.44,0.34,0.88,0.7,0.38,0.61,0.33,0.0,Women's Strawweight,Female,3.0,0.0,0.0,0.75,Striker,13,0.8461538461538461
5ec591b78349ba7e,Christian Rodriguez,Ceerod,5.7,145.0,Orthodox,12,4,0,0,2.56,759.56,0.0,43.67,1.33,1.11,156.56,0.46,0.42,0.67,0.56,0.41,0.48,0.81,1.11,Featherweight,Male,4.0,0.0,0.2,0.8,Wrestler,16,0.75
ab943cd2c3c17825,Marcos Rogerio de Lima,Pezao,6.1,253.0,Orthodox,22,10,1,0,1.61,343.0,0.28,18.28,0.39,0.17,87.28,0.55,0.48,0.61,0.57,0.42,0.34,0.44,0.17,Heavyweight,Male,1.0,0.5,0.38,0.12,Hybrid,33,0.6666666666666666
2804ce8dadab5770,Marcelo Rojo,Pitbull,5.8,145.0,Orthodox,16,10,0,0,2.67,651.0,0.33,50.67,0.67,0.0,75.0,0.33,0.23,0.75,0.94,0.3,0.66,0.29,0.0,Featherweight,Male,0.0,1.0,0.0,0.0,Hybrid,26,0.6153846153846154
75e0d3cc2262b732,Shane Roller,No Nickname,5.1,155.0,Orthodox,11,7,0,0,2.17,535.0,0.0,23.0,0.67,0.5,113.83,0.28,0.26,0.31,0.5,0.25,0.4,0.28,0.5,Lightweight,Male,0.0,0.0,1.0,0.0,Hybrid,18,0.6111111111111112
c0badf3243907e59,Alexandr Romanov,King Kong,6.2,262.0,Southpaw,18,3,0,0,2.0,521.2,0.0,32.8,2.6,0.5,254.2,0.56,0.44,0.53,0.68,0.4,0.5,0.52,0.5,Heavyweight,Male,3.0,0.14,0.43,0.43,Striker,21,0.8571428571428571
f77c68bb4be8516d,Yoel Romero,Soldier of God,6.0,185.0,Southpaw,13,5,0,0,3.31,883.23,0.31,45.62,0.54,0.08,55.08,0.4,0.29,0.56,0.77,0.37,0.44,0.41,0.08,Middleweight,Male,2.0,0.5,0.0,0.5,Hybrid,18,0.7222222222222222
82cbb809d5ee565c,Mara Romero Borella,No Nickname,5.6,125.0,Orthodox,12,9,0,0,2.14,563.57,0.0,23.86,1.14,0.14,142.86,0.49,0.4,0.43,0.89,0.38,0.48,0.68,0.14,Women's Flyweight,Female,1.0,0.0,0.5,0.5,Striker,21,0.5714285714285714
8173f134396cb971,Cortavious Romious,No Nickname,5.4,135.0,Southpaw,9,4,0,0,2.5,714.0,0.0,30.5,3.0,0.5,355.5,0.48,0.46,0.55,0.34,0.32,0.0,0.74,0.5,Bantamweight,Male,0.0,1.0,0.0,0.0,Wrestler,13,0.6923076923076923
a13d755965a4ec9f,Rongzhu,No Nickname,5.9,155.0,Orthodox,27,6,0,0,2.83,804.83,0.33,91.33,1.5,0.33,138.33,0.56,0.53,0.7,0.76,0.55,0.54,0.26,0.33,Lightweight,Male,2.0,0.4,0.2,0.4,Striker,33,0.8181818181818182
5580771f383e141f,Jesse Ronson,The Body Snatcher,5.1,155.0,Southpaw,21,12,0,0,2.33,657.67,0.17,39.0,0.83,0.17,88.33,0.48,0.38,0.64,0.76,0.46,0.44,0.44,0.17,Lightweight,Male,1.0,0.0,0.0,1.0,Striker,33,0.6363636363636364
3c0437fbeda06962,George Roop,No Nickname,6.1,135.0,Orthodox,15,13,1,0,2.38,625.0,0.23,29.0,0.85,0.15,152.62,0.36,0.26,0.62,0.74,0.29,0.4,0.55,0.15,Bantamweight,Male,3.0,0.4,0.0,0.6,Hybrid,29,0.5172413793103449
11f8860028b68fcf,Aaron Rosa,No Nickname,6.4,205.0,Orthodox,18,6,0,0,2.33,571.33,0.0,44.0,0.0,0.0,20.33,0.33,0.25,0.58,0.6,0.24,0.5,0.0,0.0,Light Heavyweight,Male,1.0,0.0,0.0,1.0,Hybrid,24,0.75
40093d1d2d78394e,Charles Rosa,Boston Strong,5.9,145.0,Switch,14,8,0,0,2.85,828.31,0.08,45.38,2.15,1.15,217.85,0.44,0.32,0.64,0.82,0.42,0.33,0.39,1.15,Featherweight,Male,5.0,0.0,0.29,0.71,Wrestler,22,0.6363636363636364
351c4ec637380ad5,Karol Rosa,No Nickname,5.5,135.0,Orthodox,19,7,0,0,3.0,900.0,0.08,86.33,1.33,0.17,293.17,0.55,0.44,0.77,0.81,0.51,0.73,0.5,0.17,Women's Bantamweight,Female,8.0,0.0,0.0,1.0,Striker,26,0.7307692307692307
fe2babf95de24fb1,Raul Rosas Jr.,El Nino Problema,5.9,135.0,Switch,11,1,0,0,2.17,560.0,0.17,19.0,2.33,0.5,329.67,0.47,0.43,0.49,0.44,0.38,0.18,0.64,0.5,Bantamweight,Male,3.0,0.17,0.33,0.5,Wrestler,12,0.9166666666666666
4f2fcbefb668689d,Jake Rosholt,No Nickname,6.1,185.0,Orthodox,12,5,0,0,1.67,330.67,0.0,9.33,2.33,0.67,98.33,0.47,0.4,0.22,0.61,0.31,0.38,0.51,0.67,Middleweight,Male,0.0,0.0,1.0,0.0,Wrestler,17,0.7058823529411765
91ea901c458e95dd,Jared Rosholt,No Nickname,6.2,265.0,Orthodox,14,4,0,0,2.75,799.12,0.12,25.12,1.12,0.12,193.25,0.49,0.44,0.76,0.64,0.35,0.44,0.7,0.12,Heavyweight,Male,3.0,0.4,0.0,0.6,Striker,18,0.7777777777777778
51c655162e462ceb,Shannon Ross,The Turkish Delight,5.6,125.0,Switch,13,9,0,0,1.33,205.0,0.67,21.0,0.0,0.0,0.33,0.56,0.59,0.58,0.79,0.58,0.28,0.0,0.0,Flyweight,Male,0.0,1.0,0.0,0.0,Hybrid,22,0.5909090909090909
bd58d34e39b7b12a,Ben Rothwell,No Nickname,6.4,265.0,Orthodox,39,14,0,0,2.35,602.35,0.06,47.35,0.59,0.35,123.06,0.52,0.45,0.66,0.66,0.49,0.57,0.16,0.35,Heavyweight,Male,5.0,0.22,0.22,0.56,Striker,53,0.7358490566037735
749f572d1d3161fb,Khalil Rountree Jr.,No Nickname,6.1,205.0,Southpaw,15,7,0,0,2.28,583.89,0.28,36.17,0.11,0.11,16.67,0.43,0.34,0.64,0.6,0.41,0.5,0.26,0.11,Light Heavyweight,Male,1.0,0.67,0.17,0.17,Hybrid,22,0.6818181818181818
8bdac25ce0bb874d,Ronda Rousey,Rowdy,5.7,135.0,Orthodox,12,2,0,0,1.38,185.5,0.38,17.38,1.12,0.62,90.38,0.63,0.49,0.84,0.38,0.38,0.66,0.4,0.62,Women's Bantamweight,Female,0.0,0.57,0.43,0.0,Striker,14,0.8571428571428571
8e382b585a92affe,Phil Rowe,The Fresh Prince,6.3,170.0,Orthodox,11,6,0,0,2.75,780.62,0.25,53.38,1.5,0.0,252.38,0.51,0.43,0.57,0.94,0.48,0.51,0.62,0.0,Welterweight,Male,2.0,0.5,0.0,0.5,Striker,17,0.6470588235294118
8ebc3a8da015d70c,Cam Rowston,No Nickname,6.3,185.0,Orthodox,13,3,0,0,1.0,161.0,1.0,12.0,0.0,0.0,36.0,0.33,0.26,0.5,1.0,0.42,0.0,0.24,0.0,Middleweight,Male,0.0,1.0,0.0,0.0,Hybrid,16,0.8125
6e15f63b6c2e2c15,Brandon Royval,Raw Dawg,5.9,125.0,Southpaw,17,8,0,0,2.73,737.64,0.27,62.82,1.0,0.64,76.0,0.47,0.39,0.64,0.69,0.44,0.53,0.53,0.64,Flyweight,Male,3.0,0.2,0.2,0.6,Striker,25,0.68
2cd428e9606856fd,Jairzinho Rozenstruik,Bigi Boy,6.2,242.0,Orthodox,15,6,0,0,2.27,567.47,0.13,30.93,0.47,0.07,76.87,0.49,0.38,0.5,0.64,0.45,0.26,0.3,0.07,Heavyweight,Male,1.0,0.6,0.2,0.2,Hybrid,21,0.7142857142857143
140745cbbcb023ac,Mauricio Rua,Shogun,6.1,205.0,Orthodox,27,14,1,0,2.5,662.08,0.71,41.46,1.58,0.21,175.17,0.56,0.48,0.75,0.7,0.49,0.58,0.61,0.21,Light Heavyweight,Male,6.0,0.65,0.05,0.3,Striker,42,0.6428571428571429
597db668b01c442c,Marco Ruas,King of the Streets,6.1,210.0,Orthodox,9,4,2,0,1.0,547.67,0.17,10.0,0.5,1.33,221.0,0.68,0.43,0.17,0.59,0.47,0.28,0.34,1.33,Open Weight,Male,0.0,0.25,0.75,0.0,Wrestler,15,0.6
9c393e836a852f30,Mauricio Ruffy,No Nickname,5.11,155.0,Orthodox,12,2,0,0,1.75,446.25,0.5,25.25,0.0,0.0,13.5,0.44,0.4,0.35,0.6,0.43,0.5,0.44,0.0,Lightweight,Male,1.0,0.5,0.0,0.5,Hybrid,14,0.8571428571428571
353de740bb6c7e75,Mike Russow,No Nickname,6.1,255.0,Orthodox,15,3,0,0,2.33,638.5,0.0,27.5,2.67,0.33,244.33,0.44,0.41,0.63,0.29,0.33,0.31,0.42,0.33,Heavyweight,Male,2.0,0.33,0.0,0.67,Wrestler,18,0.8333333333333334
03688dc3c3af3ac1,Bas Rutten,El Guapo,6.1,205.0,Orthodox,28,4,1,0,2.5,607.5,0.5,24.5,0.0,0.5,192.008,0.56,0.46,0.8,1.0,0.4,0.8,0.88,0.5,Heavyweight,Male,1.0,0.5,0.0,0.5,Striker,33,0.8484848484848485
49d2a08964c5eb11,Nursulton Ruziboev,Black,6.5,185.0,Orthodox,36,9,2,0,2.0,481.6,0.6,17.4,0.4,0.4,77.0,0.49,0.29,0.48,0.65,0.48,0.41,0.54,0.4,Middleweight,Male,0.0,1.0,0.0,0.0,Hybrid,47,0.7659574468085106
3c8a5200436e19f3,Cameron Saaiman,MSP,5.8,135.0,Southpaw,9,3,0,0,2.17,547.17,0.0,40.67,0.33,0.33,95.33,0.49,0.36,0.72,0.77,0.38,0.59,0.22,0.33,Bantamweight,Male,0.0,1.0,0.0,0.0,Striker,12,0.75
b8bbdeff718dbb7d,Pat Sabatini,No Nickname,5.8,145.0,Orthodox,21,5,0,0,2.1,542.6,0.1,16.1,2.5,0.7,363.2,0.64,0.47,0.72,0.65,0.51,0.62,0.69,0.7,Featherweight,Male,5.0,0.0,0.17,0.83,Wrestler,26,0.8076923076923077
2650e2f846a30f64,Amir Sadollah,No Nickname,5.1,170.0,Orthodox,6,5,0,0,2.55,719.82,0.0,57.64,1.09,0.27,167.55,0.46,0.33,0.54,0.74,0.42,0.58,0.45,0.27,Welterweight,Male,6.0,0.0,0.14,0.86,Striker,11,0.5454545454545454
ff62013d2fce6d13,Nazim Sadykhov,Black Wolf,5.1,155.0,Southpaw,11,2,1,0,2.17,560.17,0.5,52.17,1.17,0.5,122.17,0.55,0.48,0.71,0.8,0.5,0.61,0.53,0.5,Lightweight,Male,0.0,0.75,0.25,0.0,Striker,14,0.7857142857142857
9ba2226646046b63,Frankie Saenz,No Nickname,5.6,135.0,Orthodox,13,7,0,0,2.8,775.6,0.4,47.1,0.8,0.2,57.1,0.45,0.34,0.72,0.82,0.41,0.58,0.51,0.2,Bantamweight,Male,3.0,0.4,0.0,0.6,Striker,20,0.65
0749d968e932df53,Tarec Saffiedine,Sponge,5.1,170.0,Switch,16,7,0,0,3.33,964.67,0.5,67.83,0.67,0.33,191.67,0.47,0.34,0.74,0.87,0.42,0.58,0.26,0.33,Welterweight,Male,4.0,0.0,0.0,1.0,Striker,23,0.6956521739130435
4ac1ecf8ce59ef23,Jason Saggo,No Nickname,5.11,155.0,Orthodox,12,4,0,0,2.17,643.83,0.17,35.5,1.67,0.0,203.83,0.46,0.43,0.5,0.64,0.31,0.22,0.68,0.0,Lightweight,Male,3.0,0.5,0.0,0.5,Striker,16,0.75
296a120cb880477b,Kiru Sahota,No Nickname,5.1,125.0,Orthodox,12,3,0,0,1.0,156.0,1.0,12.0,0.0,0.0,1.0,0.63,0.5,0.67,1.0,0.71,0.0,0.0,0.0,Flyweight,Male,0.0,1.0,0.0,0.0,Hybrid,15,0.8
c2299ec916bc7c56,Benoit Saint Denis,God of War,5.11,155.0,Southpaw,16,3,0,0,1.82,415.45,0.27,35.36,1.73,0.45,143.18,0.58,0.42,0.87,0.78,0.52,0.81,0.49,0.45,Lightweight,Male,0.0,0.5,0.5,0.0,Striker,19,0.8421052631578947
50db8711c70196cd,Ovince Saint Preux,No Nickname,6.3,205.0,Southpaw,27,18,0,0,2.21,552.07,0.32,34.18,0.32,0.32,62.04,0.53,0.36,0.65,0.62,0.47,0.52,0.33,0.32,Light Heavyweight,Male,4.0,0.41,0.35,0.24,Hybrid,45,0.6
fb41432b622992a9,Lukasz Sajewski,Wookie,5.8,155.0,Orthodox,13,3,0,0,2.0,592.33,0.0,29.33,0.33,0.0,34.33,0.39,0.33,0.53,0.82,0.39,0.39,0.33,0.0,Lightweight,Male,0.0,1.0,0.0,0.0,Hybrid,16,0.8125
441eacbe20e0e80b,Augusto Sakai,No Nickname,6.3,265.0,Orthodox,16,5,1,0,2.56,663.89,0.11,53.33,1.0,0.11,150.11,0.55,0.43,0.7,0.64,0.49,0.54,0.39,0.11,Heavyweight,Male,1.0,0.75,0.0,0.25,Striker,22,0.7272727272727273
7f955f71fa2ce7ac,Alessio Sakara,Legionarius,6.0,185.0,Orthodox,19,11,0,0,1.47,302.33,0.27,20.6,1.07,0.07,117.93,0.47,0.44,0.53,0.33,0.36,0.43,0.47,0.07,Middleweight,Male,3.0,0.5,0.12,0.38,Hybrid,30,0.6333333333333333
4690d47bf725fd98,Gokhan Saki,The Rebel,6.0,205.0,Orthodox,1,2,0,0,1.0,190.5,1.5,24.5,0.0,0.0,6.5,0.56,0.55,0.34,0.5,0.44,0.5,0.5,0.0,Light Heavyweight,Male,0.0,1.0,0.0,0.0,Hybrid,3,0.3333333333333333
9b198c73e3d0d289,Justin Salas,J-Bomb,5.8,155.0,Southpaw,12,7,0,0,1.71,423.29,0.29,17.0,0.14,0.0,15.43,0.39,0.27,0.62,0.65,0.31,0.57,0.34,0.0,Lightweight,Male,0.0,1.0,0.0,0.0,Hybrid,19,0.631578947368421
394f55ebca199124,Ivan Salaverry,No Nickname,6.0,185.0,Orthodox,14,9,0,0,1.86,440.71,0.14,16.43,0.29,1.43,65.57,0.54,0.23,0.75,0.53,0.42,0.48,0.24,1.43,Middleweight,Male,0.0,0.33,0.67,0.0,Wrestler,23,0.6086956521739131
12e0fdc606f7e274,Luis Saldana,No Nickname,5.11,145.0,Orthodox,16,7,1,0,3.0,900.0,0.5,72.0,0.75,0.25,113.25,0.47,0.35,0.72,0.81,0.46,0.76,0.4,0.25,Featherweight,Male,2.0,0.0,0.0,1.0,Striker,24,0.6666666666666666
447f9858ae78f921,Muslim Salikhov,King of Kung Fu,5.11,170.0,Orthodox,22,6,0,0,2.07,542.29,0.21,25.21,0.79,0.07,46.21,0.4,0.29,0.55,0.74,0.38,0.39,0.33,0.07,Welterweight,Male,1.0,0.6,0.2,0.2,Hybrid,28,0.7857142857142857
17734443a833cdf7,Quillan Salkilld,No Nickname,6.0,155.0,Orthodox,10,1,0,0,1.67,356.33,0.33,31.67,2.67,0.0,152.0,0.75,0.64,0.98,1.0,0.73,0.56,0.55,0.0,Lightweight,Male,1.0,0.5,0.0,0.5,Striker,11,0.9090909090909091
98e946879ba20c0f,Boston Salmon,Boom Boom,5.9,135.0,Southpaw,6,3,0,0,1.0,80.0,0.5,8.5,0.0,0.0,22.5,0.77,0.66,0.44,0.5,0.76,0.5,0.5,0.0,Bantamweight,Male,0.0,1.0,0.0,0.0,Striker,9,0.6666666666666666
9deff9e3e8d94d47,Josh Samman,Anqa,6.3,185.0,Orthodox,13,4,0,0,2.0,495.2,0.2,22.4,0.8,0.4,232.8,0.58,0.49,0.48,0.6,0.48,0.34,0.4,0.4,Middleweight,Male,0.0,0.33,0.67,0.0,Striker,17,0.7647058823529411
f65dcb22dada2223,Josh Sampo,The Gremlin,5.4,125.0,Orthodox,11,5,0,0,2.25,639.25,0.0,21.25,0.75,1.5,107.25,0.34,0.27,0.52,0.56,0.32,0.48,0.52,1.5,Flyweight,Male,0.0,0.0,1.0,0.0,Wrestler,16,0.6875
82e7929bf6c2b689,Diego Sanchez,Nightmare,5.1,170.0,Southpaw,31,13,0,0,2.62,744.59,0.31,40.34,1.34,0.47,221.62,0.44,0.39,0.67,0.43,0.32,0.54,0.49,0.47,Welterweight,Male,16.0,0.29,0.0,0.67,Wrestler,44,0.7045454545454546
7f0b4a75ef3039a3,Eddie Sanchez,The Manic Hispanic,6.2,230.0,Orthodox,15,8,0,0,2.17,530.17,0.67,30.5,0.67,0.0,138.33,0.4,0.36,0.71,0.43,0.26,0.73,0.47,0.0,Heavyweight,Male,0.0,1.0,0.0,0.0,Hybrid,23,0.6521739130434783
b12fc8a41e82d3a2,Joby Sanchez,No Nickname,5.6,135.0,Orthodox,11,4,0,0,2.4,675.6,0.4,34.2,0.2,0.0,21.8,0.3,0.29,0.46,0.57,0.29,0.29,0.31,0.0,Flyweight,Male,0.0,1.0,0.0,0.0,Hybrid,15,0.7333333333333333
fccf811c1e8b01c7,Andrew Sanchez,El Dirte,6.1,185.0,Orthodox,13,7,0,0,2.8,777.8,0.1,68.5,1.0,0.0,148.6,0.5,0.44,0.72,0.85,0.44,0.55,0.54,0.0,Middleweight,Male,3.0,0.57,0.0,0.43,Striker,20,0.65
546f8599a63c29da,Robert Sanchez,Littlefury,5.6,125.0,Orthodox,8,2,0,0,1.67,415.33,0.0,9.33,2.0,0.67,243.0,0.52,0.46,0.33,0.5,0.41,0.33,0.36,0.67,Flyweight,Male,1.0,0.0,0.5,0.5,Wrestler,10,0.8
96428b9e9bd048ea,Luke Sanders,Cool Hand,5.6,135.0,Southpaw,13,5,0,0,2.0,472.25,0.38,42.75,0.62,0.25,68.75,0.5,0.41,0.67,0.68,0.45,0.62,0.49,0.25,Bantamweight,Male,2.0,0.25,0.25,0.5,Striker,18,0.7222222222222222
65f09bacd3957381,Cory Sandhagen,No Nickname,5.11,135.0,Switch,18,6,0,0,3.19,882.94,0.12,61.25,1.62,0.31,191.75,0.43,0.32,0.62,0.73,0.42,0.29,0.31,0.31,Bantamweight,Male,3.0,0.5,0.12,0.38,Striker,24,0.75
449c890bd90f3374,Hector Sandoval,Kid Alex,5.2,125.0,Orthodox,14,4,0,0,1.5,322.0,0.0,17.75,1.25,0.5,56.0,0.42,0.34,0.66,0.67,0.37,0.31,0.21,0.5,Flyweight,Male,1.0,0.5,0.0,0.5,Hybrid,18,0.7777777777777778
57887765f831e228,Roldan Sangcha'an,The Executioner,5.4,125.0,Orthodox,4,2,0,0,2.5,696.5,0.5,29.5,1.0,1.5,155.5,0.43,0.33,0.62,0.94,0.35,0.61,0.28,1.5,Flyweight,Male,0.0,0.0,1.0,0.0,Wrestler,6,0.6666666666666666
f8dc544e7077d014,Jorge Santiago,The Sandman,6.1,170.0,Orthodox,25,12,0,0,2.33,600.33,0.17,17.33,0.33,0.5,56.67,0.38,0.32,0.63,0.62,0.35,0.51,0.39,0.5,Middleweight,Male,0.0,1.0,0.0,0.0,Hybrid,37,0.6756756756756757
bc656db347f31e19,Mike Santiago,No Nickname,5.1,145.0,Orthodox,19,12,0,0,2.0,504.0,0.0,40.33,1.67,1.33,182.67,0.75,0.73,0.53,0.56,0.69,0.73,0.87,1.33,Featherweight,Male,0.0,0.5,0.5,0.0,Wrestler,31,0.6129032258064516
14aa21bc82cac57d,Iliarde Santos,No Nickname,5.5,125.0,Orthodox,30,13,1,0,2.0,540.67,0.0,33.33,0.33,0.0,35.0,0.33,0.2,0.41,1.0,0.28,0.67,0.57,0.0,Flyweight,Male,0.0,1.0,0.0,0.0,Hybrid,44,0.6818181818181818
9c65736747ca92ec,Leonardo Santos,No Nickname,6.0,155.0,Orthodox,18,7,1,0,2.36,650.45,0.18,39.55,0.73,0.09,151.64,0.47,0.37,0.62,0.92,0.43,0.52,0.51,0.09,Lightweight,Male,4.0,0.29,0.14,0.57,Striker,26,0.6923076923076923
dea070ed4a2a8281,Thiago Santos,Marreta,6.2,205.0,Orthodox,22,11,0,0,2.38,597.12,0.33,34.96,0.46,0.17,115.42,0.44,0.34,0.55,0.57,0.36,0.54,0.44,0.17,Light Heavyweight,Male,4.0,0.57,0.14,0.29,Hybrid,33,0.6666666666666666
da1d8d76404bb6b5,Bruno Santos,Carioca,5.9,185.0,Orthodox,15,2,0,0,3.0,900.0,0.0,25.0,1.67,0.33,129.67,0.42,0.3,0.86,0.96,0.33,0.72,0.28,0.33,Middleweight,Male,1.0,0.0,0.0,1.0,Striker,17,0.8823529411764706
3143bf892608139a,Yana Santos,No Nickname,5.6,135.0,Orthodox,17,8,0,0,2.67,767.75,0.08,44.0,0.75,0.17,182.0,0.52,0.37,0.79,0.82,0.41,0.84,0.38,0.17,Women's Bantamweight,Female,4.0,0.0,0.0,1.0,Striker,25,0.68
b67d6bacc68d4c92,Daniel Santos,Willycat,5.7,145.0,Orthodox,14,2,0,0,2.6,717.8,0.4,54.6,2.6,0.0,253.2,0.44,0.39,0.58,0.76,0.35,0.58,0.67,0.0,Catch Weight,Male,2.0,0.33,0.0,0.67,Striker,16,0.875
5078e1dacf9d25f4,Luana Santos,No Nickname,5.6,135.0,Orthodox,9,2,0,0,2.0,565.4,0.0,27.0,1.2,0.8,250.8,0.5,0.43,0.61,0.56,0.5,0.38,0.2,0.8,Women's Bantamweight,Female,1.0,0.0,0.67,0.33,Striker,11,0.8181818181818182
312f7d7b2b2f7de4,Djorden Santos,Shakur,6.0,185.0,Orthodox,11,2,0,0,3.0,900.0,0.0,114.0,0.0,0.0,0.0,0.52,0.46,0.74,0.9,0.52,0.42,0.5,0.0,Middleweight,Male,1.0,0.0,0.0,1.0,Striker,13,0.8461538461538461
480779d7f9a424d3,Mairon Santos,The Legend,5.7,145.0,Orthodox,18,1,0,0,2.75,702.75,0.0,31.0,0.25,0.0,86.25,0.41,0.31,0.51,0.6,0.4,0.78,0.0,0.0,Featherweight,Male,1.0,0.0,0.0,1.0,Hybrid,19,0.9473684210526315
7e47047d0971d566,Daniel Sarafian,No Nickname,5.9,185.0,Orthodox,10,6,0,0,1.83,422.17,0.17,21.33,0.67,0.33,77.5,0.53,0.4,0.57,0.73,0.51,0.13,0.23,0.33,Middleweight,Male,1.0,0.4,0.4,0.2,Hybrid,16,0.625
57186c150c645200,Jeka Saragih,No Nickname,5.8,145.0,Orthodox,14,5,0,0,1.25,188.0,0.5,12.0,1.0,1.0,116.75,0.48,0.48,0.21,0.5,0.37,0.0,0.63,1.0,Featherweight,Male,0.0,0.75,0.25,0.0,Wrestler,19,0.7368421052631579
7c3c48cf54a2848e,Yuta Sasaki,Ulka,5.1,125.0,Southpaw,21,6,2,0,1.78,429.56,0.11,14.78,0.78,0.22,69.44,0.43,0.36,0.58,0.48,0.37,0.37,0.45,0.22,Flyweight,Male,0.0,0.0,1.0,0.0,Hybrid,29,0.7241379310344828
7b143a54451263d9,Paul Sass,No Nickname,6.0,155.0,Orthodox,14,2,0,0,1.4,341.4,0.0,10.6,0.8,1.2,180.6,0.5,0.43,0.6,0.6,0.46,0.0,0.46,1.2,Lightweight,Male,1.0,0.0,0.67,0.33,Wrestler,16,0.875
8abac218746e04ca,Takashi Sato,Ten,5.1,170.0,Southpaw,16,7,0,0,2.14,507.57,0.29,21.71,0.57,0.0,107.29,0.45,0.33,0.58,0.56,0.39,0.23,0.22,0.0,Welterweight,Male,1.0,0.5,0.0,0.5,Hybrid,23,0.6956521739130435
484acc7b0f856ce9,Ben Saunders,Killa B,6.2,170.0,Orthodox,22,13,2,0,1.95,475.11,0.32,29.32,0.58,0.63,159.84,0.55,0.41,0.7,0.58,0.48,0.48,0.52,0.63,Welterweight,Male,3.0,0.44,0.22,0.33,Wrestler,37,0.5945945945945946
5b8ba8f5512893b1,Matt Sayles,No Nickname,5.7,155.0,Orthodox,8,4,0,0,2.25,595.25,0.0,28.5,0.75,1.25,76.0,0.39,0.32,0.53,0.22,0.26,0.28,0.25,1.25,Featherweight,Male,1.0,0.0,0.0,1.0,Wrestler,12,0.6666666666666666
f59f1d3a2ff13edd,Eric Schafer,Red,6.3,185.0,Orthodox,14,8,2,0,1.89,497.33,0.0,20.44,1.11,1.0,162.44,0.53,0.44,0.65,0.49,0.24,0.57,0.68,1.0,Light Heavyweight,Male,1.0,0.25,0.5,0.25,Wrestler,24,0.5833333333333334
89a407032911e27e,Brendan Schaub,Big Brown,6.4,245.0,Orthodox,10,5,0,0,1.73,423.45,0.36,18.82,0.73,0.18,105.91,0.46,0.45,0.55,0.1,0.35,0.64,0.49,0.18,Heavyweight,Male,2.0,0.5,0.17,0.33,Hybrid,15,0.6666666666666666
d5ed14b2153c6ed2,Semmy Schilt,Hightower,6.1,265.0,Orthodox,26,14,1,0,1.5,324.5,1.0,8.0,0.0,0.0,27.0,0.78,0.18,0.44,0.84,0.78,0.25,0.5,0.0,Heavyweight,Male,0.0,1.0,0.0,0.0,Hybrid,41,0.6341463414634146
67c1d46f4ed16f9e,Matt Schnell,Danger,5.8,125.0,Orthodox,17,10,0,0,1.88,466.25,0.12,32.12,0.19,0.56,41.19,0.46,0.4,0.59,0.71,0.41,0.37,0.3,0.56,Flyweight,Male,4.0,0.12,0.38,0.5,Hybrid,27,0.6296296296296297
c1684f00c626f4c0,Mark Schultz,No Nickname,5.9,200.0,Orthodox,1,1,0,0,1.0,720.0,0.0,8.0,3.0,0.0,123.55800000000002,0.27,0.26,1.0,0.0,0.5,0.0,0.26,0.0,Open Weight,Male,0.0,1.0,0.0,0.0,Hybrid,2,0.5
9fa568ad2bf2cb0b,Justin Scoggins,No Nickname,5.7,125.0,Southpaw,11,5,0,0,2.44,671.56,0.0,30.22,1.22,0.22,111.33,0.46,0.37,0.6,0.6,0.4,0.54,0.53,0.22,Flyweight,Male,3.0,0.0,0.25,0.75,Striker,16,0.6875
34e552520a934063,Brad Scott,Bear,6.1,170.0,Orthodox,11,6,0,0,2.38,697.62,0.38,45.75,1.38,0.38,140.38,0.46,0.36,0.61,0.79,0.4,0.54,0.76,0.38,Middleweight,Male,4.0,0.17,0.17,0.67,Striker,17,0.6470588235294118
49a74b9fb2e45fdf,Neil Seery,2Tap,5.4,125.0,Orthodox,16,13,0,0,2.86,829.0,0.14,49.43,1.57,1.71,154.43,0.42,0.38,0.52,0.56,0.37,0.61,0.5,1.71,Flyweight,Male,3.0,0.0,0.25,0.75,Wrestler,29,0.5517241379310345
0359313549d230a1,Pete Sell,Drago,5.11,170.0,Orthodox,10,7,0,0,2.29,563.14,0.14,24.43,0.57,0.57,83.86,0.29,0.23,0.62,0.55,0.26,0.41,0.25,0.57,Welterweight,Male,1.0,0.0,0.5,0.5,Hybrid,17,0.5882352941176471
4aa58269d0664b5b,Matthew Semelsberger,Semi The Jedi,6.1,170.0,Switch,11,8,0,0,2.45,648.91,0.55,39.64,1.0,0.27,96.09,0.49,0.42,0.61,0.76,0.5,0.5,0.43,0.27,Welterweight,Male,2.0,0.67,0.0,0.33,Striker,19,0.5789473684210527
51b1e2fd9872005b,Mackens Semerzier,Da Menace,5.9,145.0,Orthodox,8,4,0,0,1.67,345.67,0.33,22.0,0.33,0.67,96.67,0.49,0.38,0.63,0.62,0.46,0.53,0.62,0.67,Featherweight,Male,0.0,0.0,1.0,0.0,Striker,12,0.6666666666666666
86dfed7cc24a9fa7,Matt Serra,The Terra,5.6,170.0,Orthodox,11,7,0,0,2.5,721.57,0.36,25.86,1.64,0.71,246.71,0.38,0.28,0.72,0.69,0.27,0.5,0.46,0.71,Welterweight,Male,5.0,0.25,0.12,0.62,Wrestler,18,0.6111111111111112
6ad8e4296f7522d9,Igor Severino,No Nickname,5.7,125.0,Orthodox,8,1,0,0,2.0,472.0,0.0,30.0,1.0,2.0,24.0,0.51,0.4,0.67,1.0,0.52,0.5,0.0,2.0,Flyweight,Male,0.0,0.0,0.0,0.0,Wrestler,9,0.8888888888888888
c670aa48827d6be6,Dan Severn,The Beast,6.2,250.0,Southpaw,101,19,1,0,1.23,342.38,0.0,9.08,0.69,0.46,0.0,0.51,0.41,0.15,0.35,0.14,0.21,0.39,0.46,Open Weight,Male,3.0,0.11,0.56,0.33,Wrestler,121,0.8347107438016529
5dfe71ade71f3a4b,Rosi Sexton,The Surgeon,5.3,135.0,Orthodox,13,5,0,0,3.0,900.0,0.0,120.0,1.0,0.0,232.5,0.57,0.55,0.94,1.0,0.53,0.5,1.0,0.0,Women's Bantamweight,Female,1.0,0.0,0.0,1.0,Striker,18,0.7222222222222222
c06d6b18862f9a53,Rodrigo Sezinando,No Nickname,5.9,170.0,Orthodox,9,2,0,0,1.0,267.0,1.0,39.0,1.0,0.0,63.0,0.57,0.53,0.73,1.0,0.52,0.67,0.67,0.0,Welterweight,Male,0.0,1.0,0.0,0.0,Striker,11,0.8181818181818182
4144798612ef96e5,Edmen Shahbazyan,The Golden Boy,6.2,185.0,Orthodox,16,5,0,0,1.93,473.93,0.36,30.71,0.71,0.79,75.14,0.5,0.44,0.78,0.56,0.43,0.53,0.46,0.79,Middleweight,Male,1.0,0.7,0.2,0.1,Striker,21,0.7619047619047619
ece280745f8727b8,Kamal Shalorus,Prince of Persia,5.8,155.0,Orthodox,9,5,2,0,2.33,521.0,0.33,21.0,1.33,0.33,139.67,0.27,0.22,0.83,0.25,0.2,0.58,0.55,0.33,Lightweight,Male,0.0,0.0,1.0,0.0,Hybrid,16,0.5625
fcaae0385b514f11,Frank Shamrock,No Nickname,5.1,185.0,Orthodox,23,10,2,0,1.8,413.6,0.4,15.4,0.2,1.8,13.0,0.68,0.62,0.49,0.53,0.56,0.44,0.75,1.8,Middleweight,Male,0.0,0.6,0.4,0.0,Wrestler,35,0.6571428571428571
a0c64f272b65d441,Eric Shelton,Showtime,5.6,125.0,Orthodox,12,6,0,0,3.0,900.0,0.0,27.33,2.83,1.17,158.17,0.33,0.25,0.54,0.68,0.3,0.25,0.66,1.17,Flyweight,Male,3.0,0.0,0.0,1.0,Wrestler,18,0.6666666666666666
029880cdbf5ca089,Sean Sherk,The Muscle Shark,5.6,155.0,Orthodox,36,4,1,0,3.17,934.67,0.0,34.58,4.17,0.33,436.42,0.47,0.41,0.7,0.79,0.25,0.6,0.46,0.33,Lightweight,Male,6.0,0.12,0.12,0.75,Wrestler,41,0.8780487804878049
01b352b6a9074d5c,Chase Sherman,The Vanilla Gorilla,6.4,250.0,Orthodox,16,12,0,0,2.4,641.33,0.2,68.93,0.0,0.0,18.4,0.46,0.36,0.72,0.7,0.42,0.56,0.18,0.0,Heavyweight,Male,2.0,0.6,0.0,0.4,Hybrid,28,0.5714285714285714
132deb59abae64b1,Valentina Shevchenko,Bullet,5.5,125.0,Southpaw,26,4,1,1,3.95,1144.0,0.11,53.0,2.47,0.53,291.05,0.52,0.44,0.67,0.74,0.43,0.68,0.81,0.53,Women's Flyweight,Female,6.0,0.31,0.23,0.46,Striker,31,0.8387096774193549
d7338bcb141abd2c,Antonina Shevchenko,La Pantera,5.8,125.0,Southpaw,10,4,0,0,2.5,716.5,0.0,38.38,0.5,0.38,175.88,0.51,0.42,0.79,0.97,0.41,0.74,0.26,0.38,Women's Flyweight,Female,1.0,0.5,0.25,0.25,Striker,14,0.7142857142857143
d683f4870742b273,Shi Ming,No Nickname,5.2,115.0,Orthodox,17,6,0,0,3.0,646.0,1.0,30.0,1.0,0.0,55.0,0.27,0.17,0.46,0.75,0.28,0.0,0.67,0.0,Women's Strawweight,Female,0.0,1.0,0.0,0.0,Hybrid,23,0.7391304347826086
fe435e440b5de0ff,Jake Shields,No Nickname,6.0,170.0,Orthodox,31,9,1,0,3.25,944.12,0.12,38.88,2.12,0.0,261.75,0.44,0.33,0.68,0.82,0.32,0.69,0.48,0.0,Welterweight,Male,3.0,0.25,0.0,0.75,Striker,41,0.7560975609756098
1a54231796e24a3f,Liudvik Sholinian,Palmeyros,5.1,135.0,Orthodox,9,4,1,0,3.0,900.0,0.0,48.5,1.0,0.0,122.5,0.27,0.22,0.83,0.32,0.26,1.0,1.0,0.0,Bantamweight,Male,1.0,0.0,0.0,1.0,Striker,14,0.6428571428571429
b8a85389d115e35a,Jack Shore,Tank,5.8,145.0,Orthodox,17,3,0,0,2.44,652.11,0.33,41.33,1.67,0.67,232.56,0.55,0.44,0.86,0.74,0.51,0.74,0.62,0.67,Featherweight,Male,2.0,0.14,0.57,0.29,Striker,20,0.85
b8aef0faf4ce9b31,Sam Sicilia,No Nickname,5.8,145.0,Orthodox,15,8,0,0,2.08,518.5,0.0,27.0,0.92,0.5,122.17,0.38,0.33,0.44,0.76,0.33,0.43,0.18,0.5,Featherweight,Male,4.0,0.0,0.0,1.0,Hybrid,23,0.6521739130434783
1a2bf44edb8055b6,Serhiy Sidey,No Nickname,5.11,135.0,Switch,12,2,0,0,3.0,900.0,0.33,62.67,0.0,1.0,17.67,0.44,0.38,0.75,0.62,0.44,0.69,0.5,1.0,Bantamweight,Male,2.0,0.0,0.0,1.0,Striker,14,0.8571428571428571
d188a3b817860ec6,Steven Siler,Super,5.11,145.0,Orthodox,29,16,0,0,2.33,632.67,0.0,34.78,1.44,1.78,176.33,0.53,0.47,0.61,0.69,0.43,0.47,0.64,1.78,Featherweight,Male,4.0,0.0,0.2,0.8,Wrestler,45,0.6444444444444445
1f454354805b6f75,Anderson Silva,The Spider,6.2,185.0,Southpaw,34,11,0,0,2.52,650.0,0.76,34.68,0.16,0.32,39.32,0.61,0.52,0.64,0.63,0.54,0.63,0.56,0.32,Middleweight,Male,4.0,0.63,0.16,0.21,Striker,45,0.7555555555555555
a1f6999fe57236e0,Wanderlei Silva,The Axe Murderer,5.11,205.0,Orthodox,35,13,1,0,2.33,609.83,0.75,32.92,0.25,0.08,27.0,0.46,0.36,0.47,0.61,0.35,0.51,0.43,0.08,Light Heavyweight,Male,2.0,0.71,0.0,0.29,Hybrid,49,0.7142857142857143
2924886ee9c4c527,Thiago Silva,No Nickname,6.2,205.0,Orthodox,19,6,0,0,1.92,495.5,0.33,34.33,0.5,0.33,100.83,0.54,0.38,0.65,0.62,0.46,0.52,0.44,0.33,Light Heavyweight,Male,1.0,0.86,0.0,0.14,Striker,25,0.76
8349d55cdecd393a,Antonio Silva,Bigfoot,6.4,264.0,Orthodox,19,12,1,0,1.73,366.91,0.45,22.36,0.09,0.0,60.82,0.52,0.38,0.58,0.7,0.52,0.37,0.42,0.0,Heavyweight,Male,0.0,1.0,0.0,0.0,Hybrid,32,0.59375
5866fc86183a9fb8,Erick Silva,No Nickname,6.0,170.0,Orthodox,19,9,0,0,1.87,424.33,0.4,17.27,0.53,0.67,82.0,0.5,0.4,0.56,0.47,0.42,0.54,0.46,0.67,Welterweight,Male,0.0,0.45,0.45,0.0,Hybrid,28,0.6785714285714286
159da492e000afbf,Leandro Silva,Buscape,5.9,155.0,Orthodox,20,6,1,0,2.62,765.0,0.0,29.12,1.75,0.38,157.62,0.5,0.4,0.65,0.67,0.47,0.65,0.15,0.38,Lightweight,Male,1.0,0.0,0.5,0.5,Striker,27,0.7407407407407407
6f7c616b98e18c29,Claudio Silva,Hannibal,5.11,170.0,Southpaw,14,4,0,0,2.5,710.38,0.0,38.88,0.88,0.5,157.5,0.53,0.47,0.82,0.72,0.45,0.68,0.4,0.5,Welterweight,Male,3.0,0.0,0.4,0.6,Striker,18,0.7777777777777778
fb79582c410d049e,Wagner Silva,Wagnao,6.0,170.0,Orthodox,6,3,0,0,2.5,586.0,0.0,20.0,2.5,0.5,250.5,0.34,0.22,0.57,0.95,0.31,0.31,0.36,0.5,Welterweight,Male,0.0,0.0,1.0,0.0,Hybrid,9,0.6666666666666666
ae7fe94f117f98cf,Joaquim Silva,Netto BJJ,5.8,155.0,Southpaw,14,6,0,0,2.5,654.92,0.42,39.58,1.17,0.0,139.67,0.49,0.43,0.63,0.66,0.41,0.54,0.48,0.0,Lightweight,Male,2.0,0.67,0.0,0.33,Striker,20,0.7
294aa73dbf37d281,Bruno Silva,Bulldog,5.4,125.0,Orthodox,15,7,2,0,2.5,627.0,0.8,44.4,1.4,0.4,145.7,0.48,0.4,0.76,0.83,0.47,0.72,0.32,0.4,Flyweight,Male,2.0,0.5,0.17,0.33,Striker,24,0.625
12ebd7d157e91701,Bruno Silva,Blindado,6.0,185.0,Orthodox,23,13,0,0,2.09,531.45,0.09,30.09,1.18,0.09,127.36,0.53,0.39,0.73,0.49,0.47,0.61,0.21,0.09,Middleweight,Male,0.0,0.0,1.0,0.0,Striker,36,0.6388888888888888
002ca196477ce572,Gabriel Silva,No Nickname,5.6,135.0,Orthodox,8,2,0,0,3.0,900.0,0.0,48.5,1.5,0.5,309.0,0.51,0.48,0.34,1.0,0.48,0.62,0.34,0.5,Bantamweight,Male,1.0,0.0,0.0,1.0,Striker,10,0.8
262d32ebda89efc4,Natalia Silva,No Nickname,5.4,125.0,Southpaw,19,5,1,0,2.71,766.43,0.29,37.14,0.14,0.0,128.29,0.39,0.31,0.61,0.74,0.39,0.45,0.11,0.0,Women's Flyweight,Female,0.0,1.0,0.0,0.0,Hybrid,25,0.76
9d62c2d8ee151f08,Karine Silva,Killer,5.5,125.0,Orthodox,19,6,0,0,2.14,614.14,0.14,28.14,1.0,0.86,123.71,0.41,0.28,0.59,0.72,0.37,0.54,0.65,0.86,Women's Flyweight,Female,1.0,0.0,0.75,0.25,Wrestler,25,0.76
21b813b919776d90,Erik Silva,The King,5.9,145.0,Orthodox,9,3,0,0,2.0,432.5,0.0,11.0,2.0,0.0,83.0,0.61,0.56,0.43,0.5,0.57,0.5,0.25,0.0,Featherweight,Male,0.0,1.0,0.0,0.0,Striker,12,0.75
52ef95b5860fb28c,Jean Silva,Lord,5.7,145.0,Orthodox,16,3,0,0,1.83,449.5,0.17,31.67,0.67,0.0,37.17,0.48,0.34,0.58,0.82,0.46,0.46,0.25,0.0,Featherweight,Male,0.0,1.0,0.0,0.0,Hybrid,19,0.8421052631578947
d964a59c48381cb6,Danny Silva,El Puma,5.11,145.0,Switch,10,2,0,0,3.0,900.0,0.0,86.33,1.0,0.0,42.0,0.47,0.38,0.74,0.92,0.47,0.36,0.17,0.0,Featherweight,Male,2.0,0.0,0.0,1.0,Striker,12,0.8333333333333334
3a314d9fa7c6825d,Douglas Silva de Andrade,D Silva,5.7,135.0,Orthodox,29,6,0,0,2.62,750.54,0.46,49.85,0.92,0.23,54.77,0.45,0.36,0.66,0.84,0.43,0.54,0.37,0.23,Catch Weight,Male,6.0,0.22,0.11,0.67,Striker,35,0.8285714285714286
52ba464d9068d871,Elias Silverio,Xuxu,5.11,155.0,Orthodox,13,3,0,0,3.0,891.6,0.4,42.0,1.0,0.2,176.0,0.44,0.35,0.63,0.78,0.39,0.78,0.69,0.2,Lightweight,Male,0.0,0.5,0.5,0.0,Striker,16,0.8125
5987b2458f4b5290,Ricky Simon,No Nickname,5.6,135.0,Orthodox,22,7,0,0,2.69,752.25,0.19,47.0,3.06,0.19,181.0,0.43,0.34,0.78,0.78,0.39,0.52,0.45,0.19,Bantamweight,Male,7.0,0.1,0.2,0.7,Striker,29,0.7586206896551724
d5f820c11a121050,Aaron Simpson,A-Train,6.0,170.0,Orthodox,12,5,0,0,2.55,691.18,0.45,36.45,1.64,0.09,190.09,0.54,0.45,0.8,0.85,0.42,0.77,0.57,0.09,Welterweight,Male,5.0,0.38,0.0,0.62,Striker,17,0.7058823529411765
546015aa2ad945fd,Rory Singer,Outburst,6.2,185.0,Orthodox,11,9,0,0,2.25,571.25,0.0,24.25,0.25,0.5,38.75,0.47,0.34,1.0,0.72,0.26,0.53,0.12,0.5,Middleweight,Male,1.0,0.0,0.5,0.5,Hybrid,20,0.55
817e0bdf08efce2e,Elvis Sinosic,The King of Rock n' Rumble,6.3,205.0,Orthodox,7,11,2,0,1.71,417.14,0.14,7.86,0.0,0.57,10.71,0.39,0.2,0.71,0.72,0.35,0.52,0.12,0.57,Middleweight,Male,0.0,0.0,1.0,0.0,Hybrid,20,0.35
5f87a5c00b3d17ed,Dennis Siver,No Nickname,5.6,145.0,Orthodox,23,11,0,0,2.38,640.9,0.38,36.14,0.81,0.24,136.57,0.34,0.24,0.53,0.59,0.34,0.27,0.4,0.24,Featherweight,Male,5.0,0.27,0.27,0.45,Hybrid,34,0.6764705882352942
4bd6b4800070b069,Chas Skelly,The Scrapper,5.11,145.0,Orthodox,19,3,0,0,2.25,561.08,0.33,23.25,0.67,0.92,169.25,0.47,0.38,0.61,0.4,0.41,0.54,0.57,0.92,Featherweight,Male,1.0,0.43,0.43,0.14,Wrestler,22,0.8636363636363636
80e6d71e14c1d356,Joe Slick,No Nickname,6.0,199.0,Orthodox,16,5,3,0,2.0,401.0,0.0,5.0,0.5,2.0,84.5,0.75,0.72,1.0,0.0,0.12,0.5,0.84,2.0,Middleweight,Male,0.0,1.0,0.0,0.0,Wrestler,24,0.6666666666666666
33e33d51f289d2a1,Maurice Smith,No Nickname,6.2,221.0,Orthodox,12,14,0,0,2.29,661.14,0.0,19.57,0.0,0.43,120.0,0.72,0.56,0.64,0.93,0.71,0.47,0.54,0.43,Heavyweight,Male,2.0,0.25,0.25,0.5,Striker,26,0.46153846153846156
46c8ec317aff28ac,Patrick Smith,No Nickname,6.2,225.0,Orthodox,20,17,0,0,1.0,60.0,0.2,5.2,0.4,0.6,122.05,0.68,0.3,0.9,0.07,0.26,1.0,0.25,0.6,Open Weight,Male,0.0,0.25,0.75,0.0,Wrestler,37,0.5405405405405406
3410cf010558dc8b,Scott Smith,Hands of Steel,6.0,185.0,Orthodox,18,11,0,0,2.0,509.5,0.5,16.5,0.0,0.5,69.5,0.41,0.37,0.35,0.36,0.32,0.22,0.33,0.5,Middleweight,Male,0.0,1.0,0.0,0.0,Hybrid,29,0.6206896551724138
f797f0c57a83353e,Trevor Smith,Hot Sauce,6.3,185.0,Orthodox,15,10,0,0,2.67,752.08,0.25,39.83,1.17,0.42,214.0,0.49,0.37,0.73,0.79,0.4,0.68,0.39,0.42,Middleweight,Male,4.0,0.0,0.0,1.0,Striker,25,0.6
d4c9dcd330403612,Anthony Smith,Lionheart,6.4,205.0,Orthodox,38,22,0,0,2.4,622.88,0.24,44.52,0.44,0.16,118.08,0.49,0.39,0.59,0.79,0.45,0.53,0.5,0.16,Light Heavyweight,Male,5.0,0.38,0.23,0.38,Striker,60,0.6333333333333333
2e25c1d983c26311,Colton Smith,No Nickname,6.0,155.0,Orthodox,7,4,0,0,2.25,495.0,0.5,20.5,2.5,1.0,212.5,0.59,0.51,0.56,0.38,0.5,0.62,0.56,1.0,Welterweight,Male,1.0,0.25,0.5,0.25,Wrestler,11,0.6363636363636364
76984112f697631f,Leslie Smith,The Peacemaker,5.9,135.0,Orthodox,10,7,1,0,2.14,541.14,0.14,65.29,0.0,0.0,33.57,0.36,0.3,0.53,0.65,0.34,0.57,0.13,0.0,Women's Bantamweight,Female,2.0,0.33,0.0,0.67,Hybrid,18,0.5555555555555556
207773daeb4afa7b,Devonte Smith,King Kage,5.9,155.0,Orthodox,11,4,0,0,1.67,403.83,0.67,33.67,0.33,0.17,106.83,0.53,0.43,0.66,0.89,0.49,0.35,0.55,0.17,Catch Weight,Male,1.0,0.83,0.0,0.17,Striker,15,0.7333333333333333
56709e66f1c6008f,Cole Smith,The Cole Train,5.11,135.0,Orthodox,7,2,0,0,3.0,900.0,0.67,29.33,2.0,0.67,260.0,0.5,0.47,0.64,0.5,0.43,0.69,0.8,0.67,Bantamweight,Male,2.0,0.0,0.0,1.0,Wrestler,9,0.7777777777777778
eaa9402e5a7990ad,Braxton Smith,The Beautiful Monster,5.11,257.0,Orthodox,5,2,0,0,1.0,130.0,0.0,25.0,0.0,0.0,27.0,0.67,0.67,1.0,0.0,0.5,1.0,1.0,0.0,Heavyweight,Male,0.0,1.0,0.0,0.0,Striker,7,0.7142857142857143
7478b7f959ba61f5,Elijah Smith,Swift,5.9,135.0,Orthodox,9,1,0,0,2.0,575.0,0.0,38.5,1.0,1.5,208.0,0.63,0.6,0.9,0.5,0.38,0.4,0.42,1.5,Bantamweight,Male,0.0,1.0,0.0,0.0,Wrestler,10,0.9
d2bc285ead803db0,Louis Smolka,Da Last Samurai,5.9,135.0,Orthodox,17,9,0,0,2.18,564.0,0.35,44.0,2.53,1.29,183.24,0.52,0.45,0.71,0.72,0.44,0.64,0.59,1.29,Bantamweight,Male,3.0,0.4,0.3,0.3,Wrestler,26,0.6538461538461539
5c84f673b7bb7c15,Cameron Smotherman,The Baby-Faced Killa,5.9,135.0,Orthodox,12,6,0,0,3.0,900.0,0.0,48.0,2.0,0.33,122.33,0.35,0.27,0.65,0.9,0.34,0.63,0.0,0.33,Bantamweight,Male,1.0,0.0,0.0,1.0,Hybrid,18,0.6666666666666666
1fcfc3709fe58151,Peter Sobotta,No Nickname,6.0,170.0,Southpaw,17,7,1,0,2.5,704.6,0.4,25.1,1.2,0.4,218.7,0.4,0.29,0.62,0.85,0.38,0.43,0.26,0.4,Welterweight,Male,2.0,0.25,0.25,0.5,Hybrid,25,0.68
d468288756ae3982,Renato Sobral,Babalu,6.1,205.0,Orthodox,37,11,0,0,2.0,484.1,0.0,16.2,1.6,1.7,248.6,0.5,0.36,0.54,0.84,0.39,0.46,0.45,1.7,Light Heavyweight,Male,2.0,0.0,0.67,0.33,Wrestler,48,0.7708333333333334
d1152823307d7e7c,Rameau Thierry Sokoudjou,The African Assassin,5.1,205.0,Orthodox,18,18,0,0,1.67,471.67,0.33,20.0,0.67,0.67,8.33,0.38,0.24,0.63,0.72,0.35,0.58,0.5,0.67,Light Heavyweight,Male,0.0,1.0,0.0,0.0,Hybrid,36,0.5
1d2d98ddd05b38fb,Axel Sola,No Nickname,6.2,170.0,Southpaw,11,0,1,0,3.0,722.0,1.0,45.0,1.0,0.0,185.0,0.42,0.43,0.45,0.0,0.38,0.71,1.0,0.0,Welterweight,Male,0.0,1.0,0.0,0.0,Striker,12,0.9166666666666666
af65aa688d13eedf,Joe Solecki,No Nickname,5.9,155.0,Orthodox,13,6,0,0,2.44,703.0,0.0,22.56,1.11,0.89,227.11,0.56,0.51,0.45,0.76,0.52,0.57,0.5,0.89,Lightweight,Male,3.0,0.0,0.25,0.75,Wrestler,19,0.6842105263157895
32490e80ddab1e5a,Song Kenan,The Assassin,6.0,170.0,Orthodox,22,9,0,0,2.18,588.27,0.55,54.27,0.45,0.0,31.09,0.56,0.49,0.72,0.72,0.55,0.46,0.46,0.0,Welterweight,Male,5.0,0.44,0.0,0.56,Striker,31,0.7096774193548387
efb96bf3e9ada36f,Song Yadong,Kung Fu Kid,5.8,135.0,Orthodox,22,8,1,0,2.8,784.67,0.27,55.33,0.67,0.07,87.13,0.38,0.32,0.53,0.73,0.36,0.48,0.48,0.07,Bantamweight,Male,5.0,0.25,0.12,0.62,Hybrid,31,0.7096774193548387
48d1f690b763934c,Chael Sonnen,No Nickname,6.1,205.0,Southpaw,29,15,1,0,2.29,611.07,0.0,28.93,2.5,0.14,411.14,0.43,0.35,0.68,0.5,0.29,0.46,0.43,0.14,Light Heavyweight,Male,5.0,0.0,0.17,0.83,Wrestler,45,0.6444444444444445
bd5403efbaa445c0,Sean Soriano,No Nickname,5.9,145.0,Orthodox,14,8,0,0,2.6,678.4,0.0,33.8,1.8,1.4,179.6,0.59,0.5,0.72,0.97,0.52,0.63,0.68,1.4,Featherweight,Male,1.0,0.0,0.0,1.0,Wrestler,22,0.6363636363636364
64facb6cc564262d,Punahele Soriano,Puna,5.11,170.0,Southpaw,12,4,0,0,2.1,549.3,0.7,40.1,2.1,0.6,158.9,0.58,0.45,0.7,0.62,0.48,0.69,0.48,0.6,Welterweight,Male,3.0,0.56,0.11,0.33,Striker,16,0.75
326f94d6cfb1bf25,Ben Sosoli,Combat Wombat,6.0,265.0,Southpaw,7,3,0,0,2.0,494.0,0.5,22.5,0.0,0.0,1.0,0.4,0.34,0.78,1.0,0.41,0.0,0.5,0.0,Heavyweight,Male,0.0,1.0,0.0,0.0,Hybrid,10,0.7
59583ff832fe9d68,Krzysztof Soszynski,The Polish Experiment,6.1,205.0,Open Stance,26,12,1,0,2.11,536.0,0.33,30.22,0.78,0.67,145.22,0.42,0.33,0.57,0.81,0.34,0.59,0.45,0.67,Light Heavyweight,Male,1.0,0.57,0.29,0.14,Wrestler,39,0.6666666666666666
896c322f56b8be5a,George Sotiropoulos,No Nickname,5.1,155.0,Orthodox,14,7,0,0,2.27,572.55,0.55,30.82,1.36,1.09,166.27,0.37,0.33,0.48,0.39,0.27,0.33,0.68,1.09,Lightweight,Male,4.0,0.27,0.36,0.36,Wrestler,21,0.6666666666666666
d18dbcb0f8e2b55d,Alex Soto,Extremo,5.8,135.0,Southpaw,8,3,1,0,2.0,478.0,0.5,37.0,0.0,0.0,0.5,0.57,0.54,0.57,0.89,0.56,0.26,0.16,0.0,Bantamweight,Male,1.0,0.0,0.0,1.0,Hybrid,12,0.6666666666666666
a4e85a58fbce64b2,Joe Soto,One Bad Mofo,5.6,135.0,Orthodox,18,7,0,0,2.25,531.12,0.25,34.38,0.5,0.12,47.75,0.33,0.35,0.57,0.42,0.3,0.13,0.28,0.12,Bantamweight,Male,1.0,0.33,0.33,0.33,Hybrid,25,0.72
d0e50a3d1b250708,Andre Soukhamthath,The Asian Sensation,5.9,135.0,Orthodox,13,8,0,0,2.86,823.71,0.71,38.43,1.14,0.14,139.0,0.41,0.27,0.7,0.71,0.37,0.64,0.42,0.14,Bantamweight,Male,1.0,0.0,0.0,1.0,Striker,21,0.6190476190476191
7a703c565ccaa18f,Jacare Souza,No Nickname,6.1,185.0,Orthodox,26,10,0,0,2.19,590.88,0.25,32.31,1.12,0.56,185.88,0.48,0.45,0.52,0.53,0.35,0.5,0.58,0.56,Middleweight,Male,4.0,0.25,0.42,0.33,Wrestler,36,0.7222222222222222
6c7020b859c7a3ce,Edimilson Souza,Kevin,6.0,145.0,Orthodox,15,5,0,0,2.0,499.75,0.25,31.5,1.25,0.75,119.25,0.5,0.49,0.48,0.22,0.38,0.55,0.69,0.75,Featherweight,Male,0.0,0.67,0.33,0.0,Wrestler,20,0.75
dab8cfbb6b1db10a,Livinha Souza,The Brazilian Gangsta,5.3,115.0,Orthodox,14,4,0,0,2.33,650.0,0.33,38.5,1.33,0.67,228.33,0.48,0.43,0.69,0.71,0.45,0.46,0.55,0.67,Women's Strawweight,Female,3.0,0.2,0.2,0.6,Striker,18,0.7777777777777778
411d012af19ecb59,Chris Spang,The Kiss,6.2,170.0,Orthodox,6,3,0,0,3.0,900.0,0.0,38.0,6.0,0.0,269.0,0.38,0.23,0.56,0.57,0.34,0.62,0.33,0.0,Welterweight,Male,1.0,0.0,0.0,1.0,Striker,9,0.6666666666666666
a67f5afa8d6a1b80,Ryan Spann,Superman,6.5,205.0,Orthodox,23,11,0,0,1.6,366.33,0.2,17.87,0.67,0.53,64.4,0.4,0.35,0.47,0.33,0.35,0.33,0.3,0.53,Heavyweight,Male,1.0,0.17,0.67,0.17,Hybrid,34,0.6764705882352942
ab850a77a0fa487d,Sean Spencer,Black Magic,5.1,170.0,Orthodox,12,6,0,0,2.88,805.88,0.38,50.25,1.12,0.0,71.5,0.31,0.25,0.55,0.66,0.3,0.65,0.12,0.0,Welterweight,Male,2.0,0.0,0.0,1.0,Hybrid,18,0.6666666666666666
39d91e95949de3d9,Felicia Spencer,FeeNom,5.6,145.0,Orthodox,9,3,0,0,2.67,764.33,0.0,41.17,1.0,0.0,194.17,0.52,0.44,0.85,0.53,0.4,0.65,0.48,0.0,Women's Featherweight,Female,1.0,0.67,0.0,0.33,Striker,12,0.75
b9664eae2ac75262,Eric Spicely,Zebrinha,6.1,185.0,Orthodox,12,6,0,0,1.71,392.71,0.29,29.43,0.29,0.29,30.0,0.43,0.39,0.65,0.14,0.28,0.47,0.61,0.29,Middleweight,Male,0.0,0.5,0.5,0.0,Hybrid,18,0.6666666666666666
f86cb5f25d545e0e,Daniel Spitz,No Nickname,6.7,245.0,Orthodox,6,3,0,0,2.25,605.75,0.0,40.25,0.25,0.0,15.75,0.34,0.18,0.53,0.64,0.34,0.16,0.0,0.0,Heavyweight,Male,1.0,0.0,0.0,1.0,Hybrid,9,0.6666666666666666
c3ea8deeba00462b,Pete Spratt,The Secret Weapon,5.9,170.0,Orthodox,25,23,0,0,1.57,297.57,0.0,8.71,0.14,0.14,66.14,0.5,0.32,0.62,0.66,0.5,0.5,0.17,0.14,Welterweight,Male,0.0,0.0,1.0,0.0,Hybrid,48,0.5208333333333334
6506c1d34da9c013,Georges St-Pierre,Rush,5.11,185.0,Orthodox,26,2,0,0,3.23,934.32,0.36,58.23,3.95,1.05,433.05,0.55,0.48,0.7,0.64,0.49,0.58,0.62,1.05,Middleweight,Male,12.0,0.26,0.11,0.63,Wrestler,28,0.9285714285714286
69a400af4420cd6a,Andreas Stahl,Real Steel,5.11,170.0,Orthodox,10,4,0,0,2.0,582.5,0.0,29.0,2.0,0.0,120.0,0.36,0.23,0.73,0.75,0.33,0.34,0.0,0.0,Welterweight,Male,1.0,0.0,0.0,1.0,Hybrid,14,0.7142857142857143
6dd758d34da8d254,Ron Stallings,The Choir Boy,6.2,170.0,Southpaw,14,8,0,0,2.0,521.67,0.0,28.0,0.0,0.0,24.67,0.6,0.48,0.74,0.89,0.59,0.48,0.33,0.0,Middleweight,Male,1.0,0.0,0.0,1.0,Striker,22,0.6363636363636364
bf7ad5628363eec9,Cody Stamann,The Spartan,5.6,135.0,Orthodox,21,8,1,0,2.53,719.13,0.0,48.07,1.53,0.27,140.4,0.43,0.33,0.7,0.75,0.41,0.4,0.36,0.27,Bantamweight,Male,5.0,0.0,0.29,0.71,Striker,30,0.7
579fcdfcabd23a7b,Brian Stann,All American,6.1,205.0,Orthodox,12,6,0,0,2.18,603.09,0.36,28.18,0.0,0.18,85.36,0.41,0.27,0.77,0.85,0.31,0.55,0.3,0.18,Middleweight,Male,2.0,0.4,0.2,0.4,Hybrid,18,0.6666666666666666
30ea504870f8597b,Josh Stansbury,The Sandman,6.2,205.0,Orthodox,4,8,0,0,2.33,627.0,0.33,37.0,0.33,0.0,102.33,0.51,0.43,0.77,0.88,0.57,0.51,0.21,0.0,Light Heavyweight,Male,1.0,0.5,0.0,0.5,Striker,12,0.3333333333333333
5abf827d62f98fee,Clifford Starks,No Nickname,6.0,185.0,Orthodox,13,3,0,0,2.0,465.0,0.33,15.33,0.0,0.0,61.0,0.56,0.55,0.67,0.33,0.55,0.58,0.33,0.0,Middleweight,Male,0.0,1.0,0.0,0.0,Hybrid,16,0.8125
c8136ab8aa32c974,Kalib Starnes,No Nickname,6.3,185.0,Orthodox,17,11,1,0,2.4,615.0,0.0,27.8,1.0,0.4,119.8,0.5,0.38,0.65,0.68,0.37,0.92,0.25,0.4,Middleweight,Male,1.0,0.0,0.5,0.5,Striker,29,0.5862068965517241
a12a8314adc1c1c9,Laureano Staropoli,Pepi,6.1,185.0,Orthodox,9,5,0,0,3.0,900.0,0.0,50.33,0.83,0.0,67.83,0.35,0.26,0.64,0.94,0.34,0.62,0.08,0.0,Welterweight,Male,1.0,0.0,0.0,1.0,Hybrid,14,0.6428571428571429
42a7e90605df3c8a,Damian Stasiak,Webster,5.5,135.0,Orthodox,10,6,0,0,2.67,738.5,0.17,34.67,1.33,1.0,188.33,0.39,0.3,0.6,0.76,0.33,0.55,0.5,1.0,Bantamweight,Male,2.0,0.33,0.0,0.67,Wrestler,16,0.625
68c11c27d4d56572,Dominique Steele,Non-Stop Action-Packed,5.1,170.0,Orthodox,14,9,0,0,2.6,674.0,0.4,27.8,2.2,0.0,252.8,0.58,0.55,0.65,0.33,0.48,0.51,0.42,0.0,Welterweight,Male,0.0,1.0,0.0,0.0,Striker,23,0.6086956521739131
18968f97ad34f15c,Jeremy Stephens,Lil' Heathen,5.9,155.0,Orthodox,28,20,0,0,2.54,693.49,0.46,37.11,1.11,0.49,134.77,0.41,0.32,0.67,0.73,0.36,0.55,0.45,0.49,Featherweight,Male,7.0,0.43,0.07,0.5,Wrestler,48,0.5833333333333334
cb696ebfb6598724,Aljamain Sterling,Funk Master,5.7,145.0,Orthodox,25,5,0,0,2.95,833.64,0.09,48.36,1.86,0.36,175.27,0.46,0.35,0.59,0.63,0.4,0.59,0.47,0.36,Catch Weight,Male,7.0,0.17,0.25,0.58,Striker,30,0.8333333333333334
79899ecf62020f6d,Joe Stevenson,Daddy,5.7,145.0,Orthodox,33,16,0,0,2.25,617.06,0.12,24.25,2.31,1.25,212.81,0.5,0.37,0.54,0.5,0.32,0.66,0.59,1.25,Lightweight,Male,5.0,0.27,0.27,0.45,Wrestler,49,0.673469387755102
2fee10d5cf86bfca,Maia Stevenson,No Nickname,5.4,115.0,Orthodox,6,5,0,0,1.0,230.0,0.0,12.0,1.0,3.0,107.0,0.66,0.69,0.5,0.0,0.5,0.5,0.88,3.0,Women's Strawweight,Female,0.0,0.0,1.0,0.0,Wrestler,11,0.5454545454545454
a17ad5a5048e8c3f,Darren Stewart,The Dentist,6.0,205.0,Orthodox,12,8,0,0,2.07,550.21,0.0,25.36,2.5,0.14,173.29,0.5,0.42,0.78,0.75,0.39,0.69,0.31,0.14,Middleweight,Male,2.0,0.0,0.33,0.67,Striker,20,0.6
bb61823f76361297,Kyle Stewart,Gunz Up,6.0,170.0,Orthodox,11,3,0,0,2.0,522.5,0.0,14.5,1.0,0.5,126.5,0.5,0.45,0.16,0.85,0.45,0.28,0.5,0.5,Welterweight,Male,0.0,0.0,1.0,0.0,Hybrid,14,0.7857142857142857
b4b496ec2197ee3e,Navajo Stirling,No Nickname,6.4,205.0,Orthodox,8,0,0,0,3.0,900.0,0.33,89.67,1.33,0.0,156.0,0.5,0.38,0.68,0.73,0.48,0.73,0.52,0.0,Light Heavyweight,Male,3.0,0.0,0.0,1.0,Striker,8,1.0
cc3147b49c7d7d92,Dan Stittgen,The Anvil,6.1,170.0,Orthodox,12,5,0,0,2.0,576.5,0.5,35.5,0.5,0.0,7.0,0.52,0.35,0.68,0.86,0.49,0.5,0.5,0.0,Welterweight,Male,0.0,1.0,0.0,0.0,Hybrid,17,0.7058823529411765
a78a87d8c2bbb1cb,Julija Stoliarenko,No Nickname,5.7,125.0,Orthodox,11,10,2,0,2.33,640.33,0.0,33.89,0.22,0.67,93.78,0.41,0.31,0.71,0.63,0.38,0.55,0.31,0.67,Women's Flyweight,Female,1.0,0.5,0.0,0.5,Hybrid,23,0.4782608695652174
71505842fb6455c3,Dustin Stoltzfus,No Nickname,6.0,185.0,Orthodox,16,8,0,0,2.3,622.0,0.0,31.7,0.4,0.5,73.7,0.43,0.35,0.74,0.57,0.34,0.78,0.36,0.5,Middleweight,Male,1.0,0.0,0.5,0.5,Hybrid,24,0.6666666666666666
62f7097c04311193,Niklas Stolze,Green Mask,6.1,155.0,Switch,12,6,0,0,2.0,453.33,0.33,17.33,1.67,0.67,128.67,0.6,0.59,0.39,0.87,0.57,0.44,0.72,0.67,Lightweight,Male,0.0,0.5,0.5,0.0,Striker,18,0.6666666666666666
fbf0947399d14323,Ken Stone,No Nickname,5.8,135.0,Southpaw,11,4,0,0,1.5,329.5,0.25,24.25,0.5,0.25,115.5,0.58,0.4,0.75,0.89,0.46,0.67,0.5,0.25,Bantamweight,Male,1.0,0.33,0.33,0.33,Striker,15,0.7333333333333333
5b5307450405abf0,Rick Story,The Horror,5.9,170.0,Southpaw,19,9,0,0,2.68,749.11,0.21,32.26,1.95,0.95,174.63,0.42,0.32,0.75,0.66,0.36,0.61,0.37,0.95,Welterweight,Male,3.0,0.29,0.29,0.43,Wrestler,28,0.6785714285714286
025f0b1b58fbad01,Darko Stosic,No Nickname,6.0,205.0,Orthodox,13,4,0,0,2.5,723.25,0.0,31.25,2.0,0.0,77.5,0.38,0.29,0.39,0.86,0.35,0.2,0.62,0.0,Light Heavyweight,Male,2.0,0.0,0.0,1.0,Hybrid,17,0.7647058823529411
501b07aec9b8fc2d,Sam Stout,Hands of Stone,5.9,155.0,Orthodox,20,12,1,0,2.55,715.1,0.2,51.85,0.65,0.1,86.2,0.36,0.28,0.62,0.77,0.33,0.59,0.28,0.1,Lightweight,Male,10.0,0.15,0.08,0.77,Hybrid,33,0.6060606060606061
980b4e712489098e,Dave Strasser,No Nickname,5.1,170.0,Orthodox,25,8,0,0,2.0,566.0,0.0,31.0,0.5,0.0,148.0,0.33,0.28,0.58,0.5,0.28,0.3,0.34,0.0,Welterweight,Male,1.0,0.0,0.0,1.0,Hybrid,33,0.7575757575757576
0d8011111be000b2,Sean Strickland,No Nickname,6.1,185.0,Orthodox,29,7,0,0,3.3,963.3,0.09,80.17,0.61,0.0,41.65,0.4,0.3,0.61,0.74,0.4,0.41,0.13,0.0,Middleweight,Male,6.0,0.25,0.0,0.75,Hybrid,36,0.8055555555555556
ebc1f40e00e0c481,Stefan Struve,Skyscraper,6.11,265.0,Orthodox,33,13,0,0,1.92,468.83,0.25,25.62,0.67,0.71,97.29,0.45,0.31,0.5,0.59,0.4,0.32,0.39,0.71,Heavyweight,Male,4.0,0.47,0.29,0.24,Wrestler,46,0.717391304347826
c0c36a5b3d5bbdd5,Mike Stumpf,No Nickname,5.1,170.0,Orthodox,11,4,0,0,2.0,566.0,0.0,81.5,0.5,1.0,124.5,0.26,0.22,0.36,0.5,0.24,0.34,0.5,1.0,Welterweight,Male,1.0,0.0,0.0,1.0,Wrestler,15,0.7333333333333333
b08012bbe542592a,Tatiana Suarez,No Nickname,5.5,115.0,Southpaw,12,1,0,0,2.56,702.44,0.0,25.22,1.89,0.22,302.44,0.59,0.34,0.74,0.53,0.32,0.71,0.38,0.22,Women's Strawweight,Female,3.0,0.0,0.4,0.6,Striker,13,0.9230769230769231
99dd0147dc4ef80c,Genki Sudo,Neo-Samurai,5.9,155.0,Orthodox,15,4,2,0,2.0,503.0,0.0,13.0,2.0,2.33,210.0,0.48,0.23,0.46,0.62,0.2,0.25,0.34,2.33,Lightweight,Male,0.0,0.0,1.0,0.0,Wrestler,21,0.7142857142857143
6c7e25571490aa3b,George Sullivan,The Silencer,6.0,170.0,Orthodox,17,7,0,0,2.14,563.0,0.29,29.57,1.57,0.57,130.57,0.47,0.31,0.53,0.71,0.34,0.7,0.39,0.57,Welterweight,Male,2.0,0.25,0.25,0.5,Striker,24,0.7083333333333334
3cf18e01cb6cbde3,Sumudaerji,The Tibetan Eagle,5.8,125.0,Southpaw,18,7,0,0,2.33,641.89,0.22,49.44,0.33,0.33,86.33,0.51,0.43,0.56,0.71,0.46,0.53,0.23,0.33,Flyweight,Male,4.0,0.17,0.17,0.67,Striker,25,0.72
d1feea7a4bdcd503,Baisangur Susurkaev,Hunter,6.2,185.0,Orthodox,11,0,0,0,2.5,559.5,0.5,44.5,2.0,0.5,196.0,0.59,0.44,0.8,1.0,0.54,0.8,0.36,0.5,Middleweight,Male,0.0,0.5,0.5,0.0,Striker,11,1.0
d247691a6c0e9034,Cub Swanson,No Nickname,5.8,145.0,Orthodox,30,14,0,0,2.68,735.56,0.48,64.04,0.8,0.32,84.84,0.49,0.44,0.74,0.74,0.46,0.67,0.43,0.32,Featherweight,Male,10.0,0.33,0.19,0.48,Striker,44,0.6818181818181818
9fe85152f351e737,Mike Swick,Quick,6.1,170.0,Orthodox,15,6,0,0,2.07,501.0,0.33,20.53,0.93,0.47,125.93,0.45,0.34,0.45,0.53,0.34,0.52,0.44,0.47,Welterweight,Male,4.0,0.5,0.17,0.33,Hybrid,21,0.7142857142857143
46e2011d92463b7e,Oumar Sy,No Nickname,6.4,205.0,Orthodox,12,1,0,0,2.0,576.25,0.0,35.25,1.75,0.25,213.25,0.34,0.26,0.36,0.61,0.32,0.22,0.1,0.25,Light Heavyweight,Male,1.0,0.33,0.33,0.33,Hybrid,13,0.9230769230769231
abd2109bc4cb0291,Bentley Syler,Bolivia,5.4,125.0,Orthodox,5,1,0,0,3.0,694.0,1.0,20.0,2.0,0.0,42.0,0.2,0.18,0.33,0.5,0.2,0.2,0.0,0.0,Flyweight,Male,0.0,1.0,0.0,0.0,Hybrid,6,0.8333333333333334
2a542ee8a8b83559,Tim Sylvia,The Maine-iac,6.8,265.0,Orthodox,31,10,0,0,2.46,634.85,0.38,45.0,0.08,0.08,102.54,0.41,0.35,0.69,0.57,0.34,0.44,0.46,0.08,Heavyweight,Male,4.0,0.56,0.0,0.44,Hybrid,41,0.7560975609756098
e13abac8089a801a,Justin Tafa,Bad Man,6.0,264.0,Southpaw,7,5,0,0,1.6,327.4,0.5,27.1,0.0,0.0,23.0,0.52,0.47,0.66,0.32,0.47,0.4,0.35,0.0,Heavyweight,Male,1.0,0.83,0.0,0.17,Hybrid,12,0.5833333333333334
c15fa95b9a12fde4,Junior Tafa,The Juggernaut,6.3,205.0,Orthodox,6,4,0,0,1.83,442.33,0.17,21.17,1.17,0.33,118.5,0.57,0.53,0.54,0.5,0.54,0.22,0.42,0.33,Heavyweight,Male,0.0,0.5,0.5,0.0,Hybrid,10,0.6
b4537562f88ac582,Khalid Taha,The Warrior,5.5,135.0,Orthodox,13,5,0,0,2.33,616.67,0.17,33.5,2.0,0.17,208.17,0.44,0.36,0.29,0.67,0.3,0.4,0.51,0.17,Bantamweight,Male,2.0,0.33,0.0,0.67,Hybrid,18,0.7222222222222222
4461d7e47375a895,Tatsuro Taira,The Best,5.7,125.0,Orthodox,18,1,0,0,2.44,640.33,0.33,30.33,2.0,1.22,319.67,0.66,0.62,0.57,0.84,0.51,0.28,0.73,1.22,Flyweight,Male,2.0,0.17,0.5,0.33,Wrestler,19,0.9473684210526315
8f5c8850b2484173,Mairbek Taisumov,Beckan,5.9,155.0,Orthodox,27,6,0,0,2.11,521.89,0.44,32.33,0.78,0.0,46.22,0.47,0.41,0.45,0.89,0.46,0.4,0.32,0.0,Lightweight,Male,3.0,0.62,0.0,0.38,Hybrid,33,0.8181818181818182
7498b3ac79a3b948,Taiyilake Nueraji,Super Saiyan,6.2,170.0,Southpaw,12,1,0,0,1.0,213.0,0.0,27.0,1.0,0.0,191.0,0.71,0.71,0.67,0.0,0.67,0.0,0.71,0.0,Welterweight,Male,0.0,1.0,0.0,0.0,Striker,13,0.9230769230769231
6420efac0578988b,Yoshiki Takahashi,Kazuo,5.11,199.0,Southpaw,30,27,3,0,2.0,480.0,0.0,20.0,1.0,0.0,173.96999999999997,0.46,0.47,0.0,0.0,0.33,0.5,0.8,0.0,Lightweight,Male,1.0,0.0,0.0,1.0,Wrestler,60,0.5
6e743a33d56bdaa4,Payton Talbott,No Nickname,5.1,135.0,Switch,11,1,0,0,2.5,616.33,0.33,50.17,1.5,0.5,211.17,0.64,0.6,0.63,0.93,0.58,0.58,0.85,0.5,Bantamweight,Male,2.0,0.4,0.2,0.4,Striker,12,0.9166666666666666
49858bf46dabf6fb,Nordine Taleb,No Nickname,6.1,170.0,Orthodox,15,7,0,0,2.25,619.25,0.33,36.75,1.17,0.0,139.5,0.5,0.37,0.72,0.8,0.45,0.43,0.32,0.0,Welterweight,Male,5.0,0.38,0.0,0.62,Striker,22,0.6818181818181818
64788ee44b062ded,Michinori Tanaka,No Nickname,5.5,135.0,Orthodox,11,3,0,0,3.0,900.0,0.0,28.4,1.0,1.2,185.2,0.4,0.32,0.68,0.57,0.32,0.3,0.82,1.2,Bantamweight,Male,1.0,0.0,0.0,1.0,Wrestler,14,0.7857142857142857
8f2d9ee27f206f1f,Evan Tanner,No Nickname,6.0,185.0,Orthodox,32,8,0,0,1.71,432.88,0.06,22.82,1.24,0.88,205.4,0.58,0.48,0.69,0.74,0.49,0.72,0.43,0.88,Middleweight,Male,2.0,0.45,0.36,0.18,Wrestler,40,0.8
b96619b3acd7d9da,Miesha Tate,Cupcake,5.6,135.0,Orthodox,20,10,0,0,3.14,873.36,0.07,47.71,0.86,0.86,246.36,0.52,0.46,0.74,0.71,0.43,0.63,0.62,0.86,Women's Bantamweight,Female,5.0,0.12,0.25,0.62,Wrestler,30,0.6666666666666666
8a59d346dc976a10,Thiago Tavares,No Nickname,5.7,145.0,Orthodox,21,7,1,0,2.11,547.94,0.17,19.78,2.0,0.89,187.39,0.45,0.38,0.6,0.38,0.32,0.41,0.48,0.89,Featherweight,Male,4.0,0.33,0.33,0.33,Wrestler,29,0.7241379310344828
0c6d9ea8306c029e,Brad Tavares,No Nickname,6.1,185.0,Orthodox,21,12,0,0,2.74,776.22,0.22,47.0,0.89,0.15,151.33,0.47,0.38,0.67,0.75,0.41,0.62,0.49,0.15,Middleweight,Male,13.0,0.28,0.0,0.72,Striker,33,0.6363636363636364
9b74de674c355425,Paul Taylor,Relentless,6.0,155.0,Orthodox,11,6,1,0,2.67,743.67,0.44,55.0,0.22,0.44,97.89,0.48,0.37,0.82,0.8,0.41,0.72,0.32,0.44,Lightweight,Male,2.0,0.5,0.0,0.5,Striker,18,0.6111111111111112
b76c6268dc1d3c05,Danielle Taylor,Dynamite,5.0,115.0,Orthodox,9,4,0,0,3.0,900.0,0.0,49.6,0.8,0.0,39.4,0.32,0.25,0.49,0.68,0.31,0.43,0.2,0.0,Women's Strawweight,Female,2.0,0.0,0.0,1.0,Hybrid,13,0.6923076923076923
f5431394fb284bb9,James Te Huna,No Nickname,6.2,185.0,Orthodox,16,9,0,0,1.6,359.5,0.4,25.7,1.3,0.2,156.8,0.55,0.52,0.4,0.56,0.39,0.38,0.54,0.2,Light Heavyweight,Male,2.0,0.57,0.14,0.29,Striker,25,0.64
7ff97850e8c32bda,Glover Teixeira,No Nickname,6.2,205.0,Orthodox,33,9,0,0,2.65,691.57,0.17,47.7,1.48,0.43,163.26,0.48,0.45,0.69,0.42,0.37,0.54,0.52,0.43,Light Heavyweight,Male,5.0,0.33,0.33,0.33,Striker,42,0.7857142857142857
86061eaba822bfea,John Teixeira,Macapa,5.7,145.0,Orthodox,21,2,2,0,3.0,900.0,0.0,65.0,0.0,0.0,75.0,0.46,0.32,0.76,1.0,0.47,0.42,0.0,0.0,Featherweight,Male,1.0,0.0,0.0,1.0,Hybrid,25,0.84
1dab0d1d81dd06db,Tra Telligman,Trauma,6.2,233.0,Orthodox,7,5,1,0,1.2,363.0,0.2,14.0,0.0,0.2,11.5,0.33,0.26,0.56,0.67,0.31,0.27,0.2,0.2,Heavyweight,Male,0.0,0.0,1.0,0.0,Hybrid,13,0.5384615384615384
4123fd4dcc1fe937,David Terrell,The Soul Assassin,6.1,185.0,Southpaw,6,2,0,0,1.0,162.33,0.33,6.33,1.0,1.0,34.33,0.62,0.6,0.33,0.42,0.36,0.53,0.5,1.0,Middleweight,Male,0.0,0.5,0.5,0.0,Wrestler,8,0.75
2747c60e42d9d75f,David Teymur,No Nickname,5.9,155.0,Southpaw,8,2,0,0,2.5,637.67,0.5,46.5,0.5,0.0,27.5,0.47,0.33,0.68,0.81,0.48,0.27,0.38,0.0,Lightweight,Male,1.0,0.67,0.0,0.33,Hybrid,10,0.8
fbf0537e420e698e,Daniel Teymur,Kid Dynamite,5.5,145.0,Orthodox,7,4,0,0,2.4,643.8,0.0,32.4,1.2,0.6,140.8,0.43,0.34,0.68,0.38,0.42,0.57,0.33,0.6,Featherweight,Male,1.0,0.0,0.5,0.5,Hybrid,11,0.6363636363636364
638cfec7ec559d6e,Brandon Thatch,Rukus,6.2,170.0,Switch,11,5,0,0,1.83,441.0,0.0,24.83,1.17,0.5,119.17,0.4,0.24,0.91,0.55,0.28,0.76,0.18,0.5,Welterweight,Male,0.0,0.0,1.0,0.0,Hybrid,16,0.6875
34f88592c0ab7a54,Elias Theodorou,The Spartan,6.1,185.0,Orthodox,16,3,0,0,2.82,838.91,0.0,55.27,1.09,0.0,148.82,0.42,0.31,0.58,0.72,0.34,0.74,0.47,0.0,Middleweight,Male,7.0,0.12,0.0,0.88,Striker,19,0.8421052631578947
30a09e43f15f1d75,Paulo Thiago,No Nickname,5.11,170.0,Orthodox,18,9,0,0,2.46,684.23,0.54,21.85,1.08,1.08,154.77,0.42,0.33,0.67,0.68,0.35,0.5,0.38,1.08,Welterweight,Male,6.0,0.3,0.1,0.6,Wrestler,27,0.6666666666666666
ed7d329d7c29428d,Colby Thicknesse,Slickness,5.7,135.0,Orthodox,8,1,0,0,3.0,900.0,0.0,51.5,1.5,0.5,383.5,0.53,0.43,0.83,1.0,0.49,0.69,0.54,0.5,Bantamweight,Male,2.0,0.0,0.0,1.0,Striker,9,0.8888888888888888
40a604761ca7d64d,Din Thomas,Dinyero,5.9,155.0,Orthodox,26,9,0,0,2.33,654.22,0.11,20.22,1.0,0.89,149.67,0.35,0.32,0.55,0.56,0.26,0.48,0.49,0.89,Lightweight,Male,3.0,0.0,0.4,0.6,Wrestler,35,0.7428571428571429
7d3caf0f96f1b33d,Nick Thompson,The Goat,6.1,170.0,Orthodox,38,14,1,0,2.0,592.0,0.0,25.0,1.0,1.5,219.0,0.36,0.26,0.46,1.0,0.37,0.36,0.39,1.5,Welterweight,Male,1.0,0.0,0.0,1.0,Wrestler,53,0.7169811320754716
dcdd511ff757f15c,Oli Thompson,No Nickname,6.1,242.0,Orthodox,17,10,0,0,2.0,544.5,0.0,41.0,0.0,0.0,64.0,0.54,0.39,0.86,0.3,0.45,0.92,0.2,0.0,Heavyweight,Male,0.0,1.0,0.0,0.0,Hybrid,27,0.6296296296296297
4a28cb716c19157a,Stephen Thompson,Wonderboy,6.0,170.0,Orthodox,17,9,1,0,3.0,871.41,0.27,53.5,0.82,0.05,96.55,0.44,0.31,0.62,0.8,0.39,0.59,0.26,0.05,Welterweight,Male,7.0,0.3,0.0,0.7,Hybrid,27,0.6296296296296297
a566371ba2ad7152,Josh Thomson,The Punk,5.1,155.0,Orthodox,22,9,0,0,2.57,737.29,0.29,35.14,1.43,0.43,167.57,0.48,0.36,0.59,0.7,0.43,0.59,0.42,0.43,Lightweight,Male,3.0,0.25,0.0,0.75,Striker,31,0.7096774193548387
fea8acf9bfcf09ec,Simeon Thoresen,The Grin,6.1,170.0,Orthodox,17,6,1,0,2.0,535.33,0.0,38.0,0.67,1.67,150.0,0.41,0.32,0.83,0.42,0.31,0.81,0.41,1.67,Welterweight,Male,1.0,0.0,0.5,0.5,Wrestler,24,0.7083333333333334
75e5fec9f72910ef,Gleison Tibau,No Nickname,5.1,155.0,Southpaw,33,14,0,0,2.39,662.04,0.07,23.64,2.64,0.57,213.0,0.34,0.3,0.47,0.55,0.27,0.46,0.37,0.57,Lightweight,Male,10.0,0.06,0.31,0.62,Wrestler,47,0.7021276595744681
9eb069062a0cfc13,Nolan Ticman,No Nickname,5.6,125.0,Orthodox,4,3,0,0,3.0,900.0,0.0,38.0,3.0,0.0,192.0,0.3,0.22,0.45,0.95,0.2,0.59,0.22,0.0,Flyweight,Male,2.0,0.0,0.0,1.0,Hybrid,7,0.5714285714285714
9ce6d5a03af801b7,Darren Till,The Gorilla,6.0,185.0,Southpaw,18,5,1,0,2.92,816.42,0.25,35.25,1.0,0.25,94.42,0.45,0.31,0.76,0.79,0.38,0.76,0.42,0.25,Middleweight,Male,2.0,0.25,0.25,0.5,Striker,24,0.75
0112352cb32f5026,Denis Tiuliulin,No Nickname,6.1,185.0,Orthodox,10,10,0,0,1.83,470.33,0.33,28.33,0.5,0.0,34.67,0.38,0.3,0.6,0.39,0.36,0.55,0.08,0.0,Middleweight,Male,0.0,1.0,0.0,0.0,Hybrid,20,0.5
866fd7b1a6c90e7f,Dusko Todorovic,Thunder,6.1,185.0,Orthodox,13,6,0,0,1.6,417.4,0.0,20.0,1.2,0.3,93.6,0.51,0.36,0.68,0.62,0.4,0.64,0.26,0.3,Middleweight,Male,1.0,0.0,0.0,1.0,Hybrid,19,0.6842105263157895
c4af2feb4b58bc3b,Kazuki Tokudome,No Nickname,5.11,155.0,Southpaw,18,7,1,0,2.75,788.5,1.0,41.5,0.75,0.25,130.0,0.38,0.34,0.54,0.73,0.34,0.55,0.66,0.25,Lightweight,Male,1.0,0.0,0.5,0.5,Striker,26,0.6923076923076923
54f64b5e283b0ce7,Ilia Topuria,El Matador,5.7,155.0,Orthodox,17,0,0,1,2.22,561.67,0.44,38.44,0.33,0.11,41.78,0.46,0.36,0.64,0.87,0.45,0.4,0.53,0.11,Lightweight,Male,0.0,1.0,0.0,0.0,Striker,17,1.0
918d9d89d4d52acc,Anthony Torres,The Crush,5.8,170.0,Orthodox,5,3,0,0,1.0,203.5,0.0,12.0,0.0,0.5,57.0,0.48,0.4,1.0,0.5,0.38,0.75,0.5,0.5,Welterweight,Male,0.0,0.0,1.0,0.0,Hybrid,8,0.625
33b2f68ef95252e0,Miguel Torres,No Nickname,5.9,135.0,Orthodox,44,9,0,0,2.5,724.5,0.25,41.5,1.25,0.0,181.75,0.43,0.28,0.82,0.68,0.39,0.51,0.17,0.0,Bantamweight,Male,3.0,0.25,0.0,0.75,Striker,53,0.8301886792452831
2e7878927067fdca,Manuel Torres,El Loco,5.1,155.0,Switch,17,3,0,0,1.0,152.5,0.67,15.67,0.33,0.17,17.5,0.62,0.52,0.88,0.45,0.47,0.5,0.59,0.17,Lightweight,Male,0.0,0.75,0.25,0.0,Striker,20,0.85
cbf1c7ba5408a66f,Salim Touahri,Grizzly,5.1,170.0,Orthodox,10,4,0,0,3.0,900.0,0.0,40.0,0.67,0.0,123.0,0.44,0.3,0.66,0.78,0.39,0.8,0.35,0.0,Welterweight,Male,1.0,0.0,0.0,1.0,Hybrid,14,0.7142857142857143
3f7dab21b6c971bc,Dequan Townsend,The Tarantula,6.3,205.0,Orthodox,21,12,0,0,2.75,734.25,0.0,33.0,0.25,0.0,52.75,0.41,0.3,0.8,0.69,0.32,0.91,0.4,0.0,Middleweight,Male,0.0,1.0,0.0,0.0,Hybrid,33,0.6363636363636364
97a6bbe6e6566a94,Francisco Trevino,Sitkayan,5.9,155.0,Orthodox,13,3,0,0,2.33,619.0,0.0,25.0,3.33,0.0,201.0,0.41,0.37,0.67,0.63,0.41,0.56,0.87,0.0,Lightweight,Male,1.0,0.5,0.0,0.5,Striker,16,0.8125
a8283a4f415e1eb9,Francisco Trinaldo,Massaranduba,5.9,170.0,Southpaw,28,9,0,0,2.62,743.42,0.15,38.15,1.0,0.46,157.54,0.47,0.37,0.77,0.81,0.42,0.7,0.52,0.46,Welterweight,Male,11.0,0.17,0.22,0.61,Striker,37,0.7567567567567568
5bf31a46becc1204,Michael Trizano,The Lone Wolf,5.11,145.0,Orthodox,11,3,0,0,2.57,713.29,0.57,48.86,1.29,0.43,159.0,0.53,0.38,0.71,0.93,0.49,0.65,0.45,0.43,Featherweight,Male,2.0,0.4,0.2,0.4,Striker,14,0.7857142857142857
8abf70f79e9e27c2,Tor Troeng,The Hammer,6.2,185.0,Orthodox,16,7,1,0,2.5,722.75,0.0,32.75,1.0,0.75,268.75,0.63,0.55,0.68,0.88,0.41,0.68,0.88,0.75,Middleweight,Male,2.0,0.0,0.33,0.67,Wrestler,24,0.6666666666666666
e14b5aa06eea9653,Abel Trujillo,Killa,5.8,155.0,Orthodox,15,8,0,0,2.18,562.82,0.09,23.64,1.64,0.55,130.09,0.42,0.37,0.72,0.42,0.3,0.61,0.54,0.55,Lightweight,Male,1.0,0.25,0.5,0.25,Wrestler,23,0.6521739130434783
eae48ff31db420c2,Arman Tsarukyan,Ahalkalakets,5.7,155.0,Orthodox,23,3,0,0,2.67,735.75,0.08,36.25,2.67,0.42,248.83,0.51,0.44,0.66,0.75,0.4,0.6,0.64,0.42,Lightweight,Male,3.0,0.43,0.14,0.43,Striker,26,0.8846153846153846
2f43a3e82661fa99,Rei Tsuruya,No Nickname,5.6,125.0,Orthodox,10,1,0,0,3.0,900.0,0.0,24.5,3.5,0.0,304.0,0.46,0.43,0.75,0.5,0.28,0.34,0.38,0.0,Flyweight,Male,1.0,0.0,0.0,1.0,Striker,11,0.9090909090909091
53ec9cb470e1a4ea,Jon Tuck,Super Saiyan,5.11,155.0,Orthodox,10,5,0,0,2.56,719.44,0.11,40.56,1.11,0.11,134.67,0.38,0.3,0.61,0.59,0.34,0.37,0.29,0.11,Lightweight,Male,2.0,0.33,0.0,0.67,Hybrid,15,0.6666666666666666
da816417a579a0bd,Gavin Tucker,Guv'nor,5.6,145.0,Southpaw,13,3,0,0,2.43,617.14,0.14,54.71,2.57,1.0,184.71,0.48,0.3,0.44,0.69,0.44,0.39,0.35,1.0,Featherweight,Male,2.0,0.0,0.5,0.5,Wrestler,16,0.8125
1ed32eaaba9ffe10,Jumabieke Tuerxun,The Wild Wolf,5.7,135.0,Orthodox,19,4,1,0,2.33,635.67,0.33,32.67,2.0,1.0,275.67,0.39,0.3,0.47,0.7,0.31,0.25,0.61,1.0,Bantamweight,Male,1.0,0.33,0.33,0.33,Wrestler,24,0.7916666666666666
c62fbc117d57b943,Tai Tuivasa,Bam Bam,6.2,264.0,Southpaw,15,8,0,0,1.81,433.75,0.44,35.0,0.69,0.19,68.12,0.57,0.49,0.65,0.57,0.49,0.56,0.47,0.19,Heavyweight,Male,2.0,0.44,0.33,0.22,Striker,23,0.6521739130434783
aceffa19749c4dc0,Zubaira Tukhugov,Warrior,5.8,155.0,Orthodox,20,6,1,0,2.56,751.33,0.11,35.56,1.22,0.0,94.56,0.35,0.3,0.56,0.52,0.33,0.47,0.4,0.0,Featherweight,Male,2.0,0.33,0.0,0.67,Hybrid,27,0.7407407407407407
9384e71bca6c409d,Marco Tulio,Matuto,6.0,185.0,Orthodox,14,2,0,0,1.67,393.33,0.33,24.33,0.67,0.0,61.67,0.43,0.35,0.58,0.65,0.4,0.54,0.23,0.0,Middleweight,Male,0.0,1.0,0.0,0.0,Hybrid,16,0.875
17cb6d8e8187f304,Nyamjargal Tumendemberel,Art of Knockout,5.7,125.0,Orthodox,9,1,0,0,3.0,900.0,0.0,44.0,4.0,0.0,285.0,0.41,0.31,0.89,0.91,0.43,0.33,0.5,0.0,Flyweight,Male,1.0,0.0,0.0,1.0,Striker,10,0.9
ff6a1f63c254127e,Albert Tumenov,Einstein,5.11,170.0,Orthodox,18,4,0,0,2.12,556.25,0.25,31.25,0.38,0.12,60.88,0.41,0.34,0.57,0.54,0.38,0.43,0.24,0.12,Welterweight,Male,0.0,0.5,0.5,0.0,Hybrid,22,0.8181818181818182
cd3d7e37ff2d679c,Ricky Turcios,No Nickname,5.9,135.0,Orthodox,13,5,0,0,2.8,808.4,0.4,56.6,1.2,0.4,146.2,0.46,0.41,0.75,0.87,0.39,0.61,0.51,0.4,Bantamweight,Male,3.0,0.0,0.0,1.0,Striker,18,0.7222222222222222
4dcfb28c011c11b2,Wellington Turman,The Prodigy,6.0,170.0,Orthodox,18,8,0,0,2.33,644.33,0.0,40.11,0.78,0.56,134.22,0.55,0.5,0.61,0.74,0.41,0.6,0.53,0.56,Middleweight,Male,0.0,0.5,0.5,0.0,Striker,26,0.6923076923076923
4d8fa64202cee4c1,Jalin Turner,The Tarantula,6.3,155.0,Southpaw,15,9,0,0,1.71,405.07,0.29,35.0,0.57,0.5,84.71,0.56,0.42,0.48,0.77,0.53,0.34,0.49,0.5,Lightweight,Male,2.0,0.57,0.14,0.29,Striker,24,0.625
c9cf753cfdf77fc2,Marcin Tybura,Tybur,6.3,246.0,Orthodox,27,10,0,0,2.39,650.7,0.13,38.74,0.83,0.09,160.0,0.48,0.41,0.69,0.63,0.4,0.48,0.48,0.09,Heavyweight,Male,6.0,0.46,0.08,0.46,Striker,37,0.7297297297297297
8f2deefe8c5dfb5d,Alberto Uda,No Nickname,6.3,185.0,Orthodox,12,2,0,0,1.5,318.0,0.0,12.5,1.0,0.5,54.5,0.63,0.67,0.3,0.0,0.38,0.42,0.65,0.5,Middleweight,Male,0.0,0.0,1.0,0.0,Wrestler,14,0.8571428571428571
f00ac08ab056af5d,Tagir Ulanbekov,No Nickname,5.7,125.0,Southpaw,17,3,0,0,2.62,741.75,0.38,42.75,2.0,1.25,322.75,0.52,0.48,0.79,0.69,0.44,0.55,0.64,1.25,Flyweight,Male,3.0,0.0,0.5,0.5,Wrestler,20,0.85
9014c02eff8b3d62,Carlos Ulberg,Black Jag,6.4,205.0,Orthodox,14,1,0,0,1.9,479.5,0.5,50.2,0.3,0.1,20.4,0.56,0.48,0.73,0.74,0.54,0.27,0.4,0.1,Light Heavyweight,Male,1.0,0.67,0.17,0.17,Striker,15,0.9333333333333333
eb1723480fa2f96c,Caol Uno,Uno Shoten,5.7,155.0,Southpaw,33,19,5,0,2.7,743.8,0.1,28.2,2.1,0.2,287.3,0.48,0.36,0.6,0.78,0.39,0.6,0.61,0.2,Lightweight,Male,2.0,0.5,0.0,0.5,Wrestler,57,0.5789473684210527
4b8fb0453a596b8e,Hector Urbina,El Toro,5.11,170.0,Orthodox,17,10,1,0,1.67,392.67,0.0,14.0,2.67,0.0,309.33,0.53,0.5,0.33,0.67,0.4,0.5,0.53,0.0,Welterweight,Male,1.0,0.0,0.0,1.0,Striker,28,0.6071428571428571
b12fb759e02378de,Gilbert Urbina,The RGV Bad Boy,6.3,170.0,Orthodox,7,5,0,0,1.5,315.0,0.75,24.0,0.5,0.0,43.75,0.55,0.48,0.48,1.0,0.5,0.32,0.65,0.0,Welterweight,Male,0.0,1.0,0.0,0.0,Striker,12,0.5833333333333334
c34e5849184b08c3,Yasuhiro Urushitani,No Nickname,5.5,125.0,Southpaw,21,8,6,0,2.5,605.5,0.0,42.5,0.0,0.0,13.5,0.39,0.32,0.72,0.42,0.39,0.12,0.5,0.0,Flyweight,Male,1.0,0.0,0.0,1.0,Hybrid,35,0.6
f1b2aa7853d1ed6e,Kamaru Usman,The Nigerian Nightmare,6.0,170.0,Switch,21,4,0,0,3.74,1070.37,0.53,59.21,2.53,0.32,323.79,0.53,0.43,0.77,0.76,0.4,0.69,0.74,0.32,Welterweight,Male,8.0,0.36,0.07,0.57,Striker,25,0.84
da7f113b5ea39c43,Mohammed Usman,The Motor,6.2,239.0,Orthodox,12,4,0,0,2.83,806.0,0.17,51.17,0.83,0.0,162.5,0.41,0.34,0.89,0.45,0.38,0.64,0.46,0.0,Heavyweight,Male,4.0,0.2,0.0,0.8,Hybrid,16,0.75
6546af7ab545b90c,Darren Uyenoyama,BC,5.6,125.0,Orthodox,10,6,0,0,2.5,727.0,0.0,15.0,1.0,0.5,194.25,0.31,0.22,0.4,0.87,0.29,0.67,0.34,0.5,Flyweight,Male,1.0,0.0,0.5,0.5,Wrestler,16,0.625
54578e5927adea53,Richie Vaculik,Vas,5.6,125.0,Orthodox,10,4,0,0,2.5,675.25,0.25,43.75,4.0,0.5,301.75,0.51,0.43,0.88,0.42,0.43,0.75,0.88,0.5,Flyweight,Male,2.0,0.5,0.0,0.5,Wrestler,14,0.7142857142857143
0cd0456d6029cec2,Robert Valentin,Robzilla,6.2,185.0,Orthodox,11,6,0,0,2.0,459.67,0.0,22.33,0.33,0.33,100.33,0.59,0.56,0.56,0.67,0.39,0.29,0.61,0.33,Middleweight,Male,0.0,1.0,0.0,0.0,Striker,17,0.6470588235294118
45e738622ea2c02c,Timur Valiev,Lucky,5.6,135.0,Orthodox,18,3,0,0,2.75,779.75,0.75,65.5,1.5,0.25,221.5,0.6,0.5,0.72,0.92,0.57,0.92,0.4,0.25,Bantamweight,Male,1.0,0.0,0.0,1.0,Striker,21,0.8571428571428571
c295de4e10acd4c9,Isaac Vallie-Flagg,No Nickname,5.8,155.0,Orthodox,16,7,1,0,3.0,900.0,0.25,81.5,1.5,0.0,314.25,0.56,0.47,0.82,0.86,0.48,0.78,0.68,0.0,Lightweight,Male,1.0,0.0,0.0,1.0,Striker,24,0.6666666666666666
17e97649403ba428,Joshua Van,The Fearless,5.5,125.0,Orthodox,16,2,0,1,2.7,745.8,0.2,93.5,0.7,0.1,52.1,0.48,0.4,0.76,0.8,0.46,0.69,0.24,0.1,Flyweight,Male,2.0,0.5,0.0,0.5,Striker,18,0.8888888888888888
7b39035fae7268b8,Matt Van Buren,Gutter,6.5,205.0,Orthodox,7,6,0,0,2.0,396.0,0.5,34.0,0.0,0.0,104.0,0.33,0.26,0.93,0.25,0.29,0.43,0.25,0.0,Light Heavyweight,Male,0.0,1.0,0.0,0.0,Hybrid,13,0.5384615384615384
2b68d9f125d07b42,Jared Vanderaa,No Nickname,6.4,265.0,Orthodox,12,10,0,0,2.43,694.86,0.14,54.0,0.0,0.0,34.71,0.48,0.33,0.83,0.81,0.45,0.83,0.11,0.0,Heavyweight,Male,0.0,1.0,0.0,0.0,Hybrid,22,0.5454545454545454
f9b200db02b488d9,Lando Vannata,Groovy,5.9,155.0,Orthodox,12,7,2,0,2.46,699.15,0.46,60.62,1.0,0.31,73.92,0.49,0.39,0.61,0.77,0.47,0.57,0.25,0.31,Featherweight,Male,6.0,0.0,0.25,0.75,Striker,21,0.5714285714285714
4d5197f331c47290,Paige VanZant,12 Gauge,5.4,115.0,Orthodox,8,5,0,0,2.56,627.67,0.11,31.56,1.0,1.11,204.44,0.53,0.53,0.54,0.75,0.44,0.5,0.51,1.11,Women's Flyweight,Female,1.0,0.33,0.5,0.17,Wrestler,13,0.6153846153846154
07a18ae55dfc3cd9,Paul Varelans,The Polar Bear,6.8,300.0,Orthodox,9,9,0,0,1.0,288.38,0.12,7.0,0.25,0.38,171.72,0.6,0.39,0.44,0.3,0.22,0.44,0.34,0.38,Open Weight,Male,1.0,0.5,0.25,0.25,Hybrid,18,0.5
ec18eb918121787c,Kazula Vargas,No Nickname,5.8,155.0,Southpaw,12,5,0,0,2.0,567.75,0.0,33.75,1.0,0.25,285.25,0.56,0.49,0.71,0.65,0.43,0.9,0.98,0.25,Lightweight,Male,2.0,0.0,0.0,1.0,Striker,17,0.7058823529411765
a54fc2d6fc224dc3,Jamie Varner,No Nickname,5.8,155.0,Orthodox,21,11,1,0,2.0,504.0,0.22,27.33,1.56,0.56,133.11,0.42,0.32,0.54,0.66,0.42,0.47,0.52,0.56,Lightweight,Male,1.0,0.4,0.4,0.2,Wrestler,33,0.6363636363636364
5731cc327790b731,Matt Veach,No Nickname,5.11,155.0,Orthodox,17,5,0,0,1.67,411.67,0.33,7.67,1.67,0.67,117.0,0.34,0.35,0.33,0.33,0.28,0.26,0.33,0.67,Lightweight,Male,0.0,1.0,0.0,0.0,Hybrid,22,0.7727272727272727
0ff11cc094e887bc,Cain Velasquez,No Nickname,6.1,240.0,Orthodox,14,3,0,0,1.93,444.13,0.53,43.47,1.33,0.27,205.6,0.58,0.52,0.76,0.44,0.37,0.58,0.57,0.27,Heavyweight,Male,1.0,0.83,0.08,0.08,Striker,17,0.8235294117647058
fcce75a25c14a804,Bojan Velickovic,Serbian Steel,6.0,170.0,Southpaw,15,6,1,0,3.0,896.17,0.0,34.0,1.17,0.17,187.83,0.38,0.32,0.52,0.71,0.31,0.56,0.7,0.17,Welterweight,Male,1.0,0.0,0.0,1.0,Striker,22,0.6818181818181818
d23ccf4a6c221284,Karlos Vemola,No Nickname,6.0,185.0,Orthodox,17,5,0,0,2.17,543.5,0.0,12.0,0.5,1.0,119.0,0.41,0.31,0.8,0.17,0.27,0.64,0.17,1.0,Middleweight,Male,0.0,0.0,1.0,0.0,Wrestler,22,0.7727272727272727
2f1a257d6777096d,Luigi Vendramini,The Italian Stallion,5.8,155.0,Orthodox,9,3,0,0,1.75,404.25,0.25,19.0,0.5,0.25,94.75,0.41,0.3,0.84,0.75,0.41,0.4,0.49,0.25,Lightweight,Male,0.0,1.0,0.0,0.0,Hybrid,12,0.75
fa315e6c77eee106,Brandon Vera,The Truth,6.3,230.0,Orthodox,15,7,0,0,2.31,615.25,0.44,31.81,0.62,0.12,110.25,0.57,0.41,0.78,0.81,0.46,0.7,0.57,0.12,Light Heavyweight,Male,3.0,0.56,0.11,0.33,Striker,22,0.6818181818181818
7c7332319c14094c,Marlon Vera,Chito,5.8,135.0,Switch,23,11,1,0,2.88,812.84,0.28,64.92,0.92,0.48,115.6,0.5,0.4,0.64,0.8,0.45,0.62,0.45,0.48,Bantamweight,Male,6.0,0.33,0.17,0.5,Striker,35,0.6571428571428571
07f959e6596307bb,Carlos Vera,Pequeno,5.6,135.0,Orthodox,12,4,0,0,2.0,548.0,0.5,14.0,0.0,1.0,7.0,0.57,0.34,0.75,0.96,0.54,0.25,0.31,1.0,Bantamweight,Male,0.0,0.0,1.0,0.0,Striker,16,0.75
0f1efce7d2571d10,Nikolay Veretennikov,No Nickname,6.1,170.0,Orthodox,13,7,0,0,2.75,813.25,0.0,36.25,1.25,1.0,227.0,0.66,0.68,0.73,1.0,0.53,0.7,0.66,1.0,Welterweight,Male,0.0,1.0,0.0,0.0,Striker,20,0.65
077e3ace32b72be9,CJ Vergara,No Nickname,5.6,125.0,Orthodox,12,7,1,0,2.25,627.88,0.38,55.5,1.5,0.25,125.88,0.52,0.45,0.62,0.9,0.48,0.54,0.51,0.25,Flyweight,Male,3.0,0.4,0.0,0.6,Striker,20,0.6
c24b1db4b809d41b,Renato Verissimo,Charuto,6.1,170.0,Orthodox,7,5,0,0,2.67,743.67,0.0,11.0,1.0,2.33,211.33,0.44,0.4,0.56,0.33,0.22,0.75,0.48,2.33,Welterweight,Male,1.0,0.0,0.0,1.0,Wrestler,12,0.5833333333333334
7acbb0972e75281a,Marvin Vettori,The Italian Dream,6.0,185.0,Southpaw,19,10,1,0,3.44,1029.28,0.0,79.94,1.78,0.22,162.94,0.41,0.34,0.73,0.75,0.38,0.61,0.32,0.22,Middleweight,Male,8.0,0.0,0.0,1.0,Striker,30,0.6333333333333333
f95381efb3051d81,Hugo Viana,Wolverine,5.6,135.0,Orthodox,8,4,0,0,2.33,672.83,0.0,34.17,1.5,0.0,146.33,0.41,0.32,0.68,0.84,0.32,0.66,0.21,0.0,Bantamweight,Male,1.0,0.5,0.0,0.5,Hybrid,12,0.6666666666666666
9673a497a9da119a,Polyana Viana,Dama de Ferro,5.5,115.0,Orthodox,13,8,0,0,1.82,434.55,0.18,17.55,0.82,0.64,143.27,0.4,0.25,0.6,0.59,0.36,0.26,0.49,0.64,Women's Strawweight,Female,3.0,0.14,0.43,0.43,Hybrid,21,0.6190476190476191
6256b2b1562cb8e1,James Vick,The Texecutioner,6.3,155.0,Orthodox,13,5,0,0,1.93,489.86,0.36,29.0,0.57,0.0,54.71,0.34,0.29,0.47,0.61,0.32,0.36,0.3,0.0,Lightweight,Male,4.0,0.43,0.0,0.57,Hybrid,18,0.7222222222222222
4f3064faf17aa711,Tamires Vidal,Tractor,5.6,135.0,Orthodox,7,4,0,0,2.5,649.0,0.25,37.5,1.25,0.25,230.0,0.5,0.36,0.73,0.8,0.47,0.61,0.36,0.25,Women's Bantamweight,Female,1.0,0.67,0.0,0.33,Striker,11,0.6363636363636364
f9081770e28ea2e1,Reginaldo Vieira,No Nickname,5.7,135.0,Orthodox,13,5,0,0,2.67,761.33,0.0,47.67,1.67,0.67,185.33,0.41,0.31,0.74,0.71,0.34,0.68,0.82,0.67,Bantamweight,Male,1.0,0.0,0.0,1.0,Striker,18,0.7222222222222222
b9706f80d005036c,Ketlen Vieira,Fenomeno,5.8,135.0,Orthodox,15,5,0,0,3.07,917.64,0.07,56.5,0.57,0.21,234.07,0.5,0.38,0.79,0.79,0.41,0.76,0.42,0.21,Women's Featherweight,Female,8.0,0.11,0.0,0.89,Striker,20,0.75
260e9e0d4954aea6,Rodolfo Vieira,No Nickname,6.0,185.0,Orthodox,11,4,0,0,2.3,599.1,0.0,37.4,1.3,0.8,146.8,0.54,0.49,0.6,0.63,0.42,0.51,0.26,0.8,Middleweight,Male,2.0,0.0,0.75,0.25,Striker,15,0.7333333333333333
fcd448a2fe1a23cc,Gian Villante,No Nickname,6.3,230.0,Orthodox,17,14,0,0,2.56,670.56,0.28,57.0,0.33,0.06,41.28,0.45,0.38,0.66,0.8,0.44,0.5,0.21,0.06,Light Heavyweight,Male,7.0,0.33,0.08,0.58,Hybrid,31,0.5483870967741935
f9d0cae37dabfafc,Ike Villanueva,Hurricane,6.1,205.0,Orthodox,18,14,0,0,1.5,251.33,0.33,16.67,0.17,0.0,3.33,0.44,0.4,0.9,0.25,0.45,0.24,0.24,0.0,Light Heavyweight,Male,0.0,1.0,0.0,0.0,Hybrid,32,0.5625
0fb1e2694a39a02f,Yuri Villefort,No Nickname,6.0,170.0,Orthodox,10,5,0,0,3.0,900.0,0.0,73.5,1.5,0.5,86.5,0.38,0.31,0.62,0.94,0.38,0.44,1.0,0.5,Welterweight,Male,1.0,0.0,0.0,1.0,Striker,15,0.6666666666666666
e363b21261814830,Marcos Vinicius,Vina,5.9,125.0,Orthodox,23,11,1,0,2.67,610.67,0.67,23.33,1.0,0.67,83.33,0.43,0.41,0.52,0.73,0.34,0.95,0.3,0.67,Featherweight,Male,0.0,1.0,0.0,0.0,Striker,35,0.6571428571428571
4959f10a62f3fec3,Cheyanne Vlismas,The Warrior Princess,5.3,115.0,Switch,7,3,0,0,2.5,690.0,0.25,45.5,1.75,0.5,302.0,0.45,0.43,0.26,0.72,0.4,0.36,0.47,0.5,Women's Strawweight,Female,3.0,0.25,0.0,0.75,Striker,10,0.7
fb8a3025ae722e64,Bobby Voelker,Vicious,6.0,170.0,Orthodox,19,13,0,0,2.75,756.0,0.0,52.5,1.5,0.0,190.5,0.37,0.32,0.71,0.76,0.31,0.62,0.37,0.0,Welterweight,Male,1.0,0.0,0.0,1.0,Striker,32,0.59375
e1248941344b3288,Alexander Volkanovski,The Great,5.6,145.0,Orthodox,27,4,0,1,3.41,981.12,0.29,89.76,1.82,0.0,167.71,0.54,0.44,0.74,0.75,0.5,0.72,0.41,0.0,Featherweight,Male,6.0,0.4,0.0,0.6,Striker,31,0.8709677419354839
6f81b6de2557739a,Jacob Volkmann,Christmas,5.9,155.0,Southpaw,19,7,0,0,2.4,678.0,0.0,17.3,1.5,1.8,297.7,0.38,0.35,0.68,0.38,0.22,0.5,0.62,1.8,Lightweight,Male,4.0,0.0,0.43,0.57,Wrestler,26,0.7307692307692307
279566840aa55bf2,Alexander Volkov,Drago,6.7,261.0,Orthodox,39,11,0,0,2.78,770.44,0.11,57.22,0.72,0.11,93.78,0.56,0.46,0.83,0.75,0.5,0.51,0.37,0.11,Heavyweight,Male,4.0,0.44,0.11,0.44,Striker,50,0.78
6d38e41efa47a72d,Jordan Vucenic,The Epidemic,5.1,155.0,Orthodox,13,4,0,0,2.5,711.0,1.0,24.5,2.0,0.5,304.5,0.38,0.3,0.92,0.62,0.31,0.64,0.68,0.5,Lightweight,Male,0.0,0.0,1.0,0.0,Striker,17,0.7647058823529411
c8097968da5e5f13,Chris Wade,No Nickname,5.1,155.0,Orthodox,12,3,0,0,2.43,691.71,0.14,17.71,2.0,0.57,258.14,0.42,0.28,0.51,0.64,0.34,0.41,0.61,0.57,Lightweight,Male,2.0,0.0,0.5,0.5,Wrestler,15,0.8
8f2939f5fd9cca1e,TJ Waldburger,No Nickname,5.11,170.0,Orthodox,16,9,0,0,1.88,446.12,0.38,16.38,1.5,2.38,152.5,0.59,0.5,0.72,0.93,0.52,0.71,0.52,2.38,Welterweight,Male,1.0,0.2,0.6,0.2,Wrestler,25,0.64
c21f26bbde777573,Johnny Walker,No Nickname,6.6,205.0,Orthodox,22,9,0,0,1.67,373.73,0.33,20.47,0.33,0.2,69.87,0.56,0.41,0.36,0.71,0.52,0.27,0.39,0.2,Light Heavyweight,Male,1.0,0.71,0.14,0.14,Hybrid,31,0.7096774193548387
4333a8e70a672eb7,Brogan Walker,The Bear,5.4,125.0,Switch,8,5,0,0,3.0,879.0,0.0,35.0,2.33,0.33,273.0,0.4,0.3,0.77,0.77,0.37,0.89,0.36,0.33,Women's Flyweight,Female,0.0,1.0,0.0,0.0,Striker,13,0.6153846153846154
f5779a2303ed76ec,Valter Walker,The Clean Monster,6.6,244.0,Orthodox,15,1,0,0,1.4,282.2,0.0,13.8,0.2,0.2,15.4,0.67,0.29,0.59,0.4,0.53,0.3,0.0,0.2,Heavyweight,Male,1.0,0.0,0.5,0.5,Hybrid,16,0.9375
6add18754930182b,Julius Walker,Juice Box,6.4,205.0,Orthodox,7,1,0,0,3.0,900.0,0.5,65.0,3.5,0.0,518.5,0.6,0.46,0.84,1.0,0.55,0.59,0.4,0.0,Light Heavyweight,Male,1.0,0.0,0.0,1.0,Striker,8,0.875
1ad381c8994c4e5b,Ben Wall,Manimal,5.1,155.0,Orthodox,8,7,1,0,1.0,102.0,0.5,6.5,0.0,0.0,1.0,0.44,0.39,0.34,0.0,0.33,0.5,0.5,0.0,Lightweight,Male,0.0,1.0,0.0,0.0,Hybrid,16,0.5
b9415726dc3ec526,Rodney Wallace,Shonuff the Master,5.9,205.0,Switch,26,15,1,0,3.0,900.0,0.33,44.67,4.0,0.67,489.67,0.51,0.43,0.83,0.33,0.27,0.63,0.71,0.67,Light Heavyweight,Male,2.0,0.0,0.0,1.0,Wrestler,42,0.6190476190476191
303a05a7aa3ff761,Richard Walsh,Filthy Rich,6.0,170.0,Orthodox,9,5,0,0,2.67,773.17,0.33,57.5,1.83,0.17,267.0,0.51,0.42,0.72,0.78,0.43,0.66,0.75,0.17,Welterweight,Male,4.0,0.0,0.0,1.0,Striker,14,0.6428571428571429
b4c96c3d9139bf0e,Patrick Walsh,The Beast of the East,5.11,185.0,Orthodox,10,3,0,0,3.0,900.0,0.0,30.5,3.0,1.5,332.5,0.3,0.32,0.0,0.5,0.25,0.5,0.28,1.5,Light Heavyweight,Male,1.0,0.0,0.0,1.0,Wrestler,13,0.7692307692307693
efb9a43415a56d34,Sai Wang,The Fire Kylin,6.0,170.0,Southpaw,20,6,1,0,3.0,900.0,0.0,37.0,2.0,1.0,218.5,0.46,0.34,0.42,0.84,0.38,0.91,0.68,1.0,Welterweight,Male,2.0,0.0,0.0,1.0,Wrestler,27,0.7407407407407407
69e8c632135af48b,Anying Wang,No Nickname,6.0,170.0,Orthodox,2,1,0,0,1.0,295.0,0.0,8.0,1.0,0.0,118.5,0.52,0.5,0.75,0.0,0.71,0.0,0.3,0.0,Welterweight,Male,0.0,1.0,0.0,0.0,Hybrid,3,0.6666666666666666
2997e7fe3c9d3d4a,Wang Cong,The Joker,5.6,125.0,Southpaw,8,1,0,0,2.25,597.75,0.5,48.5,0.5,0.25,9.0,0.4,0.29,0.52,0.76,0.4,0.17,0.08,0.25,Women's Flyweight,Female,1.0,0.33,0.33,0.33,Hybrid,9,0.8888888888888888
e81dd0bb8a64b550,Charlie Ward,No Nickname,5.11,170.0,Orthodox,3,3,0,0,1.0,91.5,1.5,11.0,0.5,0.0,5.0,0.47,0.44,0.25,0.34,0.41,0.5,0.62,0.0,Welterweight,Male,0.0,1.0,0.0,0.0,Hybrid,6,0.5
efaf544314bb5c2e,Ron Waterman,H20,6.2,280.0,Orthodox,16,6,2,0,2.0,499.75,0.0,23.25,1.5,0.75,420.0,0.64,0.65,0.6,0.31,0.4,0.41,0.55,0.75,Heavyweight,Male,1.0,0.5,0.0,0.5,Wrestler,24,0.6666666666666666
eb04b9d31e938edb,Michelle Waterson-Gomez,The Karate Hottie,5.3,115.0,Orthodox,18,13,0,0,3.07,873.07,0.0,50.47,0.87,0.33,211.73,0.49,0.36,0.72,0.69,0.41,0.69,0.47,0.33,Women's Strawweight,Female,5.0,0.0,0.17,0.83,Striker,31,0.5806451612903226
6809c31286b08d97,Tom Watson,Kong,6.1,185.0,Orthodox,17,9,0,0,2.86,854.57,0.14,59.71,0.86,0.0,123.0,0.44,0.33,0.53,0.86,0.38,0.62,0.25,0.0,Middleweight,Male,2.0,0.33,0.0,0.67,Hybrid,26,0.6538461538461539
7c9f96f9a6a5cd50,Brok Weaver,Chata Tuska,6.0,155.0,Southpaw,15,6,0,0,1.67,436.0,0.67,28.33,0.33,0.67,82.33,0.42,0.33,0.53,0.56,0.4,0.41,0.55,0.67,Lightweight,Male,0.0,0.0,0.5,0.0,Hybrid,21,0.7142857142857143
f40ec51dd4de47c3,Jonavin Webb,The Spyder,5.1,170.0,Orthodox,9,2,0,0,3.0,900.0,0.5,30.0,2.5,1.0,309.5,0.34,0.3,0.52,0.7,0.23,0.55,0.7,1.0,Welterweight,Male,1.0,0.0,0.0,1.0,Wrestler,11,0.8181818181818182
b9c03e7a4557e542,Royston Wee,No Nickname,5.7,135.0,Orthodox,4,1,0,0,2.67,799.67,0.0,17.67,2.0,0.0,356.33,0.54,0.41,0.67,0.61,0.33,0.48,0.37,0.0,Bantamweight,Male,1.0,0.0,0.0,1.0,Striker,5,0.8
326a001926ffb7ec,Darian Weeks,No Nickname,5.11,170.0,Orthodox,5,3,0,0,3.0,900.0,0.0,60.33,1.67,0.0,129.0,0.47,0.35,0.7,0.77,0.46,0.81,0.25,0.0,Welterweight,Male,1.0,0.0,0.0,1.0,Striker,8,0.625
3a8176e15b9887c1,Chris Weidman,The All-American,6.2,185.0,Orthodox,16,8,0,0,2.4,604.7,0.2,38.85,1.2,0.2,108.9,0.46,0.36,0.59,0.57,0.36,0.55,0.47,0.2,Middleweight,Male,3.0,0.64,0.09,0.27,Hybrid,24,0.6666666666666666
9ccdd2ce45903f34,Mark Weir,The Wizard,6.2,185.0,Southpaw,21,18,1,0,1.33,278.33,0.67,8.33,0.0,1.0,54.0,0.76,0.43,0.33,0.0,0.67,0.33,0.46,1.0,Middleweight,Male,0.0,1.0,0.0,0.0,Wrestler,40,0.525
2e45d08b3f2f02c8,Malcolm Wellmaker,The Machine,5.1,135.0,Switch,10,1,0,0,1.67,392.0,0.67,38.67,1.0,0.0,29.33,0.55,0.38,0.94,0.78,0.55,0.57,0.0,0.0,Bantamweight,Male,1.0,0.67,0.0,0.33,Striker,11,0.9090909090909091
d66a46de8d705353,Jeremiah Wells,No Nickname,5.9,170.0,Switch,13,4,1,0,2.29,587.43,0.0,19.71,1.57,0.86,205.29,0.53,0.39,0.77,0.53,0.39,0.38,0.46,0.86,Welterweight,Male,2.0,0.0,0.5,0.5,Wrestler,18,0.7222222222222222
492b202d2064e7a9,Fabricio Werdum,Vai Cavalo,6.4,231.0,Orthodox,24,9,1,0,2.44,644.67,0.28,43.11,0.89,0.28,110.56,0.53,0.44,0.67,0.86,0.47,0.6,0.56,0.28,Heavyweight,Male,4.0,0.5,0.17,0.33,Striker,34,0.7058823529411765
ec2d13a87d3d9541,Sheldon Westcott,No Nickname,6.1,170.0,Southpaw,10,3,1,0,2.0,557.67,0.0,41.0,2.33,0.0,330.67,0.49,0.46,0.4,0.5,0.25,0.44,0.41,0.0,Welterweight,Male,0.0,1.0,0.0,0.0,Striker,14,0.7142857142857143
c17041f1bb5768d8,Alex White,The Spartan,6.0,155.0,Southpaw,13,6,0,0,2.5,688.1,0.1,35.0,0.7,0.5,77.8,0.38,0.3,0.6,0.64,0.34,0.53,0.12,0.5,Lightweight,Male,3.0,0.0,0.0,1.0,Hybrid,19,0.6842105263157895
1dafccb62a0f98ec,Robert Whiteford,The Hammer,5.9,145.0,Southpaw,14,4,0,0,2.4,664.2,0.2,22.4,0.4,0.6,38.8,0.46,0.38,0.59,0.95,0.42,0.69,0.52,0.6,Featherweight,Male,1.0,0.5,0.0,0.5,Striker,18,0.7777777777777778
b3d21b2610dcfaeb,Emily Whitmire,Spitfire,5.5,125.0,Orthodox,4,5,0,0,1.5,315.5,0.0,15.67,0.33,0.5,71.5,0.43,0.32,0.4,0.8,0.4,0.42,0.36,0.5,Women's Strawweight,Female,0.0,0.0,1.0,0.0,Hybrid,9,0.4444444444444444
e1147d3d2dabe1ce,Robert Whittaker,The Reaper,6.0,185.0,Orthodox,27,9,0,0,2.92,816.88,0.5,57.21,0.96,0.08,97.92,0.45,0.37,0.65,0.74,0.4,0.51,0.49,0.08,Middleweight,Male,10.0,0.35,0.06,0.59,Striker,36,0.75
efa1f6b42c86793c,Adam Wieczorek,Siwy,6.5,250.0,Orthodox,10,2,0,0,2.67,739.67,0.0,23.0,2.33,0.0,411.67,0.51,0.36,0.48,0.57,0.4,0.89,0.66,0.0,Heavyweight,Male,1.0,0.0,0.0,1.0,Striker,12,0.8333333333333334
a6c2f5381d575920,Orlando Wiet,The Gladiator,5.1,170.0,Southpaw,1,5,0,0,1.0,129.5,0.0,4.5,0.0,0.0,229.754,0.58,0.32,0.5,0.5,0.42,0.0,0.39,0.0,Open Weight,Male,0.0,1.0,0.0,0.0,Hybrid,6,0.16666666666666666
60884f31ead1609c,Jonathan Wiezorek,No Nickname,6.3,250.0,Southpaw,11,2,0,0,1.0,280.0,0.0,10.0,1.0,0.0,112.0,1.0,1.0,0.0,0.0,0.0,1.0,1.0,0.0,Heavyweight,Male,0.0,1.0,0.0,0.0,Striker,13,0.8461538461538461
cfaf010d5b389c09,Mike Wilkinson,The Warrior,5.7,145.0,Orthodox,9,4,0,0,2.0,490.75,0.25,29.5,1.25,0.0,190.25,0.71,0.64,0.48,0.48,0.68,0.45,0.41,0.0,Featherweight,Male,1.0,0.0,0.0,1.0,Striker,13,0.6923076923076923
826475cc758e60e6,Rob Wilkinson,Razor,6.3,185.0,Orthodox,11,2,0,0,2.0,503.5,0.5,38.0,1.0,0.0,68.5,0.6,0.5,0.84,0.78,0.56,0.74,0.0,0.0,Middleweight,Male,0.0,1.0,0.0,0.0,Striker,13,0.8461538461538461
852454c572675334,James Wilks,Lightning,6.1,170.0,Orthodox,7,4,0,0,2.5,710.25,0.0,24.25,1.75,3.0,363.75,0.49,0.42,0.67,0.87,0.4,0.73,0.48,3.0,Welterweight,Male,2.0,0.0,0.33,0.67,Wrestler,11,0.6363636363636364
b63e800c18e011b5,Tedd Williams,No Nickname,6.1,275.0,Orthodox,7,1,0,0,2.0,551.5,0.5,17.0,0.5,0.0,238.0,0.66,0.56,0.8,0.0,0.44,0.78,0.44,0.0,Heavyweight,Male,0.0,1.0,0.0,0.0,Striker,8,0.875
6291ac0a3726732f,Pete Williams,El Duro,6.3,235.0,Orthodox,12,6,0,0,2.0,474.75,0.25,8.88,0.38,0.75,105.5,0.42,0.33,0.53,0.42,0.31,0.38,0.55,0.75,Heavyweight,Male,0.0,0.67,0.33,0.0,Hybrid,18,0.6666666666666666
39330403ad27c2bb,Patrick Williams,The Animal,5.8,135.0,Orthodox,8,6,0,0,2.0,415.5,0.5,27.75,0.75,0.0,26.5,0.42,0.28,0.5,0.65,0.41,0.47,0.08,0.0,Bantamweight,Male,0.0,1.0,0.0,0.0,Hybrid,14,0.5714285714285714
e26bd53b751d61d9,Jordan Williams,Bomaye,6.1,185.0,Southpaw,9,6,0,0,1.67,458.67,0.0,34.33,0.67,1.33,114.0,0.47,0.39,0.98,0.94,0.46,0.64,0.19,1.33,Welterweight,Male,1.0,0.0,0.0,1.0,Wrestler,15,0.6
f9a20a17d712ef7c,Cole Williams,Havoc,6.0,170.0,Orthodox,11,3,0,0,1.5,292.0,0.0,11.0,1.0,0.5,189.5,0.48,0.5,0.5,0.5,0.45,0.0,0.34,0.5,Welterweight,Male,0.0,0.0,1.0,0.0,Hybrid,14,0.7857142857142857
2558ae2e5671e318,Khaos Williams,The OxFighter,6.0,170.0,Orthodox,15,5,0,0,2.3,590.7,0.2,51.5,0.8,0.5,106.9,0.49,0.32,0.44,0.72,0.47,0.31,0.23,0.5,Welterweight,Male,3.0,0.25,0.0,0.75,Hybrid,20,0.75
d35f734c56a89103,Karl Williams,No Nickname,6.3,235.0,Orthodox,10,2,0,0,3.0,900.0,0.25,44.25,4.5,0.25,389.5,0.52,0.46,0.82,0.94,0.51,0.46,0.7,0.25,Heavyweight,Male,3.0,0.0,0.0,1.0,Striker,12,0.8333333333333334
ce1e867808ef5fce,Justin Willis,Big Pretty,6.1,264.0,Southpaw,8,2,0,0,2.6,750.6,0.4,31.0,0.2,0.0,44.4,0.41,0.33,0.67,0.35,0.41,0.36,0.37,0.0,Heavyweight,Male,1.0,0.5,0.0,0.5,Hybrid,10,0.8
a56607a451e4c70d,Chris Wilson,The Professor,6.1,170.0,Orthodox,18,10,0,0,3.0,858.75,0.75,33.25,1.25,1.5,205.0,0.49,0.4,0.63,0.73,0.4,0.66,0.4,1.5,Welterweight,Male,1.0,0.0,0.0,1.0,Wrestler,28,0.6428571428571429
cd01f0b768a32475,Jonathan Wilson,Johnny Bravo,6.2,205.0,Southpaw,7,3,0,0,2.25,600.25,0.0,46.75,0.0,0.0,30.25,0.3,0.24,0.53,0.72,0.24,0.28,0.22,0.0,Light Heavyweight,Male,1.0,0.5,0.0,0.5,Hybrid,10,0.7
7b3503352cd53abb,Westin Wilson,No Nickname,6.1,145.0,Southpaw,17,10,0,0,1.0,143.0,0.25,8.25,0.25,0.5,15.25,0.42,0.27,0.5,0.5,0.43,0.5,0.08,0.5,Featherweight,Male,0.0,1.0,0.0,0.0,Hybrid,27,0.6296296296296297
eb29176b03dfa888,Matt Wiman,No Nickname,5.1,155.0,Orthodox,16,10,0,0,2.22,585.83,0.06,31.67,1.5,0.78,198.78,0.53,0.43,0.68,0.61,0.38,0.47,0.6,0.78,Lightweight,Male,4.0,0.44,0.11,0.44,Wrestler,26,0.6153846153846154
fc9a9559a05f2704,Eddie Wineland,No Nickname,5.7,135.0,Orthodox,24,16,1,0,2.12,566.25,0.62,36.5,0.19,0.0,27.12,0.38,0.31,0.6,0.76,0.36,0.44,0.37,0.0,Bantamweight,Male,2.0,0.8,0.0,0.2,Hybrid,41,0.5853658536585366
483a953b18d73bb3,Deron Winn,No Nickname,5.6,185.0,Orthodox,7,3,0,0,2.8,799.6,0.0,66.2,2.8,0.0,137.8,0.44,0.38,0.77,0.8,0.41,0.71,0.17,0.0,Catch Weight,Male,3.0,0.0,0.0,1.0,Striker,10,0.7
b45d6b73f4ca4467,Andre Winner,No Nickname,5.11,155.0,Orthodox,21,11,2,0,2.33,669.83,0.33,28.67,1.17,0.17,202.83,0.41,0.3,0.59,0.71,0.31,0.69,0.44,0.17,Lightweight,Male,2.0,0.33,0.0,0.67,Striker,34,0.6176470588235294
cd12227edd3f134b,Keith Wisniewski,The Polish Connection,6.0,170.0,Orthodox,28,15,1,0,2.75,825.0,0.5,48.0,1.25,0.0,246.25,0.53,0.37,0.84,0.7,0.42,0.68,0.41,0.0,Welterweight,Male,2.0,0.0,0.0,1.0,Striker,44,0.6363636363636364
5f3805dda9661cba,Jason Witt,The Vanilla Gorilla,5.1,170.0,Orthodox,19,9,0,0,1.67,326.17,0.33,11.33,0.0,0.0,8.17,0.46,0.41,0.08,0.38,0.44,0.28,0.29,0.0,Welterweight,Male,0.0,1.0,0.0,0.0,Hybrid,28,0.6785714285714286
12f91bfa8f1f723b,Joanne Wood,JoJo,5.6,125.0,Orthodox,17,8,0,0,2.29,660.24,0.18,70.24,1.12,0.65,134.35,0.52,0.42,0.61,0.75,0.47,0.65,0.6,0.65,Women's Flyweight,Female,7.0,0.0,0.42,0.58,Striker,25,0.68
329e403448756217,Nathaniel Wood,The Prospect,5.6,145.0,Orthodox,22,6,0,0,2.85,805.54,0.38,75.38,1.31,0.38,133.62,0.53,0.44,0.65,0.77,0.5,0.66,0.58,0.38,Featherweight,Male,8.0,0.0,0.2,0.8,Striker,28,0.7857142857142857
effd9de9937996f8,Tyron Woodley,The Chosen One,5.9,170.0,Orthodox,19,7,1,0,3.0,825.06,0.38,42.12,0.44,0.38,175.62,0.52,0.38,0.76,0.69,0.37,0.78,0.38,0.38,Welterweight,Male,5.0,0.22,0.22,0.56,Striker,27,0.7037037037037037
4682bc59d5f55145,Sean Woodson,The Sniper,6.2,145.0,Orthodox,13,2,1,0,2.6,740.4,0.2,61.0,0.8,0.5,100.5,0.44,0.35,0.58,0.82,0.42,0.62,0.2,0.5,Featherweight,Male,2.0,0.4,0.2,0.4,Striker,16,0.8125
de3ed2e152520c8d,Cal Worsham,No Nickname,5.11,230.0,Orthodox,13,10,0,0,1.0,142.33,0.0,7.67,0.33,0.0,171.72,0.6,0.66,0.67,0.11,0.35,0.4,0.67,0.0,Open Weight,Male,0.0,1.0,0.0,0.0,Striker,23,0.5652173913043478
78e501478a36a018,Khama Worthy,The Death Star,5.11,155.0,Orthodox,16,9,0,0,1.4,266.8,0.2,16.6,0.6,0.6,51.6,0.43,0.31,0.58,0.64,0.43,0.2,0.26,0.6,Lightweight,Male,0.0,1.0,0.0,0.0,Hybrid,25,0.64
c878270af633eb11,Jordan Wright,The Beverly Hills Ninja,6.2,205.0,Orthodox,12,5,0,0,1.57,301.29,0.29,29.0,0.0,0.14,96.43,0.72,0.66,0.82,0.43,0.48,0.85,0.44,0.14,Middleweight,Male,1.0,0.6,0.2,0.2,Striker,17,0.7058823529411765
fdbefee0827e1567,Wu Yanan,Mulan,5.8,135.0,Orthodox,13,6,0,0,2.5,730.67,0.0,56.33,1.33,0.5,183.33,0.46,0.4,0.61,0.56,0.38,0.84,0.5,0.5,Women's Flyweight,Female,3.0,0.2,0.2,0.6,Striker,19,0.6842105263157895
2296125b6c362355,Wulijiburen,Beast Master,5.9,135.0,Orthodox,20,9,0,0,2.67,797.67,0.33,34.67,1.0,0.0,250.33,0.43,0.38,0.52,0.6,0.33,0.83,0.8,0.0,Bantamweight,Male,2.0,0.0,0.0,1.0,Striker,29,0.6896551724137931
86bace9e4ad85542,Xiao Long,No Nickname,5.8,135.0,Orthodox,27,10,0,0,3.0,829.33,0.33,76.33,0.67,0.0,47.0,0.56,0.5,0.73,0.67,0.5,0.65,0.22,0.0,Bantamweight,Male,2.0,0.33,0.0,0.67,Striker,37,0.7297297297297297
85248da6e9e2f7e7,Jamie Yager,The Chosyn 1,6.1,185.0,Orthodox,8,4,0,0,2.0,565.0,0.0,24.0,1.0,0.0,118.0,0.36,0.35,0.5,0.67,0.24,1.0,0.73,0.0,Middleweight,Male,0.0,1.0,0.0,0.0,Hybrid,12,0.6666666666666666
94527830000ab715,Rani Yahya,No Nickname,5.6,135.0,Orthodox,28,12,1,0,2.43,659.43,0.24,23.43,1.95,0.81,272.14,0.49,0.31,0.73,0.75,0.4,0.3,0.46,0.81,Bantamweight,Male,8.0,0.13,0.33,0.53,Wrestler,41,0.6829268292682927
3753714927f18437,Mohammad Yahya,The UAE Warrior,5.9,145.0,Switch,12,6,0,0,2.0,595.0,2.33,63.33,1.33,0.0,160.67,0.57,0.5,0.79,0.95,0.55,0.56,0.73,0.0,Featherweight,Male,1.0,0.67,0.0,0.33,Striker,18,0.6666666666666666
95aff2fd8d09a5f0,Abdul Rakhman Yakhyaev,Hunter,6.2,205.0,Orthodox,8,0,0,0,1.0,33.0,1.0,6.0,1.0,1.0,24.0,0.6,0.6,0.0,0.0,0.75,0.0,0.5,1.0,Light Heavyweight,Male,0.0,0.0,1.0,0.0,Hybrid,8,1.0
d06f8869449ba7bd,Alexander Yakovlev,Russian Thunder,6.3,155.0,Southpaw,24,10,1,0,2.33,661.22,0.0,18.89,0.67,0.11,81.78,0.54,0.3,0.57,0.89,0.49,0.58,0.15,0.11,Lightweight,Male,1.0,0.0,0.5,0.5,Hybrid,35,0.6857142857142857
9f488f520ed25bbf,Kenichi Yamamoto,No Nickname,6.0,170.0,Orthodox,5,12,2,0,2.33,624.33,0.0,8.0,0.0,0.33,285.67,0.48,0.17,1.0,0.17,0.28,0.67,0.27,0.33,Open Weight,Male,1.0,0.5,0.0,0.5,Hybrid,19,0.2631578947368421
4834ff149dc9542a,Norifumi Yamamoto,Kid,5.4,135.0,Southpaw,18,6,0,0,2.25,631.5,0.25,21.5,3.0,0.75,144.25,0.51,0.42,0.7,0.91,0.4,0.82,0.5,0.75,Bantamweight,Male,2.0,0.0,0.33,0.67,Striker,24,0.75
c41d426cc7326d1b,Yan Xiaonan,No Nickname,5.5,115.0,Orthodox,19,5,0,0,3.08,901.38,0.08,54.0,1.38,0.46,224.15,0.44,0.38,0.57,0.62,0.39,0.43,0.46,0.46,Women's Strawweight,Female,4.0,0.2,0.0,0.8,Striker,24,0.7916666666666666
d661ce4da776fc20,Petr Yan,No Mercy,5.7,135.0,Switch,20,5,0,1,3.62,1057.75,0.38,91.56,1.44,0.19,145.88,0.47,0.4,0.71,0.82,0.43,0.8,0.53,0.19,Bantamweight,Male,7.0,0.2,0.0,0.7,Striker,25,0.8
0a95c474e61a6c44,Adam Yandiev,Boroda,5.9,185.0,Orthodox,9,1,0,0,2.0,342.0,0.0,35.0,3.0,2.0,214.0,0.63,0.63,0.5,1.0,0.2,1.0,0.79,2.0,Middleweight,Male,0.0,0.0,1.0,0.0,Wrestler,10,0.9
0232cabbc30a2372,Adrian Yanez,No Nickname,5.7,135.0,Orthodox,17,6,0,0,1.89,449.22,0.67,46.89,0.22,0.0,28.44,0.45,0.4,0.62,0.71,0.44,0.33,0.36,0.0,Bantamweight,Male,1.0,0.83,0.0,0.17,Hybrid,23,0.7391304347826086
aed06011bf62237b,Dongi Yang,The Ox,5.1,185.0,Southpaw,13,3,0,0,2.6,739.4,0.2,32.6,1.4,0.0,63.6,0.4,0.35,0.66,0.73,0.39,0.8,0.53,0.0,Middleweight,Male,0.0,1.0,0.0,0.0,Striker,16,0.8125
3f11fd1751fa83b1,Yizha,No Nickname,5.7,145.0,Orthodox,26,5,0,0,2.33,612.33,1.0,37.67,2.33,0.0,300.0,0.6,0.53,0.54,0.98,0.55,0.89,0.76,0.0,Featherweight,Male,1.0,0.5,0.0,0.5,Striker,31,0.8387096774193549
b4c6c904a9ffc5e8,Ashley Yoder,SpiderMonkey,5.7,115.0,Southpaw,8,9,0,0,3.0,900.0,0.0,55.55,1.36,0.64,258.91,0.47,0.39,0.71,0.71,0.42,0.56,0.47,0.64,Women's Strawweight,Female,6.0,0.0,0.0,1.0,Striker,17,0.47058823529411764
ab8900ae1f1dfd4c,Yoshiyuki Yoshida,Zenko,5.11,170.0,Southpaw,18,9,0,0,1.4,255.2,0.0,14.0,0.8,0.8,109.0,0.42,0.24,0.5,0.29,0.19,0.5,0.2,0.8,Welterweight,Male,1.0,0.0,0.67,0.33,Wrestler,27,0.6666666666666666
a474aade8eb3a8f0,SuYoung You,Yoo-Jitsu,5.6,135.0,Orthodox,16,3,0,0,3.0,900.0,0.0,31.67,2.0,0.33,170.33,0.33,0.25,0.61,0.72,0.31,0.24,0.0,0.33,Bantamweight,Male,1.0,0.0,0.0,1.0,Hybrid,19,0.8421052631578947
f59e9e49ef85b469,Jason Young,Shotgun,5.9,145.0,Orthodox,9,6,0,0,2.5,680.75,0.25,35.0,1.5,0.0,153.5,0.38,0.29,0.85,0.58,0.26,0.57,0.77,0.0,Featherweight,Male,1.0,0.5,0.0,0.5,Striker,15,0.6
4cd8b03aee1d0138,Shane Young,Smokin',5.8,145.0,Orthodox,13,8,0,0,2.29,616.43,0.29,55.14,0.71,0.14,36.86,0.43,0.32,0.68,0.68,0.42,0.52,0.33,0.14,Featherweight,Male,3.0,0.2,0.2,0.6,Hybrid,21,0.6190476190476191
94426bb170c88115,Sodiq Yusuff,Super,5.9,155.0,Orthodox,13,5,0,0,2.4,650.7,0.4,50.1,0.7,0.2,96.9,0.54,0.41,0.78,0.77,0.5,0.74,0.23,0.2,Featherweight,Male,4.0,0.17,0.17,0.67,Striker,18,0.7222222222222222
2284092f8b63273b,Luke Zachrich,No Nickname,6.2,185.0,Orthodox,14,4,0,0,1.67,403.67,0.0,31.33,0.67,0.33,17.0,0.36,0.27,0.58,0.86,0.36,0.24,0.33,0.33,Middleweight,Male,1.0,0.0,0.5,0.5,Hybrid,18,0.7777777777777778
24656ef4d605c96f,Aiemann Zahabi,No Nickname,5.8,135.0,Orthodox,14,2,0,0,2.6,726.7,0.6,52.1,0.3,0.0,8.0,0.48,0.43,0.54,0.54,0.48,0.3,0.43,0.0,Bantamweight,Male,5.0,0.38,0.0,0.62,Hybrid,16,0.875
52c2ae6d2f2d2613,Youssef Zalal,The Moroccan Devil,5.1,145.0,Switch,18,5,1,0,2.5,691.58,0.08,25.08,1.67,0.92,205.92,0.43,0.36,0.57,0.45,0.39,0.27,0.26,0.92,Featherweight,Male,2.0,0.0,0.33,0.67,Wrestler,24,0.75
8adcbd525fab8d9b,Elizeu Zaleski dos Santos,Capoeira,5.11,170.0,Orthodox,25,10,1,0,2.5,695.67,0.11,45.28,1.22,0.22,149.11,0.43,0.32,0.62,0.78,0.42,0.62,0.53,0.22,Welterweight,Male,5.0,0.4,0.1,0.5,Striker,36,0.6944444444444444
3bb2dc8e87b10a46,David Zawada,Sagat,6.0,170.0,Orthodox,17,7,0,0,2.6,743.4,0.2,49.8,1.6,1.0,125.4,0.45,0.36,0.69,0.93,0.41,0.55,0.4,1.0,Welterweight,Male,1.0,0.0,0.0,1.0,Wrestler,24,0.7083333333333334
be4076c9e8d791e3,Joao Zeferino,The Brazilian Samurai,5.11,170.0,Orthodox,21,9,0,0,3.0,900.0,0.0,31.5,0.5,1.0,151.5,0.46,0.4,0.54,0.42,0.42,0.4,0.34,1.0,Welterweight,Male,1.0,0.0,0.0,1.0,Wrestler,30,0.7
4148802ae4a50768,Daniel Zellhuber,Golden Boy,6.1,155.0,Switch,15,3,0,0,2.83,834.33,0.0,77.83,0.0,0.17,6.0,0.4,0.3,0.59,0.89,0.4,0.74,0.17,0.17,Lightweight,Male,2.0,0.0,0.33,0.67,Hybrid,18,0.8333333333333334
c23e3d4875340d8d,Zhang Tiequan,The Wolf,5.8,155.0,Orthodox,15,4,0,0,2.25,545.0,0.5,20.5,0.5,1.5,359.5,0.49,0.47,0.36,0.25,0.38,0.25,0.36,1.5,Featherweight,Male,2.0,0.25,0.25,0.5,Wrestler,19,0.7894736842105263
7b310409440c9102,Zhang Lipeng,The Warrior,5.11,155.0,Southpaw,23,9,1,0,3.0,900.0,0.0,29.25,2.25,0.5,459.5,0.49,0.37,0.49,0.84,0.36,0.76,0.62,0.5,Lightweight,Male,3.0,0.0,0.0,1.0,Wrestler,33,0.696969696969697
1ebe20ebbfa15e29,Zhang Weili,Magnum,5.4,115.0,Switch,26,4,0,0,3.31,919.54,0.23,61.15,1.85,0.46,244.23,0.49,0.43,0.6,0.61,0.38,0.74,0.5,0.46,Women's Strawweight,Female,4.0,0.29,0.14,0.57,Striker,30,0.8666666666666667
8a65fd9ba31fd3f7,Zhang Mingyang,Mountain Tiger,6.2,205.0,Orthodox,19,7,0,0,1.25,236.5,0.5,16.0,0.0,0.0,26.0,0.5,0.43,0.64,0.62,0.5,0.17,0.44,0.0,Light Heavyweight,Male,0.0,1.0,0.0,0.0,Hybrid,26,0.7307692307692307
07047eb7d17fb0a2,Daria Zhelezniakova,Iron Lady,5.9,135.0,Orthodox,10,2,0,0,2.33,677.33,0.0,43.0,1.33,0.0,121.0,0.34,0.31,0.5,0.33,0.33,0.11,0.33,0.0,Women's Bantamweight,Female,1.0,0.0,0.0,1.0,Hybrid,12,0.8333333333333334
5ea918ea81b7dee2,Yao Zhikui,The Conqueror,5.5,125.0,Orthodox,2,4,0,0,2.5,686.0,0.5,32.25,1.25,0.25,155.5,0.55,0.44,0.48,0.68,0.5,0.54,0.53,0.25,Flyweight,Male,2.0,0.33,0.0,0.67,Striker,6,0.3333333333333333
55fa6ce3e522c8bb,Zhalgas Zhumagulov,No Nickname,5.4,125.0,Switch,14,9,0,0,2.43,694.86,0.0,63.14,0.86,0.14,66.29,0.45,0.29,0.65,0.85,0.44,0.51,0.21,0.14,Flyweight,Male,1.0,0.0,0.5,0.5,Hybrid,23,0.6086956521739131
1e4f273069fb9e85,Fares Ziam,The Smile Killer,6.1,155.0,Orthodox,18,4,0,0,2.7,780.9,0.1,28.0,2.3,0.1,241.4,0.47,0.26,0.6,0.82,0.46,0.55,0.17,0.1,Lightweight,Male,3.0,0.25,0.0,0.75,Striker,22,0.8181818181818182
3ecd936bd8814108,Cat Zingano,Alpha,5.6,145.0,Southpaw,10,4,0,0,2.43,604.43,0.0,21.71,2.29,1.14,307.29,0.46,0.41,0.76,0.39,0.3,0.52,0.52,1.14,Women's Bantamweight,Female,3.0,0.4,0.0,0.6,Wrestler,14,0.7142857142857143
